date,issue_time,forecast_hour,forecast_power
2025-1-1,0:00,1,0.0
2025-1-1,0:00,2,0.0
2025-1-1,0:00,3,0.0
2025-1-1,0:00,4,0.0
2025-1-1,0:00,5,0.0
2025-1-1,0:00,6,0.0
2025-1-1,0:00,7,3.1173
2025-1-1,0:00,8,1603.3305
2025-1-1,0:00,9,3409.0929
2025-1-1,0:00,10,4871.2875
2025-1-1,0:00,11,5785.111
2025-1-1,0:00,12,5737.1717
2025-1-1,0:00,13,6047.3964
2025-1-1,0:00,14,4687.1165
2025-1-1,0:00,15,3572.6529
2025-1-1,0:00,16,1629.9964
2025-1-1,0:00,17,3.1956
2025-1-1,0:00,18,0.0
2025-1-1,0:00,19,0.0
2025-1-1,0:00,20,0.0
2025-1-1,0:00,21,0.0
2025-1-1,0:00,22,0.0
2025-1-1,0:00,23,0.0
2025-1-1,0:00,24,0.0
2025-1-1,6:00,1,3.0919
2025-1-1,6:00,2,1588.7839
2025-1-1,6:00,3,3297.9893
2025-1-1,6:00,4,4692.2274
2025-1-1,6:00,5,5220.3894
2025-1-1,6:00,6,5078.6992
2025-1-1,6:00,7,5314.2003
2025-1-1,6:00,8,4833.7142
2025-1-1,6:00,9,3588.0375
2025-1-1,6:00,10,1660.0369
2025-1-1,6:00,11,3.0359
2025-1-1,6:00,12,0.0
2025-1-1,6:00,13,0.0
2025-1-1,6:00,14,0.0
2025-1-1,6:00,15,0.0
2025-1-1,6:00,16,0.0
2025-1-1,6:00,17,0.0
2025-1-1,6:00,18,0.0
2025-1-1,6:00,19,0.0
2025-1-1,6:00,20,0.0
2025-1-1,6:00,21,0.0
2025-1-1,6:00,22,0.0
2025-1-1,6:00,23,0.0
2025-1-1,6:00,24,0.0
2025-1-1,12:00,1,5330.4298
2025-1-1,12:00,2,4549.2579
2025-1-1,12:00,3,3365.5312
2025-1-1,12:00,4,1504.2156
2025-1-1,12:00,5,2.8622
2025-1-1,12:00,6,0.0
2025-1-1,12:00,7,0.0
2025-1-1,12:00,8,0.0
2025-1-1,12:00,9,0.0
2025-1-1,12:00,10,0.0
2025-1-1,12:00,11,0.0
2025-1-1,12:00,12,0.0
2025-1-1,12:00,13,0.0
2025-1-1,12:00,14,0.0
2025-1-1,12:00,15,0.0
2025-1-1,12:00,16,0.0
2025-1-1,12:00,17,0.0
2025-1-1,12:00,18,0.0
2025-1-1,12:00,19,6.8708
2025-1-1,12:00,20,1827.9739
2025-1-1,12:00,21,3207.1033
2025-1-1,12:00,22,4565.1144
2025-1-1,12:00,23,6040.8
2025-1-1,12:00,24,6339.1125
2025-1-1,18:00,1,0.0
2025-1-1,18:00,2,0.0
2025-1-1,18:00,3,0.0
2025-1-1,18:00,4,0.0
2025-1-1,18:00,5,0.0
2025-1-1,18:00,6,0.0
2025-1-1,18:00,7,0.0
2025-1-1,18:00,8,0.0
2025-1-1,18:00,9,0.0
2025-1-1,18:00,10,0.0
2025-1-1,18:00,11,0.0
2025-1-1,18:00,12,0.0
2025-1-1,18:00,13,5.5153
2025-1-1,18:00,14,1227.5446
2025-1-1,18:00,15,2350.4812
2025-1-1,18:00,16,3845.2786
2025-1-1,18:00,17,4815.3247
2025-1-1,18:00,18,4086.8116
2025-1-1,18:00,19,4228.7374
2025-1-1,18:00,20,3799.2978
2025-1-1,18:00,21,2472.4285
2025-1-1,18:00,22,1182.0118
2025-1-1,18:00,23,5.091
2025-1-1,18:00,24,0.0
2025-1-2,0:00,1,0.0
2025-1-2,0:00,2,0.0
2025-1-2,0:00,3,0.0
2025-1-2,0:00,4,0.0
2025-1-2,0:00,5,0.0
2025-1-2,0:00,6,0.0
2025-1-2,0:00,7,6.3604
2025-1-2,0:00,8,1424.7328
2025-1-2,0:00,9,2844.2052
2025-1-2,0:00,10,3600.2106
2025-1-2,0:00,11,4746.2786
2025-1-2,0:00,12,4915.505
2025-1-2,0:00,13,5251.6498
2025-1-2,0:00,14,4965.3525
2025-1-2,0:00,15,3588.0375
2025-1-2,0:00,16,1839.6
2025-1-2,0:00,17,8.0706
2025-1-2,0:00,18,0.0
2025-1-2,0:00,19,0.0
2025-1-2,0:00,20,0.0
2025-1-2,0:00,21,0.0
2025-1-2,0:00,22,0.0
2025-1-2,0:00,23,0.0
2025-1-2,0:00,24,0.0
2025-1-2,6:00,1,6.5122
2025-1-2,6:00,2,1453.1843
2025-1-2,6:00,3,3099.4257
2025-1-2,6:00,4,4269.3966
2025-1-2,6:00,5,5146.0167
2025-1-2,6:00,6,5556.849
2025-1-2,6:00,7,5946.4073
2025-1-2,6:00,8,5359.9875
2025-1-2,6:00,9,3342.8554
2025-1-2,6:00,10,1758.32
2025-1-2,6:00,11,6.5192
2025-1-2,6:00,12,0.0
2025-1-2,6:00,13,0.0
2025-1-2,6:00,14,0.0
2025-1-2,6:00,15,0.0
2025-1-2,6:00,16,0.0
2025-1-2,6:00,17,0.0
2025-1-2,6:00,18,0.0
2025-1-2,6:00,19,0.0
2025-1-2,6:00,20,0.0
2025-1-2,6:00,21,0.0
2025-1-2,6:00,22,0.0
2025-1-2,6:00,23,0.0
2025-1-2,6:00,24,0.0
2025-1-2,12:00,1,5392.7373
2025-1-2,12:00,2,4793.417
2025-1-2,12:00,3,3115.7896
2025-1-2,12:00,4,1653.8059
2025-1-2,12:00,5,6.4763
2025-1-2,12:00,6,0.0
2025-1-2,12:00,7,0.0
2025-1-2,12:00,8,0.0
2025-1-2,12:00,9,0.0
2025-1-2,12:00,10,0.0
2025-1-2,12:00,11,0.0
2025-1-2,12:00,12,0.0
2025-1-2,12:00,13,0.0
2025-1-2,12:00,14,0.0
2025-1-2,12:00,15,0.0
2025-1-2,12:00,16,0.0
2025-1-2,12:00,17,0.0
2025-1-2,12:00,18,0.0
2025-1-2,12:00,19,11.4514
2025-1-2,12:00,20,1377.1773
2025-1-2,12:00,21,3653.775
2025-1-2,12:00,22,4903.35
2025-1-2,12:00,23,5017.1291
2025-1-2,12:00,24,6339.1125
2025-1-2,18:00,1,0.0
2025-1-2,18:00,2,0.0
2025-1-2,18:00,3,0.0
2025-1-2,18:00,4,0.0
2025-1-2,18:00,5,0.0
2025-1-2,18:00,6,0.0
2025-1-2,18:00,7,0.0
2025-1-2,18:00,8,0.0
2025-1-2,18:00,9,0.0
2025-1-2,18:00,10,0.0
2025-1-2,18:00,11,0.0
2025-1-2,18:00,12,0.0
2025-1-2,18:00,13,9.5321
2025-1-2,18:00,14,1513.0067
2025-1-2,18:00,15,2860.0466
2025-1-2,18:00,16,3793.6223
2025-1-2,18:00,17,4445.8828
2025-1-2,18:00,18,4246.4353
2025-1-2,18:00,19,4365.3181
2025-1-2,18:00,20,4051.699
2025-1-2,18:00,21,2758.4743
2025-1-2,18:00,22,1424.3298
2025-1-2,18:00,23,11.2687
2025-1-2,18:00,24,0.0
2025-1-3,0:00,1,0.0
2025-1-3,0:00,2,0.0
2025-1-3,0:00,3,0.0
2025-1-3,0:00,4,0.0
2025-1-3,0:00,5,0.0
2025-1-3,0:00,6,0.0
2025-1-3,0:00,7,9.2912
2025-1-3,0:00,8,1514.0314
2025-1-3,0:00,9,3078.4182
2025-1-3,0:00,10,4510.5495
2025-1-3,0:00,11,5403.0295
2025-1-3,0:00,12,6228.0795
2025-1-3,0:00,13,5051.5846
2025-1-3,0:00,14,5134.1073
2025-1-3,0:00,15,3661.5375
2025-1-3,0:00,16,1457.3727
2025-1-3,0:00,17,10.9081
2025-1-3,0:00,18,0.0
2025-1-3,0:00,19,0.0
2025-1-3,0:00,20,0.0
2025-1-3,0:00,21,0.0
2025-1-3,0:00,22,0.0
2025-1-3,0:00,23,0.0
2025-1-3,0:00,24,0.0
2025-1-3,6:00,1,10.1517
2025-1-3,6:00,2,1543.8265
2025-1-3,6:00,3,3340.5575
2025-1-3,6:00,4,4903.35
2025-1-3,6:00,5,5614.4735
2025-1-3,6:00,6,6339.1125
2025-1-3,6:00,7,5537.59
2025-1-3,6:00,8,4719.9642
2025-1-3,6:00,9,3200.0998
2025-1-3,6:00,10,1337.2871
2025-1-3,6:00,11,10.2099
2025-1-3,6:00,12,0.0
2025-1-3,6:00,13,0.0
2025-1-3,6:00,14,0.0
2025-1-3,6:00,15,0.0
2025-1-3,6:00,16,0.0
2025-1-3,6:00,17,0.0
2025-1-3,6:00,18,0.0
2025-1-3,6:00,19,0.0
2025-1-3,6:00,20,0.0
2025-1-3,6:00,21,0.0
2025-1-3,6:00,22,0.0
2025-1-3,6:00,23,0.0
2025-1-3,6:00,24,0.0
2025-1-3,12:00,1,5352.8521
2025-1-3,12:00,2,4911.3123
2025-1-3,12:00,3,3255.4369
2025-1-3,12:00,4,1521.1799
2025-1-3,12:00,5,10.2119
2025-1-3,12:00,6,0.0
2025-1-3,12:00,7,0.0
2025-1-3,12:00,8,0.0
2025-1-3,12:00,9,0.0
2025-1-3,12:00,10,0.0
2025-1-3,12:00,11,0.0
2025-1-3,12:00,12,0.0
2025-1-3,12:00,13,0.0
2025-1-3,12:00,14,0.0
2025-1-3,12:00,15,0.0
2025-1-3,12:00,16,0.0
2025-1-3,12:00,17,0.0
2025-1-3,12:00,18,0.0
2025-1-3,12:00,19,9.7537
2025-1-3,12:00,20,1081.4534
2025-1-3,12:00,21,2125.6273
2025-1-3,12:00,22,3000.3625
2025-1-3,12:00,23,3974.1294
2025-1-3,12:00,24,5987.1209
2025-1-3,18:00,1,0.0
2025-1-3,18:00,2,0.0
2025-1-3,18:00,3,0.0
2025-1-3,18:00,4,0.0
2025-1-3,18:00,5,0.0
2025-1-3,18:00,6,0.0
2025-1-3,18:00,7,0.0
2025-1-3,18:00,8,0.0
2025-1-3,18:00,9,0.0
2025-1-3,18:00,10,0.0
2025-1-3,18:00,11,0.0
2025-1-3,18:00,12,0.0
2025-1-3,18:00,13,12.7298
2025-1-3,18:00,14,1213.2499
2025-1-3,18:00,15,2507.0925
2025-1-3,18:00,16,3502.5119
2025-1-3,18:00,17,5074.2101
2025-1-3,18:00,18,6321.2807
2025-1-3,18:00,19,4741.4501
2025-1-3,18:00,20,3809.1464
2025-1-3,18:00,21,3157.01
2025-1-3,18:00,22,1275.4294
2025-1-3,18:00,23,10.5949
2025-1-3,18:00,24,0.0
2025-1-4,0:00,1,0.0
2025-1-4,0:00,2,0.0
2025-1-4,0:00,3,0.0
2025-1-4,0:00,4,0.0
2025-1-4,0:00,5,0.0
2025-1-4,0:00,6,0.0
2025-1-4,0:00,7,16.3286
2025-1-4,0:00,8,1721.9148
2025-1-4,0:00,9,3653.775
2025-1-4,0:00,10,4903.35
2025-1-4,0:00,11,6040.8
2025-1-4,0:00,12,6339.1125
2025-1-4,0:00,13,6134.9039
2025-1-4,0:00,14,4720.5012
2025-1-4,0:00,15,2820.1758
2025-1-4,0:00,16,1364.0018
2025-1-4,0:00,17,11.6166
2025-1-4,0:00,18,0.0
2025-1-4,0:00,19,0.0
2025-1-4,0:00,20,0.0
2025-1-4,0:00,21,0.0
2025-1-4,0:00,22,0.0
2025-1-4,0:00,23,0.0
2025-1-4,0:00,24,0.0
2025-1-4,6:00,1,15.1787
2025-1-4,6:00,2,1546.9471
2025-1-4,6:00,3,3178.9721
2025-1-4,6:00,4,4226.7413
2025-1-4,6:00,5,5399.7799
2025-1-4,6:00,6,6339.1125
2025-1-4,6:00,7,5886.5064
2025-1-4,6:00,8,5024.0453
2025-1-4,6:00,9,3643.9998
2025-1-4,6:00,10,1620.9771
2025-1-4,6:00,11,13.7697
2025-1-4,6:00,12,0.0
2025-1-4,6:00,13,0.0
2025-1-4,6:00,14,0.0
2025-1-4,6:00,15,0.0
2025-1-4,6:00,16,0.0
2025-1-4,6:00,17,0.0
2025-1-4,6:00,18,0.0
2025-1-4,6:00,19,0.0
2025-1-4,6:00,20,0.0
2025-1-4,6:00,21,0.0
2025-1-4,6:00,22,0.0
2025-1-4,6:00,23,0.0
2025-1-4,6:00,24,0.0
2025-1-4,12:00,1,5586.926
2025-1-4,12:00,2,4966.0167
2025-1-4,12:00,3,3376.2331
2025-1-4,12:00,4,1555.6215
2025-1-4,12:00,5,14.1685
2025-1-4,12:00,6,0.0
2025-1-4,12:00,7,0.0
2025-1-4,12:00,8,0.0
2025-1-4,12:00,9,0.0
2025-1-4,12:00,10,0.0
2025-1-4,12:00,11,0.0
2025-1-4,12:00,12,0.0
2025-1-4,12:00,13,0.0
2025-1-4,12:00,14,0.0
2025-1-4,12:00,15,0.0
2025-1-4,12:00,16,0.0
2025-1-4,12:00,17,0.0
2025-1-4,12:00,18,0.0
2025-1-4,12:00,19,17.3473
2025-1-4,12:00,20,1545.2699
2025-1-4,12:00,21,3653.775
2025-1-4,12:00,22,4953.1875
2025-1-4,12:00,23,6040.8
2025-1-4,12:00,24,6597.6375
2025-1-4,18:00,1,0.0
2025-1-4,18:00,2,0.0
2025-1-4,18:00,3,0.0
2025-1-4,18:00,4,0.0
2025-1-4,18:00,5,0.0
2025-1-4,18:00,6,0.0
2025-1-4,18:00,7,0.0
2025-1-4,18:00,8,0.0
2025-1-4,18:00,9,0.0
2025-1-4,18:00,10,0.0
2025-1-4,18:00,11,0.0
2025-1-4,18:00,12,0.0
2025-1-4,18:00,13,14.0462
2025-1-4,18:00,14,1311.1882
2025-1-4,18:00,15,3094.4689
2025-1-4,18:00,16,3989.2148
2025-1-4,18:00,17,4335.2225
2025-1-4,18:00,18,5714.2002
2025-1-4,18:00,19,6200.025
2025-1-4,18:00,20,5359.9875
2025-1-4,18:00,21,3661.5375
2025-1-4,18:00,22,1880.0625
2025-1-4,18:00,23,26.6886
2025-1-4,18:00,24,0.0
2025-1-5,0:00,1,0.0
2025-1-5,0:00,2,0.0
2025-1-5,0:00,3,0.0
2025-1-5,0:00,4,0.0
2025-1-5,0:00,5,0.0
2025-1-5,0:00,6,0.0
2025-1-5,0:00,7,16.9052
2025-1-5,0:00,8,1655.0272
2025-1-5,0:00,9,3653.775
2025-1-5,0:00,10,4866.0553
2025-1-5,0:00,11,5301.0764
2025-1-5,0:00,12,6381.155
2025-1-5,0:00,13,5495.4459
2025-1-5,0:00,14,4480.8732
2025-1-5,0:00,15,3644.3571
2025-1-5,0:00,16,1688.3847
2025-1-5,0:00,17,20.0313
2025-1-5,0:00,18,0.0
2025-1-5,0:00,19,0.0
2025-1-5,0:00,20,0.0
2025-1-5,0:00,21,0.0
2025-1-5,0:00,22,0.0
2025-1-5,0:00,23,0.0
2025-1-5,0:00,24,0.0
2025-1-5,6:00,1,16.1989
2025-1-5,6:00,2,1532.6257
2025-1-5,6:00,3,3344.4775
2025-1-5,6:00,4,4829.1293
2025-1-5,6:00,5,5337.5946
2025-1-5,6:00,6,6032.7656
2025-1-5,6:00,7,5494.4364
2025-1-5,6:00,8,4369.4286
2025-1-5,6:00,9,3435.7918
2025-1-5,6:00,10,1657.493
2025-1-5,6:00,11,19.8569
2025-1-5,6:00,12,0.0
2025-1-5,6:00,13,0.0
2025-1-5,6:00,14,0.0
2025-1-5,6:00,15,0.0
2025-1-5,6:00,16,0.0
2025-1-5,6:00,17,0.0
2025-1-5,6:00,18,0.0
2025-1-5,6:00,19,0.0
2025-1-5,6:00,20,0.0
2025-1-5,6:00,21,0.0
2025-1-5,6:00,22,0.0
2025-1-5,6:00,23,0.0
2025-1-5,6:00,24,0.0
2025-1-5,12:00,1,5891.6875
2025-1-5,12:00,2,4720.1907
2025-1-5,12:00,3,3258.0582
2025-1-5,12:00,4,1629.2517
2025-1-5,12:00,5,18.4124
2025-1-5,12:00,6,0.0
2025-1-5,12:00,7,0.0
2025-1-5,12:00,8,0.0
2025-1-5,12:00,9,0.0
2025-1-5,12:00,10,0.0
2025-1-5,12:00,11,0.0
2025-1-5,12:00,12,0.0
2025-1-5,12:00,13,0.0
2025-1-5,12:00,14,0.0
2025-1-5,12:00,15,0.0
2025-1-5,12:00,16,0.0
2025-1-5,12:00,17,0.0
2025-1-5,12:00,18,0.0
2025-1-5,12:00,19,22.7597
2025-1-5,12:00,20,1256.0138
2025-1-5,12:00,21,2753.4326
2025-1-5,12:00,22,4021.1688
2025-1-5,12:00,23,4188.6466
2025-1-5,12:00,24,4188.8436
2025-1-5,18:00,1,0.0
2025-1-5,18:00,2,0.0
2025-1-5,18:00,3,0.0
2025-1-5,18:00,4,0.0
2025-1-5,18:00,5,0.0
2025-1-5,18:00,6,0.0
2025-1-5,18:00,7,0.0
2025-1-5,18:00,8,0.0
2025-1-5,18:00,9,0.0
2025-1-5,18:00,10,0.0
2025-1-5,18:00,11,0.0
2025-1-5,18:00,12,0.0
2025-1-5,18:00,13,26.4791
2025-1-5,18:00,14,1534.6732
2025-1-5,18:00,15,2349.2057
2025-1-5,18:00,16,3173.248
2025-1-5,18:00,17,4014.5266
2025-1-5,18:00,18,4229.0182
2025-1-5,18:00,19,4546.5704
2025-1-5,18:00,20,4961.708
2025-1-5,18:00,21,3762.3
2025-1-5,18:00,22,1875.0063
2025-1-5,18:00,23,29.0992
2025-1-5,18:00,24,0.0
2025-1-6,0:00,1,0.0
2025-1-6,0:00,2,0.0
2025-1-6,0:00,3,0.0
2025-1-6,0:00,4,0.0
2025-1-6,0:00,5,0.0
2025-1-6,0:00,6,0.0
2025-1-6,0:00,7,23.6378
2025-1-6,0:00,8,1507.2524
2025-1-6,0:00,9,3097.9352
2025-1-6,0:00,10,4735.7858
2025-1-6,0:00,11,5352.1719
2025-1-6,0:00,12,5912.0824
2025-1-6,0:00,13,6055.461
2025-1-6,0:00,14,4977.9359
2025-1-6,0:00,15,3150.0692
2025-1-6,0:00,16,1349.6412
2025-1-6,0:00,17,19.9711
2025-1-6,0:00,18,0.0
2025-1-6,0:00,19,0.0
2025-1-6,0:00,20,0.0
2025-1-6,0:00,21,0.0
2025-1-6,0:00,22,0.0
2025-1-6,0:00,23,0.0
2025-1-6,0:00,24,0.0
2025-1-6,6:00,1,22.4689
2025-1-6,6:00,2,1480.905
2025-1-6,6:00,3,3021.0544
2025-1-6,6:00,4,4432.1021
2025-1-6,6:00,5,5097.5677
2025-1-6,6:00,6,6105.638
2025-1-6,6:00,7,6179.2848
2025-1-6,6:00,8,5239.0912
2025-1-6,6:00,9,3711.8414
2025-1-6,6:00,10,1880.0625
2025-1-6,6:00,11,28.526
2025-1-6,6:00,12,0.0
2025-1-6,6:00,13,0.0
2025-1-6,6:00,14,0.0
2025-1-6,6:00,15,0.0
2025-1-6,6:00,16,0.0
2025-1-6,6:00,17,0.0
2025-1-6,6:00,18,0.0
2025-1-6,6:00,19,0.0
2025-1-6,6:00,20,0.0
2025-1-6,6:00,21,0.0
2025-1-6,6:00,22,0.0
2025-1-6,6:00,23,0.0
2025-1-6,6:00,24,0.0
2025-1-6,12:00,1,5851.5526
2025-1-6,12:00,2,4745.5234
2025-1-6,12:00,3,3473.8785
2025-1-6,12:00,4,1755.1709
2025-1-6,12:00,5,25.8113
2025-1-6,12:00,6,0.0
2025-1-6,12:00,7,0.0
2025-1-6,12:00,8,0.0
2025-1-6,12:00,9,0.0
2025-1-6,12:00,10,0.0
2025-1-6,12:00,11,0.0
2025-1-6,12:00,12,0.0
2025-1-6,12:00,13,0.0
2025-1-6,12:00,14,0.0
2025-1-6,12:00,15,0.0
2025-1-6,12:00,16,0.0
2025-1-6,12:00,17,0.0
2025-1-6,12:00,18,0.0
2025-1-6,12:00,19,32.4748
2025-1-6,12:00,20,1646.0961
2025-1-6,12:00,21,3391.1305
2025-1-6,12:00,22,4758.6415
2025-1-6,12:00,23,5432.2387
2025-1-6,12:00,24,6448.0865
2025-1-6,18:00,1,0.0
2025-1-6,18:00,2,0.0
2025-1-6,18:00,3,0.0
2025-1-6,18:00,4,0.0
2025-1-6,18:00,5,0.0
2025-1-6,18:00,6,0.0
2025-1-6,18:00,7,0.0
2025-1-6,18:00,8,0.0
2025-1-6,18:00,9,0.0
2025-1-6,18:00,10,0.0
2025-1-6,18:00,11,0.0
2025-1-6,18:00,12,0.0
2025-1-6,18:00,13,25.7086
2025-1-6,18:00,14,1490.303
2025-1-6,18:00,15,3126.6517
2025-1-6,18:00,16,4347.5257
2025-1-6,18:00,17,4768.4479
2025-1-6,18:00,18,5673.1156
2025-1-6,18:00,19,4971.4967
2025-1-6,18:00,20,4835.2913
2025-1-6,18:00,21,3281.3181
2025-1-6,18:00,22,1813.806
2025-1-6,18:00,23,32.8982
2025-1-6,18:00,24,0.0
2025-1-7,0:00,1,0.0
2025-1-7,0:00,2,0.0
2025-1-7,0:00,3,0.0
2025-1-7,0:00,4,0.0
2025-1-7,0:00,5,0.0
2025-1-7,0:00,6,0.0
2025-1-7,0:00,7,31.1167
2025-1-7,0:00,8,1599.2177
2025-1-7,0:00,9,3358.1262
2025-1-7,0:00,10,4549.3673
2025-1-7,0:00,11,5538.1398
2025-1-7,0:00,12,5971.7466
2025-1-7,0:00,13,5971.2505
2025-1-7,0:00,14,5303.5818
2025-1-7,0:00,15,3762.3
2025-1-7,0:00,16,1871.1356
2025-1-7,0:00,17,34.2102
2025-1-7,0:00,18,0.0
2025-1-7,0:00,19,0.0
2025-1-7,0:00,20,0.0
2025-1-7,0:00,21,0.0
2025-1-7,0:00,22,0.0
2025-1-7,0:00,23,0.0
2025-1-7,0:00,24,0.0
2025-1-7,6:00,1,29.5637
2025-1-7,6:00,2,1601.7472
2025-1-7,6:00,3,3348.0117
2025-1-7,6:00,4,4459.8026
2025-1-7,6:00,5,5153.0523
2025-1-7,6:00,6,5445.5666
2025-1-7,6:00,7,4941.9505
2025-1-7,6:00,8,4264.1819
2025-1-7,6:00,9,3059.032
2025-1-7,6:00,10,1525.8494
2025-1-7,6:00,11,29.2442
2025-1-7,6:00,12,0.0
2025-1-7,6:00,13,0.0
2025-1-7,6:00,14,0.0
2025-1-7,6:00,15,0.0
2025-1-7,6:00,16,0.0
2025-1-7,6:00,17,0.0
2025-1-7,6:00,18,0.0
2025-1-7,6:00,19,0.0
2025-1-7,6:00,20,0.0
2025-1-7,6:00,21,0.0
2025-1-7,6:00,22,0.0
2025-1-7,6:00,23,0.0
2025-1-7,6:00,24,0.0
2025-1-7,12:00,1,4733.697
2025-1-7,12:00,2,4306.7372
2025-1-7,12:00,3,3108.2855
2025-1-7,12:00,4,1594.352
2025-1-7,12:00,5,32.1168
2025-1-7,12:00,6,0.0
2025-1-7,12:00,7,0.0
2025-1-7,12:00,8,0.0
2025-1-7,12:00,9,0.0
2025-1-7,12:00,10,0.0
2025-1-7,12:00,11,0.0
2025-1-7,12:00,12,0.0
2025-1-7,12:00,13,0.0
2025-1-7,12:00,14,0.0
2025-1-7,12:00,15,0.0
2025-1-7,12:00,16,0.0
2025-1-7,12:00,17,0.0
2025-1-7,12:00,18,0.0
2025-1-7,12:00,19,29.1841
2025-1-7,12:00,20,1524.309
2025-1-7,12:00,21,3034.1291
2025-1-7,12:00,22,4223.5034
2025-1-7,12:00,23,5408.6344
2025-1-7,12:00,24,4943.0332
2025-1-7,18:00,1,0.0
2025-1-7,18:00,2,0.0
2025-1-7,18:00,3,0.0
2025-1-7,18:00,4,0.0
2025-1-7,18:00,5,0.0
2025-1-7,18:00,6,0.0
2025-1-7,18:00,7,0.0
2025-1-7,18:00,8,0.0
2025-1-7,18:00,9,0.0
2025-1-7,18:00,10,0.0
2025-1-7,18:00,11,0.0
2025-1-7,18:00,12,0.0
2025-1-7,18:00,13,31.8767
2025-1-7,18:00,14,1678.8068
2025-1-7,18:00,15,3636.3975
2025-1-7,18:00,16,4616.8173
2025-1-7,18:00,17,5087.438
2025-1-7,18:00,18,6609.7929
2025-1-7,18:00,19,6218.8529
2025-1-7,18:00,20,5017.4554
2025-1-7,18:00,21,3486.9085
2025-1-7,18:00,22,1709.9588
2025-1-7,18:00,23,35.0726
2025-1-7,18:00,24,0.0
2025-1-8,0:00,1,0.0
2025-1-8,0:00,2,0.0
2025-1-8,0:00,3,0.0
2025-1-8,0:00,4,0.0
2025-1-8,0:00,5,0.0
2025-1-8,0:00,6,0.0
2025-1-8,0:00,7,32.1456
2025-1-8,0:00,8,1459.9498
2025-1-8,0:00,9,3291.4196
2025-1-8,0:00,10,4216.1628
2025-1-8,0:00,11,4826.1249
2025-1-8,0:00,12,4700.1515
2025-1-8,0:00,13,4891.3577
2025-1-8,0:00,14,3523.7726
2025-1-8,0:00,15,2209.3596
2025-1-8,0:00,16,1187.4846
2025-1-8,0:00,17,33.4412
2025-1-8,0:00,18,0.0
2025-1-8,0:00,19,0.0
2025-1-8,0:00,20,0.0
2025-1-8,0:00,21,0.0
2025-1-8,0:00,22,0.0
2025-1-8,0:00,23,0.0
2025-1-8,0:00,24,0.0
2025-1-8,6:00,1,33.4276
2025-1-8,6:00,2,1584.6514
2025-1-8,6:00,3,3373.0385
2025-1-8,6:00,4,4497.2957
2025-1-8,6:00,5,5507.4129
2025-1-8,6:00,6,6081.418
2025-1-8,6:00,7,6271.1618
2025-1-8,6:00,8,4905.0037
2025-1-8,6:00,9,3394.5513
2025-1-8,6:00,10,1612.8052
2025-1-8,6:00,11,42.1244
2025-1-8,6:00,12,0.0
2025-1-8,6:00,13,0.0
2025-1-8,6:00,14,0.0
2025-1-8,6:00,15,0.0
2025-1-8,6:00,16,0.0
2025-1-8,6:00,17,0.0
2025-1-8,6:00,18,0.0
2025-1-8,6:00,19,0.0
2025-1-8,6:00,20,0.0
2025-1-8,6:00,21,0.0
2025-1-8,6:00,22,0.0
2025-1-8,6:00,23,0.0
2025-1-8,6:00,24,0.0
2025-1-8,12:00,1,6183.0111
2025-1-8,12:00,2,4825.3667
2025-1-8,12:00,3,3229.98
2025-1-8,12:00,4,1598.9537
2025-1-8,12:00,5,38.5437
2025-1-8,12:00,6,0.0
2025-1-8,12:00,7,0.0
2025-1-8,12:00,8,0.0
2025-1-8,12:00,9,0.0
2025-1-8,12:00,10,0.0
2025-1-8,12:00,11,0.0
2025-1-8,12:00,12,0.0
2025-1-8,12:00,13,0.0
2025-1-8,12:00,14,0.0
2025-1-8,12:00,15,0.0
2025-1-8,12:00,16,0.0
2025-1-8,12:00,17,0.0
2025-1-8,12:00,18,0.0
2025-1-8,12:00,19,59.1019
2025-1-8,12:00,20,1895.55
2025-1-8,12:00,21,3803.5125
2025-1-8,12:00,22,5320.875
2025-1-8,12:00,23,6464.7375
2025-1-8,12:00,24,6975.5625
2025-1-8,18:00,1,0.0
2025-1-8,18:00,2,0.0
2025-1-8,18:00,3,0.0
2025-1-8,18:00,4,0.0
2025-1-8,18:00,5,0.0
2025-1-8,18:00,6,0.0
2025-1-8,18:00,7,0.0
2025-1-8,18:00,8,0.0
2025-1-8,18:00,9,0.0
2025-1-8,18:00,10,0.0
2025-1-8,18:00,11,0.0
2025-1-8,18:00,12,0.0
2025-1-8,18:00,13,48.9261
2025-1-8,18:00,14,1661.8781
2025-1-8,18:00,15,3273.1966
2025-1-8,18:00,16,3561.3087
2025-1-8,18:00,17,3207.7414
2025-1-8,18:00,18,3525.5318
2025-1-8,18:00,19,3237.6662
2025-1-8,18:00,20,3727.1657
2025-1-8,18:00,21,2993.158
2025-1-8,18:00,22,1944.4175
2025-1-8,18:00,23,52.9722
2025-1-8,18:00,24,0.0
2025-1-9,0:00,1,0.0
2025-1-9,0:00,2,0.0
2025-1-9,0:00,3,0.0
2025-1-9,0:00,4,0.0
2025-1-9,0:00,5,0.0
2025-1-9,0:00,6,0.0
2025-1-9,0:00,7,40.8309
2025-1-9,0:00,8,1541.56
2025-1-9,0:00,9,3138.7608
2025-1-9,0:00,10,4554.1517
2025-1-9,0:00,11,6175.5659
2025-1-9,0:00,12,5958.5736
2025-1-9,0:00,13,5293.915
2025-1-9,0:00,14,5429.8626
2025-1-9,0:00,15,3231.3657
2025-1-9,0:00,16,1619.5696
2025-1-9,0:00,17,47.2705
2025-1-9,0:00,18,0.0
2025-1-9,0:00,19,0.0
2025-1-9,0:00,20,0.0
2025-1-9,0:00,21,0.0
2025-1-9,0:00,22,0.0
2025-1-9,0:00,23,0.0
2025-1-9,0:00,24,0.0
2025-1-9,6:00,1,42.7072
2025-1-9,6:00,2,1625.1229
2025-1-9,6:00,3,3458.2522
2025-1-9,6:00,4,4620.4705
2025-1-9,6:00,5,6319.3981
2025-1-9,6:00,6,6458.4765
2025-1-9,6:00,7,5281.0634
2025-1-9,6:00,8,4437.9021
2025-1-9,6:00,9,3132.9391
2025-1-9,6:00,10,1626.2187
2025-1-9,6:00,11,44.1429
2025-1-9,6:00,12,0.0
2025-1-9,6:00,13,0.0
2025-1-9,6:00,14,0.0
2025-1-9,6:00,15,0.0
2025-1-9,6:00,16,0.0
2025-1-9,6:00,17,0.0
2025-1-9,6:00,18,0.0
2025-1-9,6:00,19,0.0
2025-1-9,6:00,20,0.0
2025-1-9,6:00,21,0.0
2025-1-9,6:00,22,0.0
2025-1-9,6:00,23,0.0
2025-1-9,6:00,24,0.0
2025-1-9,12:00,1,5174.2242
2025-1-9,12:00,2,4316.5438
2025-1-9,12:00,3,2980.9103
2025-1-9,12:00,4,1540.9866
2025-1-9,12:00,5,41.3647
2025-1-9,12:00,6,0.0
2025-1-9,12:00,7,0.0
2025-1-9,12:00,8,0.0
2025-1-9,12:00,9,0.0
2025-1-9,12:00,10,0.0
2025-1-9,12:00,11,0.0
2025-1-9,12:00,12,0.0
2025-1-9,12:00,13,0.0
2025-1-9,12:00,14,0.0
2025-1-9,12:00,15,0.0
2025-1-9,12:00,16,0.0
2025-1-9,12:00,17,0.0
2025-1-9,12:00,18,0.0
2025-1-9,12:00,19,56.3442
2025-1-9,12:00,20,1763.104
2025-1-9,12:00,21,2957.0449
2025-1-9,12:00,22,4676.6048
2025-1-9,12:00,23,5163.3903
2025-1-9,12:00,24,5584.9089
2025-1-9,18:00,1,0.0
2025-1-9,18:00,2,0.0
2025-1-9,18:00,3,0.0
2025-1-9,18:00,4,0.0
2025-1-9,18:00,5,0.0
2025-1-9,18:00,6,0.0
2025-1-9,18:00,7,0.0
2025-1-9,18:00,8,0.0
2025-1-9,18:00,9,0.0
2025-1-9,18:00,10,0.0
2025-1-9,18:00,11,0.0
2025-1-9,18:00,12,0.0
2025-1-9,18:00,13,54.2138
2025-1-9,18:00,14,1682.1375
2025-1-9,18:00,15,3585.0083
2025-1-9,18:00,16,4426.2524
2025-1-9,18:00,17,4670.3827
2025-1-9,18:00,18,3762.4583
2025-1-9,18:00,19,3819.5554
2025-1-9,18:00,20,3027.5416
2025-1-9,18:00,21,2486.1718
2025-1-9,18:00,22,1446.5798
2025-1-9,18:00,23,56.9284
2025-1-9,18:00,24,0.0
2025-1-10,0:00,1,0.0
2025-1-10,0:00,2,0.0
2025-1-10,0:00,3,0.0
2025-1-10,0:00,4,0.0
2025-1-10,0:00,5,0.0
2025-1-10,0:00,6,0.0
2025-1-10,0:00,7,45.5543
2025-1-10,0:00,8,1549.0099
2025-1-10,0:00,9,2530.0557
2025-1-10,0:00,10,3859.3998
2025-1-10,0:00,11,5065.7192
2025-1-10,0:00,12,5362.2242
2025-1-10,0:00,13,4449.015
2025-1-10,0:00,14,4013.3438
2025-1-10,0:00,15,2820.109
2025-1-10,0:00,16,1550.7917
2025-1-10,0:00,17,49.008
2025-1-10,0:00,18,0.0
2025-1-10,0:00,19,0.0
2025-1-10,0:00,20,0.0
2025-1-10,0:00,21,0.0
2025-1-10,0:00,22,0.0
2025-1-10,0:00,23,0.0
2025-1-10,0:00,24,0.0
2025-1-10,6:00,1,54.8198
2025-1-10,6:00,2,1837.6513
2025-1-10,6:00,3,3402.3201
2025-1-10,6:00,4,4843.6498
2025-1-10,6:00,5,5717.4342
2025-1-10,6:00,6,6073.3963
2025-1-10,6:00,7,6103.4051
2025-1-10,6:00,8,4844.7633
2025-1-10,6:00,9,3570.744
2025-1-10,6:00,10,1770.9662
2025-1-10,6:00,11,52.1023
2025-1-10,6:00,12,0.0
2025-1-10,6:00,13,0.0
2025-1-10,6:00,14,0.0
2025-1-10,6:00,15,0.0
2025-1-10,6:00,16,0.0
2025-1-10,6:00,17,0.0
2025-1-10,6:00,18,0.0
2025-1-10,6:00,19,0.0
2025-1-10,6:00,20,0.0
2025-1-10,6:00,21,0.0
2025-1-10,6:00,22,0.0
2025-1-10,6:00,23,0.0
2025-1-10,6:00,24,0.0
2025-1-10,12:00,1,5701.8741
2025-1-10,12:00,2,4522.3477
2025-1-10,12:00,3,3408.0672
2025-1-10,12:00,4,1863.5412
2025-1-10,12:00,5,56.2154
2025-1-10,12:00,6,0.0
2025-1-10,12:00,7,0.0
2025-1-10,12:00,8,0.0
2025-1-10,12:00,9,0.0
2025-1-10,12:00,10,0.0
2025-1-10,12:00,11,0.0
2025-1-10,12:00,12,0.0
2025-1-10,12:00,13,0.0
2025-1-10,12:00,14,0.0
2025-1-10,12:00,15,0.0
2025-1-10,12:00,16,0.0
2025-1-10,12:00,17,0.0
2025-1-10,12:00,18,0.0
2025-1-10,12:00,19,45.3802
2025-1-10,12:00,20,1038.3941
2025-1-10,12:00,21,2159.0526
2025-1-10,12:00,22,3350.7739
2025-1-10,12:00,23,4692.2001
2025-1-10,12:00,24,4413.5164
2025-1-10,18:00,1,0.0
2025-1-10,18:00,2,0.0
2025-1-10,18:00,3,0.0
2025-1-10,18:00,4,0.0
2025-1-10,18:00,5,0.0
2025-1-10,18:00,6,0.0
2025-1-10,18:00,7,0.0
2025-1-10,18:00,8,0.0
2025-1-10,18:00,9,0.0
2025-1-10,18:00,10,0.0
2025-1-10,18:00,11,0.0
2025-1-10,18:00,12,0.0
2025-1-10,18:00,13,63.1258
2025-1-10,18:00,14,1716.4823
2025-1-10,18:00,15,3643.4713
2025-1-10,18:00,16,5211.7231
2025-1-10,18:00,17,6464.7375
2025-1-10,18:00,18,6846.7846
2025-1-10,18:00,19,5508.1016
2025-1-10,18:00,20,4215.4754
2025-1-10,18:00,21,2141.7101
2025-1-10,18:00,22,1094.6166
2025-1-10,18:00,23,33.7962
2025-1-10,18:00,24,0.0
2025-1-11,0:00,1,0.0
2025-1-11,0:00,2,0.0
2025-1-11,0:00,3,0.0
2025-1-11,0:00,4,0.0
2025-1-11,0:00,5,0.0
2025-1-11,0:00,6,0.0
2025-1-11,0:00,7,58.8402
2025-1-11,0:00,8,1513.409
2025-1-11,0:00,9,3276.7769
2025-1-11,0:00,10,4110.2431
2025-1-11,0:00,11,5733.2479
2025-1-11,0:00,12,6009.1817
2025-1-11,0:00,13,5974.0065
2025-1-11,0:00,14,5217.5904
2025-1-11,0:00,15,3521.5757
2025-1-11,0:00,16,1644.9273
2025-1-11,0:00,17,56.1073
2025-1-11,0:00,18,0.0
2025-1-11,0:00,19,0.0
2025-1-11,0:00,20,0.0
2025-1-11,0:00,21,0.0
2025-1-11,0:00,22,0.0
2025-1-11,0:00,23,0.0
2025-1-11,0:00,24,0.0
2025-1-11,6:00,1,57.3964
2025-1-11,6:00,2,1510.5631
2025-1-11,6:00,3,3452.0359
2025-1-11,6:00,4,4643.5314
2025-1-11,6:00,5,6219.9528
2025-1-11,6:00,6,5862.3068
2025-1-11,6:00,7,5798.4766
2025-1-11,6:00,8,4293.8178
2025-1-11,6:00,9,2748.4627
2025-1-11,6:00,10,1356.0066
2025-1-11,6:00,11,54.8782
2025-1-11,6:00,12,0.0
2025-1-11,6:00,13,0.0
2025-1-11,6:00,14,0.0
2025-1-11,6:00,15,0.0
2025-1-11,6:00,16,0.0
2025-1-11,6:00,17,0.0
2025-1-11,6:00,18,0.0
2025-1-11,6:00,19,0.0
2025-1-11,6:00,20,0.0
2025-1-11,6:00,21,0.0
2025-1-11,6:00,22,0.0
2025-1-11,6:00,23,0.0
2025-1-11,6:00,24,0.0
2025-1-11,12:00,1,5966.8997
2025-1-11,12:00,2,4720.7744
2025-1-11,12:00,3,3136.1432
2025-1-11,12:00,4,1655.7237
2025-1-11,12:00,5,59.7587
2025-1-11,12:00,6,0.0
2025-1-11,12:00,7,0.0
2025-1-11,12:00,8,0.0
2025-1-11,12:00,9,0.0
2025-1-11,12:00,10,0.0
2025-1-11,12:00,11,0.0
2025-1-11,12:00,12,0.0
2025-1-11,12:00,13,0.0
2025-1-11,12:00,14,0.0
2025-1-11,12:00,15,0.0
2025-1-11,12:00,16,0.0
2025-1-11,12:00,17,0.0
2025-1-11,12:00,18,0.0
2025-1-11,12:00,19,71.2228
2025-1-11,12:00,20,1666.9115
2025-1-11,12:00,21,3140.1189
2025-1-11,12:00,22,4658.3159
2025-1-11,12:00,23,6105.0736
2025-1-11,12:00,24,6744.2454
2025-1-11,18:00,1,0.0
2025-1-11,18:00,2,0.0
2025-1-11,18:00,3,0.0
2025-1-11,18:00,4,0.0
2025-1-11,18:00,5,0.0
2025-1-11,18:00,6,0.0
2025-1-11,18:00,7,0.0
2025-1-11,18:00,8,0.0
2025-1-11,18:00,9,0.0
2025-1-11,18:00,10,0.0
2025-1-11,18:00,11,0.0
2025-1-11,18:00,12,0.0
2025-1-11,18:00,13,63.2734
2025-1-11,18:00,14,1457.4287
2025-1-11,18:00,15,3098.5012
2025-1-11,18:00,16,4245.0241
2025-1-11,18:00,17,4179.5386
2025-1-11,18:00,18,5676.2614
2025-1-11,18:00,19,6893.025
2025-1-11,18:00,20,5261.6221
2025-1-11,18:00,21,3465.838
2025-1-11,18:00,22,1952.1744
2025-1-11,18:00,23,71.5417
2025-1-11,18:00,24,0.0
2025-1-12,0:00,1,0.0
2025-1-12,0:00,2,0.0
2025-1-12,0:00,3,0.0
2025-1-12,0:00,4,0.0
2025-1-12,0:00,5,0.0
2025-1-12,0:00,6,0.0
2025-1-12,0:00,7,65.4335
2025-1-12,0:00,8,1703.538
2025-1-12,0:00,9,3494.9851
2025-1-12,0:00,10,4842.5394
2025-1-12,0:00,11,5357.771
2025-1-12,0:00,12,5677.8076
2025-1-12,0:00,13,4998.3291
2025-1-12,0:00,14,4183.6243
2025-1-12,0:00,15,2754.9776
2025-1-12,0:00,16,1777.7304
2025-1-12,0:00,17,72.9622
2025-1-12,0:00,18,0.0
2025-1-12,0:00,19,0.0
2025-1-12,0:00,20,0.0
2025-1-12,0:00,21,0.0
2025-1-12,0:00,22,0.0
2025-1-12,0:00,23,0.0
2025-1-12,0:00,24,0.0
2025-1-12,6:00,1,66.1736
2025-1-12,6:00,2,1570.0073
2025-1-12,6:00,3,3086.827
2025-1-12,6:00,4,3911.3267
2025-1-12,6:00,5,4456.9185
2025-1-12,6:00,6,4953.1688
2025-1-12,6:00,7,5099.6919
2025-1-12,6:00,8,4312.0028
2025-1-12,6:00,9,3199.5399
2025-1-12,6:00,10,1682.6391
2025-1-12,6:00,11,66.2099
2025-1-12,6:00,12,0.0
2025-1-12,6:00,13,0.0
2025-1-12,6:00,14,0.0
2025-1-12,6:00,15,0.0
2025-1-12,6:00,16,0.0
2025-1-12,6:00,17,0.0
2025-1-12,6:00,18,0.0
2025-1-12,6:00,19,0.0
2025-1-12,6:00,20,0.0
2025-1-12,6:00,21,0.0
2025-1-12,6:00,22,0.0
2025-1-12,6:00,23,0.0
2025-1-12,6:00,24,0.0
2025-1-12,12:00,1,5494.8579
2025-1-12,12:00,2,4670.6872
2025-1-12,12:00,3,3327.1173
2025-1-12,12:00,4,1741.767
2025-1-12,12:00,5,70.8238
2025-1-12,12:00,6,0.0
2025-1-12,12:00,7,0.0
2025-1-12,12:00,8,0.0
2025-1-12,12:00,9,0.0
2025-1-12,12:00,10,0.0
2025-1-12,12:00,11,0.0
2025-1-12,12:00,12,0.0
2025-1-12,12:00,13,0.0
2025-1-12,12:00,14,0.0
2025-1-12,12:00,15,0.0
2025-1-12,12:00,16,0.0
2025-1-12,12:00,17,0.0
2025-1-12,12:00,18,0.0
2025-1-12,12:00,19,80.0693
2025-1-12,12:00,20,1643.0448
2025-1-12,12:00,21,3475.268
2025-1-12,12:00,22,4734.2074
2025-1-12,12:00,23,6026.0545
2025-1-12,12:00,24,5582.7252
2025-1-12,18:00,1,0.0
2025-1-12,18:00,2,0.0
2025-1-12,18:00,3,0.0
2025-1-12,18:00,4,0.0
2025-1-12,18:00,5,0.0
2025-1-12,18:00,6,0.0
2025-1-12,18:00,7,0.0
2025-1-12,18:00,8,0.0
2025-1-12,18:00,9,0.0
2025-1-12,18:00,10,0.0
2025-1-12,18:00,11,0.0
2025-1-12,18:00,12,0.0
2025-1-12,18:00,13,75.1588
2025-1-12,18:00,14,1708.9746
2025-1-12,18:00,15,3412.6278
2025-1-12,18:00,16,3711.2648
2025-1-12,18:00,17,5658.8053
2025-1-12,18:00,18,6140.2767
2025-1-12,18:00,19,6662.4418
2025-1-12,18:00,20,5273.7449
2025-1-12,18:00,21,3762.3
2025-1-12,18:00,22,1838.1637
2025-1-12,18:00,23,74.2968
2025-1-12,18:00,24,0.0
2025-1-13,0:00,1,0.0
2025-1-13,0:00,2,0.0
2025-1-13,0:00,3,0.0
2025-1-13,0:00,4,0.0
2025-1-13,0:00,5,0.0
2025-1-13,0:00,6,0.0
2025-1-13,0:00,7,73.711
2025-1-13,0:00,8,1633.1168
2025-1-13,0:00,9,3184.7409
2025-1-13,0:00,10,4539.9711
2025-1-13,0:00,11,5487.4391
2025-1-13,0:00,12,5716.406
2025-1-13,0:00,13,5713.8773
2025-1-13,0:00,14,4179.4286
2025-1-13,0:00,15,2896.8859
2025-1-13,0:00,16,1392.6498
2025-1-13,0:00,17,58.1602
2025-1-13,0:00,18,0.0
2025-1-13,0:00,19,0.0
2025-1-13,0:00,20,0.0
2025-1-13,0:00,21,0.0
2025-1-13,0:00,22,0.0
2025-1-13,0:00,23,0.0
2025-1-13,0:00,24,0.0
2025-1-13,6:00,1,78.164
2025-1-13,6:00,2,1882.6071
2025-1-13,6:00,3,3578.2975
2025-1-13,6:00,4,4543.5861
2025-1-13,6:00,5,4825.5677
2025-1-13,6:00,6,5333.1297
2025-1-13,6:00,7,5309.5729
2025-1-13,6:00,8,4310.9099
2025-1-13,6:00,9,3369.2914
2025-1-13,6:00,10,2052.3244
2025-1-13,6:00,11,84.0558
2025-1-13,6:00,12,0.0
2025-1-13,6:00,13,0.0
2025-1-13,6:00,14,0.0
2025-1-13,6:00,15,0.0
2025-1-13,6:00,16,0.0
2025-1-13,6:00,17,0.0
2025-1-13,6:00,18,0.0
2025-1-13,6:00,19,0.0
2025-1-13,6:00,20,0.0
2025-1-13,6:00,21,0.0
2025-1-13,6:00,22,0.0
2025-1-13,6:00,23,0.0
2025-1-13,6:00,24,0.0
2025-1-13,12:00,1,6092.8134
2025-1-13,12:00,2,4840.3524
2025-1-13,12:00,3,3361.423
2025-1-13,12:00,4,1795.5368
2025-1-13,12:00,5,74.8704
2025-1-13,12:00,6,0.0
2025-1-13,12:00,7,0.0
2025-1-13,12:00,8,0.0
2025-1-13,12:00,9,0.0
2025-1-13,12:00,10,0.0
2025-1-13,12:00,11,0.0
2025-1-13,12:00,12,0.0
2025-1-13,12:00,13,0.0
2025-1-13,12:00,14,0.0
2025-1-13,12:00,15,0.0
2025-1-13,12:00,16,0.0
2025-1-13,12:00,17,0.0
2025-1-13,12:00,18,0.0
2025-1-13,12:00,19,102.9161
2025-1-13,12:00,20,2204.1375
2025-1-13,12:00,21,4001.7375
2025-1-13,12:00,22,5683.425
2025-1-13,12:00,23,6464.7375
2025-1-13,12:00,24,6975.5625
2025-1-13,18:00,1,0.0
2025-1-13,18:00,2,0.0
2025-1-13,18:00,3,0.0
2025-1-13,18:00,4,0.0
2025-1-13,18:00,5,0.0
2025-1-13,18:00,6,0.0
2025-1-13,18:00,7,0.0
2025-1-13,18:00,8,0.0
2025-1-13,18:00,9,0.0
2025-1-13,18:00,10,0.0
2025-1-13,18:00,11,0.0
2025-1-13,18:00,12,0.0
2025-1-13,18:00,13,86.8731
2025-1-13,18:00,14,1953.5839
2025-1-13,18:00,15,3565.455
2025-1-13,18:00,16,4611.0841
2025-1-13,18:00,17,6150.2209
2025-1-13,18:00,18,6348.9734
2025-1-13,18:00,19,6232.5671
2025-1-13,18:00,20,4845.3817
2025-1-13,18:00,21,3364.8506
2025-1-13,18:00,22,1934.1428
2025-1-13,18:00,23,122.5943
2025-1-13,18:00,24,0.0
2025-1-14,0:00,1,0.0
2025-1-14,0:00,2,0.0
2025-1-14,0:00,3,0.0
2025-1-14,0:00,4,0.0
2025-1-14,0:00,5,0.0
2025-1-14,0:00,6,0.0
2025-1-14,0:00,7,78.7767
2025-1-14,0:00,8,1788.6949
2025-1-14,0:00,9,3158.2753
2025-1-14,0:00,10,4490.1135
2025-1-14,0:00,11,5766.9101
2025-1-14,0:00,12,6071.9127
2025-1-14,0:00,13,5627.272
2025-1-14,0:00,14,4447.6846
2025-1-14,0:00,15,3437.0207
2025-1-14,0:00,16,1718.9797
2025-1-14,0:00,17,82.6473
2025-1-14,0:00,18,0.0
2025-1-14,0:00,19,0.0
2025-1-14,0:00,20,0.0
2025-1-14,0:00,21,0.0
2025-1-14,0:00,22,0.0
2025-1-14,0:00,23,0.0
2025-1-14,0:00,24,0.0
2025-1-14,6:00,1,76.2837
2025-1-14,6:00,2,1783.6218
2025-1-14,6:00,3,3310.8826
2025-1-14,6:00,4,4737.9385
2025-1-14,6:00,5,6030.2445
2025-1-14,6:00,6,6265.5331
2025-1-14,6:00,7,5822.0006
2025-1-14,6:00,8,4459.7587
2025-1-14,6:00,9,2893.7738
2025-1-14,6:00,10,1444.4476
2025-1-14,6:00,11,77.8559
2025-1-14,6:00,12,0.0
2025-1-14,6:00,13,0.0
2025-1-14,6:00,14,0.0
2025-1-14,6:00,15,0.0
2025-1-14,6:00,16,0.0
2025-1-14,6:00,17,0.0
2025-1-14,6:00,18,0.0
2025-1-14,6:00,19,0.0
2025-1-14,6:00,20,0.0
2025-1-14,6:00,21,0.0
2025-1-14,6:00,22,0.0
2025-1-14,6:00,23,0.0
2025-1-14,6:00,24,0.0
2025-1-14,12:00,1,5783.1051
2025-1-14,12:00,2,4578.5137
2025-1-14,12:00,3,3212.6611
2025-1-14,12:00,4,1638.4923
2025-1-14,12:00,5,87.4595
2025-1-14,12:00,6,0.0
2025-1-14,12:00,7,0.0
2025-1-14,12:00,8,0.0
2025-1-14,12:00,9,0.0
2025-1-14,12:00,10,0.0
2025-1-14,12:00,11,0.0
2025-1-14,12:00,12,0.0
2025-1-14,12:00,13,0.0
2025-1-14,12:00,14,0.0
2025-1-14,12:00,15,0.0
2025-1-14,12:00,16,0.0
2025-1-14,12:00,17,0.0
2025-1-14,12:00,18,0.0
2025-1-14,12:00,19,103.3419
2025-1-14,12:00,20,1669.583
2025-1-14,12:00,21,2938.1496
2025-1-14,12:00,22,4992.3366
2025-1-14,12:00,23,6128.5694
2025-1-14,12:00,24,5917.4287
2025-1-14,18:00,1,0.0
2025-1-14,18:00,2,0.0
2025-1-14,18:00,3,0.0
2025-1-14,18:00,4,0.0
2025-1-14,18:00,5,0.0
2025-1-14,18:00,6,0.0
2025-1-14,18:00,7,0.0
2025-1-14,18:00,8,0.0
2025-1-14,18:00,9,0.0
2025-1-14,18:00,10,0.0
2025-1-14,18:00,11,0.0
2025-1-14,18:00,12,0.0
2025-1-14,18:00,13,106.4198
2025-1-14,18:00,14,2140.4992
2025-1-14,18:00,15,3622.2106
2025-1-14,18:00,16,5683.425
2025-1-14,18:00,17,6464.7375
2025-1-14,18:00,18,6975.5625
2025-1-14,18:00,19,6893.025
2025-1-14,18:00,20,5808.6
2025-1-14,18:00,21,4045.3503
2025-1-14,18:00,22,1992.969
2025-1-14,18:00,23,106.9339
2025-1-14,18:00,24,0.0
2025-1-15,0:00,1,0.0
2025-1-15,0:00,2,0.0
2025-1-15,0:00,3,0.0
2025-1-15,0:00,4,0.0
2025-1-15,0:00,5,0.0
2025-1-15,0:00,6,0.0
2025-1-15,0:00,7,83.4459
2025-1-15,0:00,8,1577.9604
2025-1-15,0:00,9,2993.0442
2025-1-15,0:00,10,4788.627
2025-1-15,0:00,11,5452.1776
2025-1-15,0:00,12,6178.9023
2025-1-15,0:00,13,6726.3009
2025-1-15,0:00,14,5672.7661
2025-1-15,0:00,15,4173.675
2025-1-15,0:00,16,2163.375
2025-1-15,0:00,17,116.1001
2025-1-15,0:00,18,0.0
2025-1-15,0:00,19,0.0
2025-1-15,0:00,20,0.0
2025-1-15,0:00,21,0.0
2025-1-15,0:00,22,0.0
2025-1-15,0:00,23,0.0
2025-1-15,0:00,24,0.0
2025-1-15,6:00,1,89.8957
2025-1-15,6:00,2,1644.4484
2025-1-15,6:00,3,3193.9097
2025-1-15,6:00,4,4697.9216
2025-1-15,6:00,5,5410.8954
2025-1-15,6:00,6,5734.3957
2025-1-15,6:00,7,5742.8208
2025-1-15,6:00,8,4144.5114
2025-1-15,6:00,9,3167.3196
2025-1-15,6:00,10,1591.3889
2025-1-15,6:00,11,77.0403
2025-1-15,6:00,12,0.0
2025-1-15,6:00,13,0.0
2025-1-15,6:00,14,0.0
2025-1-15,6:00,15,0.0
2025-1-15,6:00,16,0.0
2025-1-15,6:00,17,0.0
2025-1-15,6:00,18,0.0
2025-1-15,6:00,19,0.0
2025-1-15,6:00,20,0.0
2025-1-15,6:00,21,0.0
2025-1-15,6:00,22,0.0
2025-1-15,6:00,23,0.0
2025-1-15,6:00,24,0.0
2025-1-15,12:00,1,5824.4643
2025-1-15,12:00,2,4491.2202
2025-1-15,12:00,3,3463.836
2025-1-15,12:00,4,1843.0793
2025-1-15,12:00,5,100.4376
2025-1-15,12:00,6,0.0
2025-1-15,12:00,7,0.0
2025-1-15,12:00,8,0.0
2025-1-15,12:00,9,0.0
2025-1-15,12:00,10,0.0
2025-1-15,12:00,11,0.0
2025-1-15,12:00,12,0.0
2025-1-15,12:00,13,0.0
2025-1-15,12:00,14,0.0
2025-1-15,12:00,15,0.0
2025-1-15,12:00,16,0.0
2025-1-15,12:00,17,0.0
2025-1-15,12:00,18,0.0
2025-1-15,12:00,19,103.6393
2025-1-15,12:00,20,1535.5945
2025-1-15,12:00,21,3020.0159
2025-1-15,12:00,22,3244.6482
2025-1-15,12:00,23,3739.9509
2025-1-15,12:00,24,3162.4839
2025-1-15,18:00,1,0.0
2025-1-15,18:00,2,0.0
2025-1-15,18:00,3,0.0
2025-1-15,18:00,4,0.0
2025-1-15,18:00,5,0.0
2025-1-15,18:00,6,0.0
2025-1-15,18:00,7,0.0
2025-1-15,18:00,8,0.0
2025-1-15,18:00,9,0.0
2025-1-15,18:00,10,0.0
2025-1-15,18:00,11,0.0
2025-1-15,18:00,12,0.0
2025-1-15,18:00,13,109.4131
2025-1-15,18:00,14,1661.6803
2025-1-15,18:00,15,3398.6712
2025-1-15,18:00,16,4619.1234
2025-1-15,18:00,17,5205.8041
2025-1-15,18:00,18,5407.3861
2025-1-15,18:00,19,5019.6302
2025-1-15,18:00,20,5074.9764
2025-1-15,18:00,21,4022.0577
2025-1-15,18:00,22,1902.7473
2025-1-15,18:00,23,125.1665
2025-1-15,18:00,24,0.0
2025-1-16,0:00,1,0.0
2025-1-16,0:00,2,0.0
2025-1-16,0:00,3,0.0
2025-1-16,0:00,4,0.0
2025-1-16,0:00,5,0.0
2025-1-16,0:00,6,0.0
2025-1-16,0:00,7,111.4667
2025-1-16,0:00,8,1704.3088
2025-1-16,0:00,9,3512.2018
2025-1-16,0:00,10,4444.3097
2025-1-16,0:00,11,5624.2383
2025-1-16,0:00,12,6501.4448
2025-1-16,0:00,13,6505.1695
2025-1-16,0:00,14,5808.6
2025-1-16,0:00,15,4173.675
2025-1-16,0:00,16,1912.6453
2025-1-16,0:00,17,102.9758
2025-1-16,0:00,18,0.0
2025-1-16,0:00,19,0.0
2025-1-16,0:00,20,0.0
2025-1-16,0:00,21,0.0
2025-1-16,0:00,22,0.0
2025-1-16,0:00,23,0.0
2025-1-16,0:00,24,0.0
2025-1-16,6:00,1,96.3078
2025-1-16,6:00,2,1521.3198
2025-1-16,6:00,3,3187.0135
2025-1-16,6:00,4,4351.553
2025-1-16,6:00,5,5761.4452
2025-1-16,6:00,6,6445.6592
2025-1-16,6:00,7,5983.901
2025-1-16,6:00,8,5207.7766
2025-1-16,6:00,9,3501.0042
2025-1-16,6:00,10,1617.9203
2025-1-16,6:00,11,98.0489
2025-1-16,6:00,12,0.0
2025-1-16,6:00,13,0.0
2025-1-16,6:00,14,0.0
2025-1-16,6:00,15,0.0
2025-1-16,6:00,16,0.0
2025-1-16,6:00,17,0.0
2025-1-16,6:00,18,0.0
2025-1-16,6:00,19,0.0
2025-1-16,6:00,20,0.0
2025-1-16,6:00,21,0.0
2025-1-16,6:00,22,0.0
2025-1-16,6:00,23,0.0
2025-1-16,6:00,24,0.0
2025-1-16,12:00,1,5883.2059
2025-1-16,12:00,2,5552.1487
2025-1-16,12:00,3,3789.9505
2025-1-16,12:00,4,1844.204
2025-1-16,12:00,5,124.8534
2025-1-16,12:00,6,0.0
2025-1-16,12:00,7,0.0
2025-1-16,12:00,8,0.0
2025-1-16,12:00,9,0.0
2025-1-16,12:00,10,0.0
2025-1-16,12:00,11,0.0
2025-1-16,12:00,12,0.0
2025-1-16,12:00,13,0.0
2025-1-16,12:00,14,0.0
2025-1-16,12:00,15,0.0
2025-1-16,12:00,16,0.0
2025-1-16,12:00,17,0.0
2025-1-16,12:00,18,0.0
2025-1-16,12:00,19,119.1593
2025-1-16,12:00,20,2204.1375
2025-1-16,12:00,21,4001.7375
2025-1-16,12:00,22,5577.4045
2025-1-16,12:00,23,6436.7888
2025-1-16,12:00,24,6975.5625
2025-1-16,18:00,1,0.0
2025-1-16,18:00,2,0.0
2025-1-16,18:00,3,0.0
2025-1-16,18:00,4,0.0
2025-1-16,18:00,5,0.0
2025-1-16,18:00,6,0.0
2025-1-16,18:00,7,0.0
2025-1-16,18:00,8,0.0
2025-1-16,18:00,9,0.0
2025-1-16,18:00,10,0.0
2025-1-16,18:00,11,0.0
2025-1-16,18:00,12,0.0
2025-1-16,18:00,13,118.4223
2025-1-16,18:00,14,1626.8909
2025-1-16,18:00,15,3057.6012
2025-1-16,18:00,16,4684.9391
2025-1-16,18:00,17,5451.9375
2025-1-16,18:00,18,5657.6137
2025-1-16,18:00,19,5638.517
2025-1-16,18:00,20,5391.5883
2025-1-16,18:00,21,4009.3902
2025-1-16,18:00,22,2012.0761
2025-1-16,18:00,23,147.9196
2025-1-16,18:00,24,0.0
2025-1-17,0:00,1,0.0
2025-1-17,0:00,2,0.0
2025-1-17,0:00,3,0.0
2025-1-17,0:00,4,0.0
2025-1-17,0:00,5,0.0
2025-1-17,0:00,6,0.0
2025-1-17,0:00,7,117.8954
2025-1-17,0:00,8,1661.269
2025-1-17,0:00,9,3086.3998
2025-1-17,0:00,10,4760.8025
2025-1-17,0:00,11,6192.2123
2025-1-17,0:00,12,5800.6452
2025-1-17,0:00,13,5885.3875
2025-1-17,0:00,14,5090.5769
2025-1-17,0:00,15,3532.5405
2025-1-17,0:00,16,1646.6936
2025-1-17,0:00,17,123.7775
2025-1-17,0:00,18,0.0
2025-1-17,0:00,19,0.0
2025-1-17,0:00,20,0.0
2025-1-17,0:00,21,0.0
2025-1-17,0:00,22,0.0
2025-1-17,0:00,23,0.0
2025-1-17,0:00,24,0.0
2025-1-17,6:00,1,119.3017
2025-1-17,6:00,2,1735.5658
2025-1-17,6:00,3,3292.1383
2025-1-17,6:00,4,4868.947
2025-1-17,6:00,5,5788.8378
2025-1-17,6:00,6,5775.7658
2025-1-17,6:00,7,6105.6077
2025-1-17,6:00,8,5058.9747
2025-1-17,6:00,9,3583.2078
2025-1-17,6:00,10,1754.9054
2025-1-17,6:00,11,135.5062
2025-1-17,6:00,12,0.0
2025-1-17,6:00,13,0.0
2025-1-17,6:00,14,0.0
2025-1-17,6:00,15,0.0
2025-1-17,6:00,16,0.0
2025-1-17,6:00,17,0.0
2025-1-17,6:00,18,0.0
2025-1-17,6:00,19,0.0
2025-1-17,6:00,20,0.0
2025-1-17,6:00,21,0.0
2025-1-17,6:00,22,0.0
2025-1-17,6:00,23,0.0
2025-1-17,6:00,24,0.0
2025-1-17,12:00,1,5792.5855
2025-1-17,12:00,2,4821.0284
2025-1-17,12:00,3,3627.0041
2025-1-17,12:00,4,1861.7308
2025-1-17,12:00,5,131.7454
2025-1-17,12:00,6,0.0
2025-1-17,12:00,7,0.0
2025-1-17,12:00,8,0.0
2025-1-17,12:00,9,0.0
2025-1-17,12:00,10,0.0
2025-1-17,12:00,11,0.0
2025-1-17,12:00,12,0.0
2025-1-17,12:00,13,0.0
2025-1-17,12:00,14,0.0
2025-1-17,12:00,15,0.0
2025-1-17,12:00,16,0.0
2025-1-17,12:00,17,0.0
2025-1-17,12:00,18,0.0
2025-1-17,12:00,19,82.5268
2025-1-17,12:00,20,886.7416
2025-1-17,12:00,21,2671.9591
2025-1-17,12:00,22,4084.6813
2025-1-17,12:00,23,5573.1863
2025-1-17,12:00,24,6975.5625
2025-1-17,18:00,1,0.0
2025-1-17,18:00,2,0.0
2025-1-17,18:00,3,0.0
2025-1-17,18:00,4,0.0
2025-1-17,18:00,5,0.0
2025-1-17,18:00,6,0.0
2025-1-17,18:00,7,0.0
2025-1-17,18:00,8,0.0
2025-1-17,18:00,9,0.0
2025-1-17,18:00,10,0.0
2025-1-17,18:00,11,0.0
2025-1-17,18:00,12,0.0
2025-1-17,18:00,13,123.5255
2025-1-17,18:00,14,1749.4741
2025-1-17,18:00,15,3420.7877
2025-1-17,18:00,16,4783.9059
2025-1-17,18:00,17,4541.1559
2025-1-17,18:00,18,5797.071
2025-1-17,18:00,19,6893.025
2025-1-17,18:00,20,5808.6
2025-1-17,18:00,21,4173.675
2025-1-17,18:00,22,2163.375
2025-1-17,18:00,23,167.6881
2025-1-17,18:00,24,0.0
2025-1-18,0:00,1,0.0
2025-1-18,0:00,2,0.0
2025-1-18,0:00,3,0.0
2025-1-18,0:00,4,0.0
2025-1-18,0:00,5,0.0
2025-1-18,0:00,6,0.0
2025-1-18,0:00,7,131.8329
2025-1-18,0:00,8,1842.2182
2025-1-18,0:00,9,3432.9866
2025-1-18,0:00,10,4436.2956
2025-1-18,0:00,11,5084.6787
2025-1-18,0:00,12,5459.361
2025-1-18,0:00,13,4921.1843
2025-1-18,0:00,14,4351.686
2025-1-18,0:00,15,3063.0578
2025-1-18,0:00,16,1663.4021
2025-1-18,0:00,17,108.467
2025-1-18,0:00,18,0.0
2025-1-18,0:00,19,0.0
2025-1-18,0:00,20,0.0
2025-1-18,0:00,21,0.0
2025-1-18,0:00,22,0.0
2025-1-18,0:00,23,0.0
2025-1-18,0:00,24,0.0
2025-1-18,6:00,1,137.2759
2025-1-18,6:00,2,1887.1784
2025-1-18,6:00,3,3505.4818
2025-1-18,6:00,4,4504.5847
2025-1-18,6:00,5,5148.8508
2025-1-18,6:00,6,5383.6437
2025-1-18,6:00,7,5335.8285
2025-1-18,6:00,8,4410.8816
2025-1-18,6:00,9,3097.1577
2025-1-18,6:00,10,1587.5792
2025-1-18,6:00,11,110.0689
2025-1-18,6:00,12,0.0
2025-1-18,6:00,13,0.0
2025-1-18,6:00,14,0.0
2025-1-18,6:00,15,0.0
2025-1-18,6:00,16,0.0
2025-1-18,6:00,17,0.0
2025-1-18,6:00,18,0.0
2025-1-18,6:00,19,0.0
2025-1-18,6:00,20,0.0
2025-1-18,6:00,21,0.0
2025-1-18,6:00,22,0.0
2025-1-18,6:00,23,0.0
2025-1-18,6:00,24,0.0
2025-1-18,12:00,1,6091.4009
2025-1-18,12:00,2,5121.5512
2025-1-18,12:00,3,3775.3099
2025-1-18,12:00,4,1856.8872
2025-1-18,12:00,5,122.2847
2025-1-18,12:00,6,0.0
2025-1-18,12:00,7,0.0
2025-1-18,12:00,8,0.0
2025-1-18,12:00,9,0.0
2025-1-18,12:00,10,0.0
2025-1-18,12:00,11,0.0
2025-1-18,12:00,12,0.0
2025-1-18,12:00,13,0.0
2025-1-18,12:00,14,0.0
2025-1-18,12:00,15,0.0
2025-1-18,12:00,16,0.0
2025-1-18,12:00,17,0.0
2025-1-18,12:00,18,0.0
2025-1-18,12:00,19,141.63
2025-1-18,12:00,20,1641.1882
2025-1-18,12:00,21,3976.6475
2025-1-18,12:00,22,5640.7309
2025-1-18,12:00,23,6464.7375
2025-1-18,12:00,24,6975.5625
2025-1-18,18:00,1,0.0
2025-1-18,18:00,2,0.0
2025-1-18,18:00,3,0.0
2025-1-18,18:00,4,0.0
2025-1-18,18:00,5,0.0
2025-1-18,18:00,6,0.0
2025-1-18,18:00,7,0.0
2025-1-18,18:00,8,0.0
2025-1-18,18:00,9,0.0
2025-1-18,18:00,10,0.0
2025-1-18,18:00,11,0.0
2025-1-18,18:00,12,0.0
2025-1-18,18:00,13,142.3575
2025-1-18,18:00,14,1662.3145
2025-1-18,18:00,15,3456.1824
2025-1-18,18:00,16,4489.3664
2025-1-18,18:00,17,5410.9695
2025-1-18,18:00,18,6194.7549
2025-1-18,18:00,19,5140.6803
2025-1-18,18:00,20,4398.3265
2025-1-18,18:00,21,3443.759
2025-1-18,18:00,22,2037.687
2025-1-18,18:00,23,148.7722
2025-1-18,18:00,24,0.0
2025-1-19,0:00,1,0.0
2025-1-19,0:00,2,0.0
2025-1-19,0:00,3,0.0
2025-1-19,0:00,4,0.0
2025-1-19,0:00,5,0.0
2025-1-19,0:00,6,0.0
2025-1-19,0:00,7,142.7708
2025-1-19,0:00,8,1792.7992
2025-1-19,0:00,9,3803.3997
2025-1-19,0:00,10,4756.1733
2025-1-19,0:00,11,6111.217
2025-1-19,0:00,12,6774.1836
2025-1-19,0:00,13,6105.4882
2025-1-19,0:00,14,5326.6258
2025-1-19,0:00,15,3857.581
2025-1-19,0:00,16,1942.5399
2025-1-19,0:00,17,174.1709
2025-1-19,0:00,18,0.0
2025-1-19,0:00,19,0.0
2025-1-19,0:00,20,0.0
2025-1-19,0:00,21,0.0
2025-1-19,0:00,22,0.0
2025-1-19,0:00,23,0.0
2025-1-19,0:00,24,0.0
2025-1-19,6:00,1,144.1846
2025-1-19,6:00,2,1698.6034
2025-1-19,6:00,3,3601.2451
2025-1-19,6:00,4,4652.8691
2025-1-19,6:00,5,5708.6802
2025-1-19,6:00,6,6371.9996
2025-1-19,6:00,7,5682.4303
2025-1-19,6:00,8,5146.7528
2025-1-19,6:00,9,3450.5517
2025-1-19,6:00,10,1910.9854
2025-1-19,6:00,11,148.9938
2025-1-19,6:00,12,0.0
2025-1-19,6:00,13,0.0
2025-1-19,6:00,14,0.0
2025-1-19,6:00,15,0.0
2025-1-19,6:00,16,0.0
2025-1-19,6:00,17,0.0
2025-1-19,6:00,18,0.0
2025-1-19,6:00,19,0.0
2025-1-19,6:00,20,0.0
2025-1-19,6:00,21,0.0
2025-1-19,6:00,22,0.0
2025-1-19,6:00,23,0.0
2025-1-19,6:00,24,0.0
2025-1-19,12:00,1,5483.3293
2025-1-19,12:00,2,4491.1012
2025-1-19,12:00,3,3100.5046
2025-1-19,12:00,4,1653.667
2025-1-19,12:00,5,129.9625
2025-1-19,12:00,6,0.0
2025-1-19,12:00,7,0.0
2025-1-19,12:00,8,0.0
2025-1-19,12:00,9,0.0
2025-1-19,12:00,10,0.0
2025-1-19,12:00,11,0.0
2025-1-19,12:00,12,0.0
2025-1-19,12:00,13,0.0
2025-1-19,12:00,14,0.0
2025-1-19,12:00,15,0.0
2025-1-19,12:00,16,0.0
2025-1-19,12:00,17,0.0
2025-1-19,12:00,18,0.0
2025-1-19,12:00,19,122.7781
2025-1-19,12:00,20,1132.4157
2025-1-19,12:00,21,2876.8364
2025-1-19,12:00,22,5299.9999
2025-1-19,12:00,23,6464.7375
2025-1-19,12:00,24,6975.5625
2025-1-19,18:00,1,0.0
2025-1-19,18:00,2,0.0
2025-1-19,18:00,3,0.0
2025-1-19,18:00,4,0.0
2025-1-19,18:00,5,0.0
2025-1-19,18:00,6,0.0
2025-1-19,18:00,7,0.0
2025-1-19,18:00,8,0.0
2025-1-19,18:00,9,0.0
2025-1-19,18:00,10,0.0
2025-1-19,18:00,11,0.0
2025-1-19,18:00,12,0.0
2025-1-19,18:00,13,118.4298
2025-1-19,18:00,14,1138.8963
2025-1-19,18:00,15,2417.9335
2025-1-19,18:00,16,4145.4591
2025-1-19,18:00,17,4591.0676
2025-1-19,18:00,18,4786.0738
2025-1-19,18:00,19,4042.7762
2025-1-19,18:00,20,3031.0887
2025-1-19,18:00,21,2413.9452
2025-1-19,18:00,22,1615.5589
2025-1-19,18:00,23,140.6491
2025-1-19,18:00,24,0.0
2025-1-20,0:00,1,0.0
2025-1-20,0:00,2,0.0
2025-1-20,0:00,3,0.0
2025-1-20,0:00,4,0.0
2025-1-20,0:00,5,0.0
2025-1-20,0:00,6,0.0
2025-1-20,0:00,7,147.0784
2025-1-20,0:00,8,1460.5077
2025-1-20,0:00,9,3310.4649
2025-1-20,0:00,10,5324.6395
2025-1-20,0:00,11,6288.0424
2025-1-20,0:00,12,6975.5625
2025-1-20,0:00,13,6636.007
2025-1-20,0:00,14,5305.3252
2025-1-20,0:00,15,3307.699
2025-1-20,0:00,16,1581.3908
2025-1-20,0:00,17,121.5983
2025-1-20,0:00,18,0.0
2025-1-20,0:00,19,0.0
2025-1-20,0:00,20,0.0
2025-1-20,0:00,21,0.0
2025-1-20,0:00,22,0.0
2025-1-20,0:00,23,0.0
2025-1-20,0:00,24,0.0
2025-1-20,6:00,1,150.0484
2025-1-20,6:00,2,1545.2272
2025-1-20,6:00,3,3318.4282
2025-1-20,6:00,4,5108.613
2025-1-20,6:00,5,5979.9537
2025-1-20,6:00,6,6967.5897
2025-1-20,6:00,7,6185.9791
2025-1-20,6:00,8,4853.7511
2025-1-20,6:00,9,3497.6624
2025-1-20,6:00,10,1680.9276
2025-1-20,6:00,11,126.9531
2025-1-20,6:00,12,0.0
2025-1-20,6:00,13,0.0
2025-1-20,6:00,14,0.0
2025-1-20,6:00,15,0.0
2025-1-20,6:00,16,0.0
2025-1-20,6:00,17,0.0
2025-1-20,6:00,18,0.0
2025-1-20,6:00,19,0.0
2025-1-20,6:00,20,0.0
2025-1-20,6:00,21,0.0
2025-1-20,6:00,22,0.0
2025-1-20,6:00,23,0.0
2025-1-20,6:00,24,0.0
2025-1-20,12:00,1,6043.4107
2025-1-20,12:00,2,4937.6851
2025-1-20,12:00,3,3473.2497
2025-1-20,12:00,4,1849.7496
2025-1-20,12:00,5,146.5386
2025-1-20,12:00,6,0.0
2025-1-20,12:00,7,0.0
2025-1-20,12:00,8,0.0
2025-1-20,12:00,9,0.0
2025-1-20,12:00,10,0.0
2025-1-20,12:00,11,0.0
2025-1-20,12:00,12,0.0
2025-1-20,12:00,13,0.0
2025-1-20,12:00,14,0.0
2025-1-20,12:00,15,0.0
2025-1-20,12:00,16,0.0
2025-1-20,12:00,17,0.0
2025-1-20,12:00,18,0.0
2025-1-20,12:00,19,191.8701
2025-1-20,12:00,20,1999.2336
2025-1-20,12:00,21,3034.6449
2025-1-20,12:00,22,4606.5235
2025-1-20,12:00,23,5127.4439
2025-1-20,12:00,24,4060.7603
2025-1-20,18:00,1,0.0
2025-1-20,18:00,2,0.0
2025-1-20,18:00,3,0.0
2025-1-20,18:00,4,0.0
2025-1-20,18:00,5,0.0
2025-1-20,18:00,6,0.0
2025-1-20,18:00,7,0.0
2025-1-20,18:00,8,0.0
2025-1-20,18:00,9,0.0
2025-1-20,18:00,10,0.0
2025-1-20,18:00,11,0.0
2025-1-20,18:00,12,0.0
2025-1-20,18:00,13,152.315
2025-1-20,18:00,14,1662.0107
2025-1-20,18:00,15,3744.6919
2025-1-20,18:00,16,5448.8851
2025-1-20,18:00,17,6042.7593
2025-1-20,18:00,18,6975.5625
2025-1-20,18:00,19,6893.025
2025-1-20,18:00,20,5808.6
2025-1-20,18:00,21,4173.675
2025-1-20,18:00,22,1710.837
2025-1-20,18:00,23,131.2487
2025-1-20,18:00,24,0.0
2025-1-21,0:00,1,0.0
2025-1-21,0:00,2,0.0
2025-1-21,0:00,3,0.0
2025-1-21,0:00,4,0.0
2025-1-21,0:00,5,0.0
2025-1-21,0:00,6,0.0
2025-1-21,0:00,7,155.3595
2025-1-21,0:00,8,1775.9592
2025-1-21,0:00,9,3601.9807
2025-1-21,0:00,10,5099.6959
2025-1-21,0:00,11,6062.9211
2025-1-21,0:00,12,6500.0344
2025-1-21,0:00,13,6357.0083
2025-1-21,0:00,14,5146.2079
2025-1-21,0:00,15,3502.7815
2025-1-21,0:00,16,1802.94
2025-1-21,0:00,17,162.9751
2025-1-21,0:00,18,0.0
2025-1-21,0:00,19,0.0
2025-1-21,0:00,20,0.0
2025-1-21,0:00,21,0.0
2025-1-21,0:00,22,0.0
2025-1-21,0:00,23,0.0
2025-1-21,0:00,24,0.0
2025-1-21,6:00,1,158.9448
2025-1-21,6:00,2,1820.6275
2025-1-21,6:00,3,3667.0846
2025-1-21,6:00,4,5156.0592
2025-1-21,6:00,5,6415.8542
2025-1-21,6:00,6,6568.0591
2025-1-21,6:00,7,6655.46
2025-1-21,6:00,8,5808.6
2025-1-21,6:00,9,4089.9624
2025-1-21,6:00,10,1857.5651
2025-1-21,6:00,11,178.7968
2025-1-21,6:00,12,0.0
2025-1-21,6:00,13,0.0
2025-1-21,6:00,14,0.0
2025-1-21,6:00,15,0.0
2025-1-21,6:00,16,0.0
2025-1-21,6:00,17,0.0
2025-1-21,6:00,18,0.0
2025-1-21,6:00,19,0.0
2025-1-21,6:00,20,0.0
2025-1-21,6:00,21,0.0
2025-1-21,6:00,22,0.0
2025-1-21,6:00,23,0.0
2025-1-21,6:00,24,0.0
2025-1-21,12:00,1,6510.6053
2025-1-21,12:00,2,5395.7151
2025-1-21,12:00,3,3583.7302
2025-1-21,12:00,4,1616.7212
2025-1-21,12:00,5,155.2716
2025-1-21,12:00,6,0.0
2025-1-21,12:00,7,0.0
2025-1-21,12:00,8,0.0
2025-1-21,12:00,9,0.0
2025-1-21,12:00,10,0.0
2025-1-21,12:00,11,0.0
2025-1-21,12:00,12,0.0
2025-1-21,12:00,13,0.0
2025-1-21,12:00,14,0.0
2025-1-21,12:00,15,0.0
2025-1-21,12:00,16,0.0
2025-1-21,12:00,17,0.0
2025-1-21,12:00,18,0.0
2025-1-21,12:00,19,139.51
2025-1-21,12:00,20,1481.9621
2025-1-21,12:00,21,2811.2163
2025-1-21,12:00,22,4691.3468
2025-1-21,12:00,23,5777.3829
2025-1-21,12:00,24,5934.7581
2025-1-21,18:00,1,0.0
2025-1-21,18:00,2,0.0
2025-1-21,18:00,3,0.0
2025-1-21,18:00,4,0.0
2025-1-21,18:00,5,0.0
2025-1-21,18:00,6,0.0
2025-1-21,18:00,7,0.0
2025-1-21,18:00,8,0.0
2025-1-21,18:00,9,0.0
2025-1-21,18:00,10,0.0
2025-1-21,18:00,11,0.0
2025-1-21,18:00,12,0.0
2025-1-21,18:00,13,166.3129
2025-1-21,18:00,14,1757.824
2025-1-21,18:00,15,3245.7659
2025-1-21,18:00,16,4380.061
2025-1-21,18:00,17,5441.03
2025-1-21,18:00,18,5103.3462
2025-1-21,18:00,19,4582.8975
2025-1-21,18:00,20,3359.1018
2025-1-21,18:00,21,2351.7859
2025-1-21,18:00,22,938.9633
2025-1-21,18:00,23,77.0577
2025-1-21,18:00,24,0.0
2025-1-22,0:00,1,0.0
2025-1-22,0:00,2,0.0
2025-1-22,0:00,3,0.0
2025-1-22,0:00,4,0.0
2025-1-22,0:00,5,0.0
2025-1-22,0:00,6,0.0
2025-1-22,0:00,7,184.1307
2025-1-22,0:00,8,2035.1593
2025-1-22,0:00,9,3749.616
2025-1-22,0:00,10,4788.1978
2025-1-22,0:00,11,5409.057
2025-1-22,0:00,12,5856.4145
2025-1-22,0:00,13,5143.3439
2025-1-22,0:00,14,4183.7261
2025-1-22,0:00,15,3598.1639
2025-1-22,0:00,16,1778.3597
2025-1-22,0:00,17,173.6182
2025-1-22,0:00,18,0.0
2025-1-22,0:00,19,0.0
2025-1-22,0:00,20,0.0
2025-1-22,0:00,21,0.0
2025-1-22,0:00,22,0.0
2025-1-22,0:00,23,0.0
2025-1-22,0:00,24,0.0
2025-1-22,6:00,1,179.6503
2025-1-22,6:00,2,1915.7853
2025-1-22,6:00,3,3505.7268
2025-1-22,6:00,4,4810.2929
2025-1-22,6:00,5,5452.7807
2025-1-22,6:00,6,5509.2464
2025-1-22,6:00,7,5371.7041
2025-1-22,6:00,8,4295.7033
2025-1-22,6:00,9,3489.7892
2025-1-22,6:00,10,1843.6361
2025-1-22,6:00,11,202.9261
2025-1-22,6:00,12,0.0
2025-1-22,6:00,13,0.0
2025-1-22,6:00,14,0.0
2025-1-22,6:00,15,0.0
2025-1-22,6:00,16,0.0
2025-1-22,6:00,17,0.0
2025-1-22,6:00,18,0.0
2025-1-22,6:00,19,0.0
2025-1-22,6:00,20,0.0
2025-1-22,6:00,21,0.0
2025-1-22,6:00,22,0.0
2025-1-22,6:00,23,0.0
2025-1-22,6:00,24,0.0
2025-1-22,12:00,1,5606.4319
2025-1-22,12:00,2,4226.9029
2025-1-22,12:00,3,3572.7256
2025-1-22,12:00,4,1971.091
2025-1-22,12:00,5,186.2135
2025-1-22,12:00,6,0.0
2025-1-22,12:00,7,0.0
2025-1-22,12:00,8,0.0
2025-1-22,12:00,9,0.0
2025-1-22,12:00,10,0.0
2025-1-22,12:00,11,0.0
2025-1-22,12:00,12,0.0
2025-1-22,12:00,13,0.0
2025-1-22,12:00,14,0.0
2025-1-22,12:00,15,0.0
2025-1-22,12:00,16,0.0
2025-1-22,12:00,17,0.0
2025-1-22,12:00,18,0.0
2025-1-22,12:00,19,193.0096
2025-1-22,12:00,20,2093.8999
2025-1-22,12:00,21,4000.8135
2025-1-22,12:00,22,5447.6757
2025-1-22,12:00,23,5903.9558
2025-1-22,12:00,24,6975.5625
2025-1-22,18:00,1,0.0
2025-1-22,18:00,2,0.0
2025-1-22,18:00,3,0.0
2025-1-22,18:00,4,0.0
2025-1-22,18:00,5,0.0
2025-1-22,18:00,6,0.0
2025-1-22,18:00,7,0.0
2025-1-22,18:00,8,0.0
2025-1-22,18:00,9,0.0
2025-1-22,18:00,10,0.0
2025-1-22,18:00,11,0.0
2025-1-22,18:00,12,0.0
2025-1-22,18:00,13,191.72
2025-1-22,18:00,14,1692.2833
2025-1-22,18:00,15,3008.8277
2025-1-22,18:00,16,3683.4768
2025-1-22,18:00,17,4926.2711
2025-1-22,18:00,18,5750.8376
2025-1-22,18:00,19,5889.5032
2025-1-22,18:00,20,4750.8057
2025-1-22,18:00,21,4165.8689
2025-1-22,18:00,22,2272.1683
2025-1-22,18:00,23,209.0516
2025-1-22,18:00,24,0.0
2025-1-23,0:00,1,0.0
2025-1-23,0:00,2,0.0
2025-1-23,0:00,3,0.0
2025-1-23,0:00,4,0.0
2025-1-23,0:00,5,0.0
2025-1-23,0:00,6,0.0
2025-1-23,0:00,7,186.2805
2025-1-23,0:00,8,1796.9131
2025-1-23,0:00,9,3670.2938
2025-1-23,0:00,10,5683.425
2025-1-23,0:00,11,6464.7375
2025-1-23,0:00,12,6178.6277
2025-1-23,0:00,13,5928.0268
2025-1-23,0:00,14,4697.6942
2025-1-23,0:00,15,3208.9282
2025-1-23,0:00,16,1914.2814
2025-1-23,0:00,17,192.4357
2025-1-23,0:00,18,0.0
2025-1-23,0:00,19,0.0
2025-1-23,0:00,20,0.0
2025-1-23,0:00,21,0.0
2025-1-23,0:00,22,0.0
2025-1-23,0:00,23,0.0
2025-1-23,0:00,24,0.0
2025-1-23,6:00,1,185.9706
2025-1-23,6:00,2,1731.8411
2025-1-23,6:00,3,3180.7758
2025-1-23,6:00,4,4762.6331
2025-1-23,6:00,5,5977.7968
2025-1-23,6:00,6,6008.8025
2025-1-23,6:00,7,6245.9364
2025-1-23,6:00,8,5029.2553
2025-1-23,6:00,9,3542.6371
2025-1-23,6:00,10,1926.3683
2025-1-23,6:00,11,194.149
2025-1-23,6:00,12,0.0
2025-1-23,6:00,13,0.0
2025-1-23,6:00,14,0.0
2025-1-23,6:00,15,0.0
2025-1-23,6:00,16,0.0
2025-1-23,6:00,17,0.0
2025-1-23,6:00,18,0.0
2025-1-23,6:00,19,0.0
2025-1-23,6:00,20,0.0
2025-1-23,6:00,21,0.0
2025-1-23,6:00,22,0.0
2025-1-23,6:00,23,0.0
2025-1-23,6:00,24,0.0
2025-1-23,12:00,1,5470.7906
2025-1-23,12:00,2,4719.9861
2025-1-23,12:00,3,3313.3189
2025-1-23,12:00,4,1914.0953
2025-1-23,12:00,5,186.4386
2025-1-23,12:00,6,0.0
2025-1-23,12:00,7,0.0
2025-1-23,12:00,8,0.0
2025-1-23,12:00,9,0.0
2025-1-23,12:00,10,0.0
2025-1-23,12:00,11,0.0
2025-1-23,12:00,12,0.0
2025-1-23,12:00,13,0.0
2025-1-23,12:00,14,0.0
2025-1-23,12:00,15,0.0
2025-1-23,12:00,16,0.0
2025-1-23,12:00,17,0.0
2025-1-23,12:00,18,0.0
2025-1-23,12:00,19,205.6687
2025-1-23,12:00,20,1561.1234
2025-1-23,12:00,21,3431.7404
2025-1-23,12:00,22,4616.0145
2025-1-23,12:00,23,6204.8779
2025-1-23,12:00,24,6680.7809
2025-1-23,18:00,1,0.0
2025-1-23,18:00,2,0.0
2025-1-23,18:00,3,0.0
2025-1-23,18:00,4,0.0
2025-1-23,18:00,5,0.0
2025-1-23,18:00,6,0.0
2025-1-23,18:00,7,0.0
2025-1-23,18:00,8,0.0
2025-1-23,18:00,9,0.0
2025-1-23,18:00,10,0.0
2025-1-23,18:00,11,0.0
2025-1-23,18:00,12,0.0
2025-1-23,18:00,13,231.4145
2025-1-23,18:00,14,2002.4252
2025-1-23,18:00,15,3426.0699
2025-1-23,18:00,16,5128.4052
2025-1-23,18:00,17,6141.8788
2025-1-23,18:00,18,5509.9373
2025-1-23,18:00,19,5898.3076
2025-1-23,18:00,20,4919.7464
2025-1-23,18:00,21,4070.0682
2025-1-23,18:00,22,1708.4194
2025-1-23,18:00,23,216.8405
2025-1-23,18:00,24,0.0
2025-1-24,0:00,1,0.0
2025-1-24,0:00,2,0.0
2025-1-24,0:00,3,0.0
2025-1-24,0:00,4,0.0
2025-1-24,0:00,5,0.0
2025-1-24,0:00,6,0.0
2025-1-24,0:00,7,231.3724
2025-1-24,0:00,8,1919.4144
2025-1-24,0:00,9,3573.7701
2025-1-24,0:00,10,5264.0777
2025-1-24,0:00,11,6504.1866
2025-1-24,0:00,12,6942.5502
2025-1-24,0:00,13,6629.2768
2025-1-24,0:00,14,5668.8129
2025-1-24,0:00,15,3945.2215
2025-1-24,0:00,16,1846.2657
2025-1-24,0:00,17,199.3029
2025-1-24,0:00,18,0.0
2025-1-24,0:00,19,0.0
2025-1-24,0:00,20,0.0
2025-1-24,0:00,21,0.0
2025-1-24,0:00,22,0.0
2025-1-24,0:00,23,0.0
2025-1-24,0:00,24,0.0
2025-1-24,6:00,1,208.1432
2025-1-24,6:00,2,1805.0477
2025-1-24,6:00,3,3474.0988
2025-1-24,6:00,4,5199.7497
2025-1-24,6:00,5,6524.7103
2025-1-24,6:00,6,6865.1614
2025-1-24,6:00,7,6453.794
2025-1-24,6:00,8,5148.2863
2025-1-24,6:00,9,4157.3357
2025-1-24,6:00,10,2089.3147
2025-1-24,6:00,11,255.0301
2025-1-24,6:00,12,0.0
2025-1-24,6:00,13,0.0
2025-1-24,6:00,14,0.0
2025-1-24,6:00,15,0.0
2025-1-24,6:00,16,0.0
2025-1-24,6:00,17,0.0
2025-1-24,6:00,18,0.0
2025-1-24,6:00,19,0.0
2025-1-24,6:00,20,0.0
2025-1-24,6:00,21,0.0
2025-1-24,6:00,22,0.0
2025-1-24,6:00,23,0.0
2025-1-24,6:00,24,0.0
2025-1-24,12:00,1,6096.1842
2025-1-24,12:00,2,4825.3658
2025-1-24,12:00,3,3562.1403
2025-1-24,12:00,4,1756.0338
2025-1-24,12:00,5,210.609
2025-1-24,12:00,6,0.0
2025-1-24,12:00,7,0.0
2025-1-24,12:00,8,0.0
2025-1-24,12:00,9,0.0
2025-1-24,12:00,10,0.0
2025-1-24,12:00,11,0.0
2025-1-24,12:00,12,0.0
2025-1-24,12:00,13,0.0
2025-1-24,12:00,14,0.0
2025-1-24,12:00,15,0.0
2025-1-24,12:00,16,0.0
2025-1-24,12:00,17,0.0
2025-1-24,12:00,18,0.0
2025-1-24,12:00,19,243.1973
2025-1-24,12:00,20,1734.2537
2025-1-24,12:00,21,3426.7815
2025-1-24,12:00,22,4419.3516
2025-1-24,12:00,23,5194.1802
2025-1-24,12:00,24,4711.7207
2025-1-24,18:00,1,0.0
2025-1-24,18:00,2,0.0
2025-1-24,18:00,3,0.0
2025-1-24,18:00,4,0.0
2025-1-24,18:00,5,0.0
2025-1-24,18:00,6,0.0
2025-1-24,18:00,7,0.0
2025-1-24,18:00,8,0.0
2025-1-24,18:00,9,0.0
2025-1-24,18:00,10,0.0
2025-1-24,18:00,11,0.0
2025-1-24,18:00,12,0.0
2025-1-24,18:00,13,200.5951
2025-1-24,18:00,14,1886.7897
2025-1-24,18:00,15,3517.865
2025-1-24,18:00,16,5683.425
2025-1-24,18:00,17,6984.7281
2025-1-24,18:00,18,6975.5625
2025-1-24,18:00,19,7157.625
2025-1-24,18:00,20,6088.05
2025-1-24,18:00,21,4173.675
2025-1-24,18:00,22,2463.225
2025-1-24,18:00,23,330.9918
2025-1-24,18:00,24,0.0
2025-1-25,0:00,1,0.0
2025-1-25,0:00,2,0.0
2025-1-25,0:00,3,0.0
2025-1-25,0:00,4,0.0
2025-1-25,0:00,5,0.0
2025-1-25,0:00,6,0.0
2025-1-25,0:00,7,175.2836
2025-1-25,0:00,8,1674.899
2025-1-25,0:00,9,3369.1981
2025-1-25,0:00,10,5081.7565
2025-1-25,0:00,11,6416.7544
2025-1-25,0:00,12,6975.5625
2025-1-25,0:00,13,7157.625
2025-1-25,0:00,14,6088.05
2025-1-25,0:00,15,4173.675
2025-1-25,0:00,16,2159.9978
2025-1-25,0:00,17,243.5256
2025-1-25,0:00,18,0.0
2025-1-25,0:00,19,0.0
2025-1-25,0:00,20,0.0
2025-1-25,0:00,21,0.0
2025-1-25,0:00,22,0.0
2025-1-25,0:00,23,0.0
2025-1-25,0:00,24,0.0
2025-1-25,6:00,1,212.2885
2025-1-25,6:00,2,1794.5835
2025-1-25,6:00,3,3562.8019
2025-1-25,6:00,4,4880.8984
2025-1-25,6:00,5,5657.6672
2025-1-25,6:00,6,6023.6399
2025-1-25,6:00,7,6534.0195
2025-1-25,6:00,8,5144.3609
2025-1-25,6:00,9,3524.2279
2025-1-25,6:00,10,1900.6039
2025-1-25,6:00,11,239.5057
2025-1-25,6:00,12,0.0
2025-1-25,6:00,13,0.0
2025-1-25,6:00,14,0.0
2025-1-25,6:00,15,0.0
2025-1-25,6:00,16,0.0
2025-1-25,6:00,17,0.0
2025-1-25,6:00,18,0.0
2025-1-25,6:00,19,0.0
2025-1-25,6:00,20,0.0
2025-1-25,6:00,21,0.0
2025-1-25,6:00,22,0.0
2025-1-25,6:00,23,0.0
2025-1-25,6:00,24,0.0
2025-1-25,12:00,1,6917.7005
2025-1-25,12:00,2,5476.1267
2025-1-25,12:00,3,3755.3179
2025-1-25,12:00,4,1922.1557
2025-1-25,12:00,5,233.3475
2025-1-25,12:00,6,0.0
2025-1-25,12:00,7,0.0
2025-1-25,12:00,8,0.0
2025-1-25,12:00,9,0.0
2025-1-25,12:00,10,0.0
2025-1-25,12:00,11,0.0
2025-1-25,12:00,12,0.0
2025-1-25,12:00,13,0.0
2025-1-25,12:00,14,0.0
2025-1-25,12:00,15,0.0
2025-1-25,12:00,16,0.0
2025-1-25,12:00,17,0.0
2025-1-25,12:00,18,0.0
2025-1-25,12:00,19,227.6509
2025-1-25,12:00,20,1900.5817
2025-1-25,12:00,21,4270.5073
2025-1-25,12:00,22,6084.0
2025-1-25,12:00,23,7088.1
2025-1-25,12:00,24,7247.5125
2025-1-25,18:00,1,0.0
2025-1-25,18:00,2,0.0
2025-1-25,18:00,3,0.0
2025-1-25,18:00,4,0.0
2025-1-25,18:00,5,0.0
2025-1-25,18:00,6,0.0
2025-1-25,18:00,7,0.0
2025-1-25,18:00,8,0.0
2025-1-25,18:00,9,0.0
2025-1-25,18:00,10,0.0
2025-1-25,18:00,11,0.0
2025-1-25,18:00,12,0.0
2025-1-25,18:00,13,251.2709
2025-1-25,18:00,14,2050.6057
2025-1-25,18:00,15,3942.2961
2025-1-25,18:00,16,5580.5893
2025-1-25,18:00,17,6518.8745
2025-1-25,18:00,18,6074.8901
2025-1-25,18:00,19,5301.2281
2025-1-25,18:00,20,4895.9832
2025-1-25,18:00,21,2985.6313
2025-1-25,18:00,22,2022.6772
2025-1-25,18:00,23,271.7867
2025-1-25,18:00,24,0.0
2025-1-26,0:00,1,0.0
2025-1-26,0:00,2,0.0
2025-1-26,0:00,3,0.0
2025-1-26,0:00,4,0.0
2025-1-26,0:00,5,0.0
2025-1-26,0:00,6,0.0
2025-1-26,0:00,7,221.6881
2025-1-26,0:00,8,1863.3382
2025-1-26,0:00,9,3433.2557
2025-1-26,0:00,10,4624.5663
2025-1-26,0:00,11,4913.119
2025-1-26,0:00,12,4842.3016
2025-1-26,0:00,13,4214.5725
2025-1-26,0:00,14,4297.9339
2025-1-26,0:00,15,2993.955
2025-1-26,0:00,16,1946.5518
2025-1-26,0:00,17,260.3611
2025-1-26,0:00,18,0.0
2025-1-26,0:00,19,0.0
2025-1-26,0:00,20,0.0
2025-1-26,0:00,21,0.0
2025-1-26,0:00,22,0.0
2025-1-26,0:00,23,0.0
2025-1-26,0:00,24,0.0
2025-1-26,6:00,1,227.0846
2025-1-26,6:00,2,1814.5359
2025-1-26,6:00,3,3546.4906
2025-1-26,6:00,4,4826.1244
2025-1-26,6:00,5,5814.2478
2025-1-26,6:00,6,5698.9032
2025-1-26,6:00,7,5184.1275
2025-1-26,6:00,8,5105.3334
2025-1-26,6:00,9,3651.5949
2025-1-26,6:00,10,1979.8583
2025-1-26,6:00,11,241.2852
2025-1-26,6:00,12,0.0
2025-1-26,6:00,13,0.0
2025-1-26,6:00,14,0.0
2025-1-26,6:00,15,0.0
2025-1-26,6:00,16,0.0
2025-1-26,6:00,17,0.0
2025-1-26,6:00,18,0.0
2025-1-26,6:00,19,0.0
2025-1-26,6:00,20,0.0
2025-1-26,6:00,21,0.0
2025-1-26,6:00,22,0.0
2025-1-26,6:00,23,0.0
2025-1-26,6:00,24,0.0
2025-1-26,12:00,1,5157.4853
2025-1-26,12:00,2,4840.937
2025-1-26,12:00,3,3274.7015
2025-1-26,12:00,4,1871.525
2025-1-26,12:00,5,239.6486
2025-1-26,12:00,6,0.0
2025-1-26,12:00,7,0.0
2025-1-26,12:00,8,0.0
2025-1-26,12:00,9,0.0
2025-1-26,12:00,10,0.0
2025-1-26,12:00,11,0.0
2025-1-26,12:00,12,0.0
2025-1-26,12:00,13,0.0
2025-1-26,12:00,14,0.0
2025-1-26,12:00,15,0.0
2025-1-26,12:00,16,0.0
2025-1-26,12:00,17,0.0
2025-1-26,12:00,18,0.0
2025-1-26,12:00,19,220.5408
2025-1-26,12:00,20,1616.2219
2025-1-26,12:00,21,2925.4817
2025-1-26,12:00,22,5640.3029
2025-1-26,12:00,23,6791.6883
2025-1-26,12:00,24,7245.2692
2025-1-26,18:00,1,0.0
2025-1-26,18:00,2,0.0
2025-1-26,18:00,3,0.0
2025-1-26,18:00,4,0.0
2025-1-26,18:00,5,0.0
2025-1-26,18:00,6,0.0
2025-1-26,18:00,7,0.0
2025-1-26,18:00,8,0.0
2025-1-26,18:00,9,0.0
2025-1-26,18:00,10,0.0
2025-1-26,18:00,11,0.0
2025-1-26,18:00,12,0.0
2025-1-26,18:00,13,284.9737
2025-1-26,18:00,14,2123.0821
2025-1-26,18:00,15,4230.7549
2025-1-26,18:00,16,6084.0
2025-1-26,18:00,17,6574.6661
2025-1-26,18:00,18,6856.9925
2025-1-26,18:00,19,5869.7304
2025-1-26,18:00,20,4880.6108
2025-1-26,18:00,21,2933.1532
2025-1-26,18:00,22,1472.4238
2025-1-26,18:00,23,202.2252
2025-1-26,18:00,24,0.0
2025-1-27,0:00,1,0.0
2025-1-27,0:00,2,0.0
2025-1-27,0:00,3,0.0
2025-1-27,0:00,4,0.0
2025-1-27,0:00,5,0.0
2025-1-27,0:00,6,0.0
2025-1-27,0:00,7,246.4932
2025-1-27,0:00,8,1872.5363
2025-1-27,0:00,9,3498.5381
2025-1-27,0:00,10,5401.3013
2025-1-27,0:00,11,6043.7248
2025-1-27,0:00,12,7247.5125
2025-1-27,0:00,13,6384.9825
2025-1-27,0:00,14,6088.05
2025-1-27,0:00,15,4352.7
2025-1-27,0:00,16,2482.2
2025-1-27,0:00,17,325.1288
2025-1-27,0:00,18,0.0
2025-1-27,0:00,19,0.0
2025-1-27,0:00,20,0.0
2025-1-27,0:00,21,0.0
2025-1-27,0:00,22,0.0
2025-1-27,0:00,23,0.0
2025-1-27,0:00,24,0.0
2025-1-27,6:00,1,244.3844
2025-1-27,6:00,2,1915.7873
2025-1-27,6:00,3,3843.8986
2025-1-27,6:00,4,5640.7209
2025-1-27,6:00,5,6126.9387
2025-1-27,6:00,6,6979.7692
2025-1-27,6:00,7,5648.0806
2025-1-27,6:00,8,4946.1789
2025-1-27,6:00,9,3351.4689
2025-1-27,6:00,10,1940.696
2025-1-27,6:00,11,271.7645
2025-1-27,6:00,12,0.0
2025-1-27,6:00,13,0.0
2025-1-27,6:00,14,0.0
2025-1-27,6:00,15,0.0
2025-1-27,6:00,16,0.0
2025-1-27,6:00,17,0.0
2025-1-27,6:00,18,0.0
2025-1-27,6:00,19,0.0
2025-1-27,6:00,20,0.0
2025-1-27,6:00,21,0.0
2025-1-27,6:00,22,0.0
2025-1-27,6:00,23,0.0
2025-1-27,6:00,24,0.0
2025-1-27,12:00,1,5670.8433
2025-1-27,12:00,2,5345.4919
2025-1-27,12:00,3,3683.7185
2025-1-27,12:00,4,2021.3418
2025-1-27,12:00,5,279.0688
2025-1-27,12:00,6,0.0
2025-1-27,12:00,7,0.0
2025-1-27,12:00,8,0.0
2025-1-27,12:00,9,0.0
2025-1-27,12:00,10,0.0
2025-1-27,12:00,11,0.0
2025-1-27,12:00,12,0.0
2025-1-27,12:00,13,0.0
2025-1-27,12:00,14,0.0
2025-1-27,12:00,15,0.0
2025-1-27,12:00,16,0.0
2025-1-27,12:00,17,0.0
2025-1-27,12:00,18,0.0
2025-1-27,12:00,19,309.8928
2025-1-27,12:00,20,1883.273
2025-1-27,12:00,21,3534.5134
2025-1-27,12:00,22,5531.4782
2025-1-27,12:00,23,7088.1
2025-1-27,12:00,24,6341.4886
2025-1-27,18:00,1,0.0
2025-1-27,18:00,2,0.0
2025-1-27,18:00,3,0.0
2025-1-27,18:00,4,0.0
2025-1-27,18:00,5,0.0
2025-1-27,18:00,6,0.0
2025-1-27,18:00,7,0.0
2025-1-27,18:00,8,0.0
2025-1-27,18:00,9,0.0
2025-1-27,18:00,10,0.0
2025-1-27,18:00,11,0.0
2025-1-27,18:00,12,0.0
2025-1-27,18:00,13,266.9108
2025-1-27,18:00,14,1817.7702
2025-1-27,18:00,15,3054.6381
2025-1-27,18:00,16,4874.8749
2025-1-27,18:00,17,7088.1
2025-1-27,18:00,18,6568.4422
2025-1-27,18:00,19,6124.8892
2025-1-27,18:00,20,6088.05
2025-1-27,18:00,21,4352.7
2025-1-27,18:00,22,2427.4278
2025-1-27,18:00,23,365.9881
2025-1-27,18:00,24,0.0
2025-1-28,0:00,1,0.0
2025-1-28,0:00,2,0.0
2025-1-28,0:00,3,0.0
2025-1-28,0:00,4,0.0
2025-1-28,0:00,5,0.0
2025-1-28,0:00,6,0.0
2025-1-28,0:00,7,317.8497
2025-1-28,0:00,8,2080.7957
2025-1-28,0:00,9,3665.9685
2025-1-28,0:00,10,4911.532
2025-1-28,0:00,11,5868.6455
2025-1-28,0:00,12,4888.0971
2025-1-28,0:00,13,4900.9878
2025-1-28,0:00,14,5194.7635
2025-1-28,0:00,15,3780.3281
2025-1-28,0:00,16,2049.8508
2025-1-28,0:00,17,306.5797
2025-1-28,0:00,18,0.0
2025-1-28,0:00,19,0.0
2025-1-28,0:00,20,0.0
2025-1-28,0:00,21,0.0
2025-1-28,0:00,22,0.0
2025-1-28,0:00,23,0.0
2025-1-28,0:00,24,0.0
2025-1-28,6:00,1,278.9177
2025-1-28,6:00,2,1868.382
2025-1-28,6:00,3,3563.6793
2025-1-28,6:00,4,4945.806
2025-1-28,6:00,5,6069.7913
2025-1-28,6:00,6,5715.8277
2025-1-28,6:00,7,5378.2258
2025-1-28,6:00,8,4657.1246
2025-1-28,6:00,9,3530.1877
2025-1-28,6:00,10,2061.9018
2025-1-28,6:00,11,297.3392
2025-1-28,6:00,12,0.0
2025-1-28,6:00,13,0.0
2025-1-28,6:00,14,0.0
2025-1-28,6:00,15,0.0
2025-1-28,6:00,16,0.0
2025-1-28,6:00,17,0.0
2025-1-28,6:00,18,0.0
2025-1-28,6:00,19,0.0
2025-1-28,6:00,20,0.0
2025-1-28,6:00,21,0.0
2025-1-28,6:00,22,0.0
2025-1-28,6:00,23,0.0
2025-1-28,6:00,24,0.0
2025-1-28,12:00,1,5646.2983
2025-1-28,12:00,2,5014.364
2025-1-28,12:00,3,3779.1455
2025-1-28,12:00,4,2158.6447
2025-1-28,12:00,5,298.9752
2025-1-28,12:00,6,0.0
2025-1-28,12:00,7,0.0
2025-1-28,12:00,8,0.0
2025-1-28,12:00,9,0.0
2025-1-28,12:00,10,0.0
2025-1-28,12:00,11,0.0
2025-1-28,12:00,12,0.0
2025-1-28,12:00,13,0.0
2025-1-28,12:00,14,0.0
2025-1-28,12:00,15,0.0
2025-1-28,12:00,16,0.0
2025-1-28,12:00,17,0.0
2025-1-28,12:00,18,0.0
2025-1-28,12:00,19,261.1566
2025-1-28,12:00,20,1737.364
2025-1-28,12:00,21,3111.0512
2025-1-28,12:00,22,4921.4645
2025-1-28,12:00,23,4550.2462
2025-1-28,12:00,24,4925.4345
2025-1-28,18:00,1,0.0
2025-1-28,18:00,2,0.0
2025-1-28,18:00,3,0.0
2025-1-28,18:00,4,0.0
2025-1-28,18:00,5,0.0
2025-1-28,18:00,6,0.0
2025-1-28,18:00,7,0.0
2025-1-28,18:00,8,0.0
2025-1-28,18:00,9,0.0
2025-1-28,18:00,10,0.0
2025-1-28,18:00,11,0.0
2025-1-28,18:00,12,0.0
2025-1-28,18:00,13,297.0051
2025-1-28,18:00,14,2107.0
2025-1-28,18:00,15,3966.8451
2025-1-28,18:00,16,5089.9651
2025-1-28,18:00,17,6023.5819
2025-1-28,18:00,18,6523.4287
2025-1-28,18:00,19,7157.625
2025-1-28,18:00,20,6088.05
2025-1-28,18:00,21,4665.8836
2025-1-28,18:00,22,2447.5876
2025-1-28,18:00,23,346.9922
2025-1-28,18:00,24,0.0
2025-1-29,0:00,1,0.0
2025-1-29,0:00,2,0.0
2025-1-29,0:00,3,0.0
2025-1-29,0:00,4,0.0
2025-1-29,0:00,5,0.0
2025-1-29,0:00,6,0.0
2025-1-29,0:00,7,351.3224
2025-1-29,0:00,8,2284.2186
2025-1-29,0:00,9,4239.791
2025-1-29,0:00,10,5641.6352
2025-1-29,0:00,11,5940.8807
2025-1-29,0:00,12,6187.547
2025-1-29,0:00,13,6739.1348
2025-1-29,0:00,14,6088.05
2025-1-29,0:00,15,4790.25
2025-1-29,0:00,16,2646.3375
2025-1-29,0:00,17,357.8637
2025-1-29,0:00,18,0.0
2025-1-29,0:00,19,0.0
2025-1-29,0:00,20,0.0
2025-1-29,0:00,21,0.0
2025-1-29,0:00,22,0.0
2025-1-29,0:00,23,0.0
2025-1-29,0:00,24,0.0
2025-1-29,6:00,1,322.4017
2025-1-29,6:00,2,2146.4655
2025-1-29,6:00,3,3853.6824
2025-1-29,6:00,4,5530.6
2025-1-29,6:00,5,5905.6436
2025-1-29,6:00,6,5850.3219
2025-1-29,6:00,7,5837.948
2025-1-29,6:00,8,5497.6455
2025-1-29,6:00,9,4072.3654
2025-1-29,6:00,10,2059.4745
2025-1-29,6:00,11,302.9234
2025-1-29,6:00,12,0.0
2025-1-29,6:00,13,0.0
2025-1-29,6:00,14,0.0
2025-1-29,6:00,15,0.0
2025-1-29,6:00,16,0.0
2025-1-29,6:00,17,0.0
2025-1-29,6:00,18,0.0
2025-1-29,6:00,19,0.0
2025-1-29,6:00,20,0.0
2025-1-29,6:00,21,0.0
2025-1-29,6:00,22,0.0
2025-1-29,6:00,23,0.0
2025-1-29,6:00,24,0.0
2025-1-29,12:00,1,6681.4268
2025-1-29,12:00,2,6069.2733
2025-1-29,12:00,3,4442.8761
2025-1-29,12:00,4,2301.1621
2025-1-29,12:00,5,308.0735
2025-1-29,12:00,6,0.0
2025-1-29,12:00,7,0.0
2025-1-29,12:00,8,0.0
2025-1-29,12:00,9,0.0
2025-1-29,12:00,10,0.0
2025-1-29,12:00,11,0.0
2025-1-29,12:00,12,0.0
2025-1-29,12:00,13,0.0
2025-1-29,12:00,14,0.0
2025-1-29,12:00,15,0.0
2025-1-29,12:00,16,0.0
2025-1-29,12:00,17,0.0
2025-1-29,12:00,18,0.0
2025-1-29,12:00,19,327.5037
2025-1-29,12:00,20,2472.0475
2025-1-29,12:00,21,4368.9728
2025-1-29,12:00,22,5520.2952
2025-1-29,12:00,23,6866.153
2025-1-29,12:00,24,6412.3727
2025-1-29,18:00,1,0.0
2025-1-29,18:00,2,0.0
2025-1-29,18:00,3,0.0
2025-1-29,18:00,4,0.0
2025-1-29,18:00,5,0.0
2025-1-29,18:00,6,0.0
2025-1-29,18:00,7,0.0
2025-1-29,18:00,8,0.0
2025-1-29,18:00,9,0.0
2025-1-29,18:00,10,0.0
2025-1-29,18:00,11,0.0
2025-1-29,18:00,12,0.0
2025-1-29,18:00,13,353.6731
2025-1-29,18:00,14,2374.4822
2025-1-29,18:00,15,4453.5166
2025-1-29,18:00,16,5872.3843
2025-1-29,18:00,17,7490.3742
2025-1-29,18:00,18,6223.0077
2025-1-29,18:00,19,5782.7041
2025-1-29,18:00,20,3811.2962
2025-1-29,18:00,21,2850.5178
2025-1-29,18:00,22,1280.9095
2025-1-29,18:00,23,176.9966
2025-1-29,18:00,24,0.0
2025-1-30,0:00,1,0.0
2025-1-30,0:00,2,0.0
2025-1-30,0:00,3,0.0
2025-1-30,0:00,4,0.0
2025-1-30,0:00,5,0.0
2025-1-30,0:00,6,0.0
2025-1-30,0:00,7,296.7997
2025-1-30,0:00,8,1942.1266
2025-1-30,0:00,9,3445.5182
2025-1-30,0:00,10,4769.3825
2025-1-30,0:00,11,6303.3426
2025-1-30,0:00,12,6811.9373
2025-1-30,0:00,13,7157.625
2025-1-30,0:00,14,6088.05
2025-1-30,0:00,15,4790.25
2025-1-30,0:00,16,2747.3625
2025-1-30,0:00,17,386.693
2025-1-30,0:00,18,0.0
2025-1-30,0:00,19,0.0
2025-1-30,0:00,20,0.0
2025-1-30,0:00,21,0.0
2025-1-30,0:00,22,0.0
2025-1-30,0:00,23,0.0
2025-1-30,0:00,24,0.0
2025-1-30,6:00,1,300.1262
2025-1-30,6:00,2,1914.7101
2025-1-30,6:00,3,3522.7265
2025-1-30,6:00,4,5118.9263
2025-1-30,6:00,5,6191.6196
2025-1-30,6:00,6,6092.4175
2025-1-30,6:00,7,6837.1221
2025-1-30,6:00,8,4883.3256
2025-1-30,6:00,9,3528.7661
2025-1-30,6:00,10,1927.9531
2025-1-30,6:00,11,280.6747
2025-1-30,6:00,12,0.0
2025-1-30,6:00,13,0.0
2025-1-30,6:00,14,0.0
2025-1-30,6:00,15,0.0
2025-1-30,6:00,16,0.0
2025-1-30,6:00,17,0.0
2025-1-30,6:00,18,0.0
2025-1-30,6:00,19,0.0
2025-1-30,6:00,20,0.0
2025-1-30,6:00,21,0.0
2025-1-30,6:00,22,0.0
2025-1-30,6:00,23,0.0
2025-1-30,6:00,24,0.0
2025-1-30,12:00,1,6599.6089
2025-1-30,12:00,2,5092.5871
2025-1-30,12:00,3,3762.5457
2025-1-30,12:00,4,2131.7341
2025-1-30,12:00,5,306.9006
2025-1-30,12:00,6,0.0
2025-1-30,12:00,7,0.0
2025-1-30,12:00,8,0.0
2025-1-30,12:00,9,0.0
2025-1-30,12:00,10,0.0
2025-1-30,12:00,11,0.0
2025-1-30,12:00,12,0.0
2025-1-30,12:00,13,0.0
2025-1-30,12:00,14,0.0
2025-1-30,12:00,15,0.0
2025-1-30,12:00,16,0.0
2025-1-30,12:00,17,0.0
2025-1-30,12:00,18,0.0
2025-1-30,12:00,19,325.9594
2025-1-30,12:00,20,1766.7545
2025-1-30,12:00,21,3988.3782
2025-1-30,12:00,22,5385.8117
2025-1-30,12:00,23,5558.4484
2025-1-30,12:00,24,5874.4999
2025-1-30,18:00,1,0.0
2025-1-30,18:00,2,0.0
2025-1-30,18:00,3,0.0
2025-1-30,18:00,4,0.0
2025-1-30,18:00,5,0.0
2025-1-30,18:00,6,0.0
2025-1-30,18:00,7,0.0
2025-1-30,18:00,8,0.0
2025-1-30,18:00,9,0.0
2025-1-30,18:00,10,0.0
2025-1-30,18:00,11,0.0
2025-1-30,18:00,12,0.0
2025-1-30,18:00,13,341.419
2025-1-30,18:00,14,2093.2639
2025-1-30,18:00,15,4565.2587
2025-1-30,18:00,16,6619.8375
2025-1-30,18:00,17,7575.225
2025-1-30,18:00,18,7444.3125
2025-1-30,18:00,19,7157.625
2025-1-30,18:00,20,6088.05
2025-1-30,18:00,21,4554.8061
2025-1-30,18:00,22,2326.8567
2025-1-30,18:00,23,424.0424
2025-1-30,18:00,24,0.0
2025-1-31,0:00,1,0.0
2025-1-31,0:00,2,0.0
2025-1-31,0:00,3,0.0
2025-1-31,0:00,4,0.0
2025-1-31,0:00,5,0.0
2025-1-31,0:00,6,0.0
2025-1-31,0:00,7,333.2584
2025-1-31,0:00,8,1807.8256
2025-1-31,0:00,9,3591.6531
2025-1-31,0:00,10,5141.7765
2025-1-31,0:00,11,5789.7238
2025-1-31,0:00,12,7296.1671
2025-1-31,0:00,13,6647.5229
2025-1-31,0:00,14,5982.0057
2025-1-31,0:00,15,3967.0815
2025-1-31,0:00,16,2375.5887
2025-1-31,0:00,17,403.9901
2025-1-31,0:00,18,0.0
2025-1-31,0:00,19,0.0
2025-1-31,0:00,20,0.0
2025-1-31,0:00,21,0.0
2025-1-31,0:00,22,0.0
2025-1-31,0:00,23,0.0
2025-1-31,0:00,24,0.0
2025-1-31,6:00,1,333.6655
2025-1-31,6:00,2,1907.1173
2025-1-31,6:00,3,3648.3956
2025-1-31,6:00,4,4953.8379
2025-1-31,6:00,5,5604.8952
2025-1-31,6:00,6,6058.3098
2025-1-31,6:00,7,5722.9868
2025-1-31,6:00,8,5527.7913
2025-1-31,6:00,9,3720.7818
2025-1-31,6:00,10,2042.6465
2025-1-31,6:00,11,339.6446
2025-1-31,6:00,12,0.0
2025-1-31,6:00,13,0.0
2025-1-31,6:00,14,0.0
2025-1-31,6:00,15,0.0
2025-1-31,6:00,16,0.0
2025-1-31,6:00,17,0.0
2025-1-31,6:00,18,0.0
2025-1-31,6:00,19,0.0
2025-1-31,6:00,20,0.0
2025-1-31,6:00,21,0.0
2025-1-31,6:00,22,0.0
2025-1-31,6:00,23,0.0
2025-1-31,6:00,24,0.0
2025-1-31,12:00,1,5879.2583
2025-1-31,12:00,2,5508.2427
2025-1-31,12:00,3,3817.8496
2025-1-31,12:00,4,2088.8759
2025-1-31,12:00,5,353.2561
2025-1-31,12:00,6,0.0
2025-1-31,12:00,7,0.0
2025-1-31,12:00,8,0.0
2025-1-31,12:00,9,0.0
2025-1-31,12:00,10,0.0
2025-1-31,12:00,11,0.0
2025-1-31,12:00,12,0.0
2025-1-31,12:00,13,0.0
2025-1-31,12:00,14,0.0
2025-1-31,12:00,15,0.0
2025-1-31,12:00,16,0.0
2025-1-31,12:00,17,0.0
2025-1-31,12:00,18,0.0
2025-1-31,12:00,19,334.0592
2025-1-31,12:00,20,2150.1317
2025-1-31,12:00,21,3650.3943
2025-1-31,12:00,22,5530.3651
2025-1-31,12:00,23,7575.225
2025-1-31,12:00,24,7444.3125
2025-1-31,18:00,1,0.0
2025-1-31,18:00,2,0.0
2025-1-31,18:00,3,0.0
2025-1-31,18:00,4,0.0
2025-1-31,18:00,5,0.0
2025-1-31,18:00,6,0.0
2025-1-31,18:00,7,0.0
2025-1-31,18:00,8,0.0
2025-1-31,18:00,9,0.0
2025-1-31,18:00,10,0.0
2025-1-31,18:00,11,0.0
2025-1-31,18:00,12,0.0
2025-1-31,18:00,13,297.8038
2025-1-31,18:00,14,1785.7989
2025-1-31,18:00,15,3458.1257
2025-1-31,18:00,16,5238.2447
2025-1-31,18:00,17,6570.8788
2025-1-31,18:00,18,7444.3125
2025-1-31,18:00,19,7157.625
2025-1-31,18:00,20,6088.05
2025-1-31,18:00,21,4044.957
2025-1-31,18:00,22,1974.8296
2025-1-31,18:00,23,344.638
2025-1-31,18:00,24,0.0
2025-2-1,0:00,1,0.0
2025-2-1,0:00,2,0.0
2025-2-1,0:00,3,0.0
2025-2-1,0:00,4,0.0
2025-2-1,0:00,5,0.0
2025-2-1,0:00,6,0.0
2025-2-1,0:00,7,351.8186
2025-2-1,0:00,8,2055.0921
2025-2-1,0:00,9,3840.8664
2025-2-1,0:00,10,5817.8346
2025-2-1,0:00,11,7046.6046
2025-2-1,0:00,12,6729.8795
2025-2-1,0:00,13,6041.7638
2025-2-1,0:00,14,5020.7001
2025-2-1,0:00,15,3272.3774
2025-2-1,0:00,16,1309.8672
2025-2-1,0:00,17,275.2273
2025-2-1,0:00,18,0.0
2025-2-1,0:00,19,0.0
2025-2-1,0:00,20,0.0
2025-2-1,0:00,21,0.0
2025-2-1,0:00,22,0.0
2025-2-1,0:00,23,0.0
2025-2-1,0:00,24,0.0
2025-2-1,6:00,1,346.9466
2025-2-1,6:00,2,2070.1164
2025-2-1,6:00,3,3894.6354
2025-2-1,6:00,4,5872.2251
2025-2-1,6:00,5,6798.0513
2025-2-1,6:00,6,6974.8083
2025-2-1,6:00,7,6980.8006
2025-2-1,6:00,8,5666.3176
2025-2-1,6:00,9,3746.5408
2025-2-1,6:00,10,2112.8236
2025-2-1,6:00,11,388.5491
2025-2-1,6:00,12,0.0
2025-2-1,6:00,13,0.0
2025-2-1,6:00,14,0.0
2025-2-1,6:00,15,0.0
2025-2-1,6:00,16,0.0
2025-2-1,6:00,17,0.0
2025-2-1,6:00,18,0.0
2025-2-1,6:00,19,0.0
2025-2-1,6:00,20,0.0
2025-2-1,6:00,21,0.0
2025-2-1,6:00,22,0.0
2025-2-1,6:00,23,0.0
2025-2-1,6:00,24,0.0
2025-2-1,12:00,1,6292.3136
2025-2-1,12:00,2,5206.092
2025-2-1,12:00,3,3634.1271
2025-2-1,12:00,4,1920.1047
2025-2-1,12:00,5,335.9676
2025-2-1,12:00,6,0.0
2025-2-1,12:00,7,0.0
2025-2-1,12:00,8,0.0
2025-2-1,12:00,9,0.0
2025-2-1,12:00,10,0.0
2025-2-1,12:00,11,0.0
2025-2-1,12:00,12,0.0
2025-2-1,12:00,13,0.0
2025-2-1,12:00,14,0.0
2025-2-1,12:00,15,0.0
2025-2-1,12:00,16,0.0
2025-2-1,12:00,17,0.0
2025-2-1,12:00,18,0.0
2025-2-1,12:00,19,391.9335
2025-2-1,12:00,20,1844.3734
2025-2-1,12:00,21,2864.5339
2025-2-1,12:00,22,3650.225
2025-2-1,12:00,23,4698.474
2025-2-1,12:00,24,3189.0074
2025-2-1,18:00,1,0.0
2025-2-1,18:00,2,0.0
2025-2-1,18:00,3,0.0
2025-2-1,18:00,4,0.0
2025-2-1,18:00,5,0.0
2025-2-1,18:00,6,0.0
2025-2-1,18:00,7,0.0
2025-2-1,18:00,8,0.0
2025-2-1,18:00,9,0.0
2025-2-1,18:00,10,0.0
2025-2-1,18:00,11,0.0
2025-2-1,18:00,12,0.0
2025-2-1,18:00,13,327.5072
2025-2-1,18:00,14,1823.046
2025-2-1,18:00,15,4069.055
2025-2-1,18:00,16,5461.453
2025-2-1,18:00,17,6900.8895
2025-2-1,18:00,18,7444.3125
2025-2-1,18:00,19,7113.1685
2025-2-1,18:00,20,6398.5961
2025-2-1,18:00,21,4790.25
2025-2-1,18:00,22,2561.73
2025-2-1,18:00,23,492.0532
2025-2-1,18:00,24,0.0
2025-2-2,0:00,1,0.0
2025-2-2,0:00,2,0.0
2025-2-2,0:00,3,0.0
2025-2-2,0:00,4,0.0
2025-2-2,0:00,5,0.0
2025-2-2,0:00,6,0.0
2025-2-2,0:00,7,375.2276
2025-2-2,0:00,8,2068.4134
2025-2-2,0:00,9,4083.9989
2025-2-2,0:00,10,5106.4019
2025-2-2,0:00,11,5942.0848
2025-2-2,0:00,12,6336.8078
2025-2-2,0:00,13,6020.8029
2025-2-2,0:00,14,5246.8438
2025-2-2,0:00,15,4175.6368
2025-2-2,0:00,16,2140.0738
2025-2-2,0:00,17,411.1198
2025-2-2,0:00,18,0.0
2025-2-2,0:00,19,0.0
2025-2-2,0:00,20,0.0
2025-2-2,0:00,21,0.0
2025-2-2,0:00,22,0.0
2025-2-2,0:00,23,0.0
2025-2-2,0:00,24,0.0
2025-2-2,6:00,1,384.2618
2025-2-2,6:00,2,1996.0391
2025-2-2,6:00,3,3819.9586
2025-2-2,6:00,4,5545.8853
2025-2-2,6:00,5,6449.2045
2025-2-2,6:00,6,7053.2195
2025-2-2,6:00,7,6205.08
2025-2-2,6:00,8,5647.0073
2025-2-2,6:00,9,3844.7989
2025-2-2,6:00,10,2095.5448
2025-2-2,6:00,11,434.0997
2025-2-2,6:00,12,0.0
2025-2-2,6:00,13,0.0
2025-2-2,6:00,14,0.0
2025-2-2,6:00,15,0.0
2025-2-2,6:00,16,0.0
2025-2-2,6:00,17,0.0
2025-2-2,6:00,18,0.0
2025-2-2,6:00,19,0.0
2025-2-2,6:00,20,0.0
2025-2-2,6:00,21,0.0
2025-2-2,6:00,22,0.0
2025-2-2,6:00,23,0.0
2025-2-2,6:00,24,0.0
2025-2-2,12:00,1,6307.0955
2025-2-2,12:00,2,5565.3615
2025-2-2,12:00,3,3872.0385
2025-2-2,12:00,4,1995.2786
2025-2-2,12:00,5,361.7719
2025-2-2,12:00,6,0.0
2025-2-2,12:00,7,0.0
2025-2-2,12:00,8,0.0
2025-2-2,12:00,9,0.0
2025-2-2,12:00,10,0.0
2025-2-2,12:00,11,0.0
2025-2-2,12:00,12,0.0
2025-2-2,12:00,13,0.0
2025-2-2,12:00,14,0.0
2025-2-2,12:00,15,0.0
2025-2-2,12:00,16,0.0
2025-2-2,12:00,17,0.0
2025-2-2,12:00,18,0.0
2025-2-2,12:00,19,391.8719
2025-2-2,12:00,20,2589.0987
2025-2-2,12:00,21,3600.3742
2025-2-2,12:00,22,4652.5069
2025-2-2,12:00,23,4925.2143
2025-2-2,12:00,24,5144.367
2025-2-2,18:00,1,0.0
2025-2-2,18:00,2,0.0
2025-2-2,18:00,3,0.0
2025-2-2,18:00,4,0.0
2025-2-2,18:00,5,0.0
2025-2-2,18:00,6,0.0
2025-2-2,18:00,7,0.0
2025-2-2,18:00,8,0.0
2025-2-2,18:00,9,0.0
2025-2-2,18:00,10,0.0
2025-2-2,18:00,11,0.0
2025-2-2,18:00,12,0.0
2025-2-2,18:00,13,429.8173
2025-2-2,18:00,14,2252.1186
2025-2-2,18:00,15,3693.9356
2025-2-2,18:00,16,5328.8078
2025-2-2,18:00,17,6753.8194
2025-2-2,18:00,18,6414.659
2025-2-2,18:00,19,7116.0685
2025-2-2,18:00,20,6519.6
2025-2-2,18:00,21,4487.1542
2025-2-2,18:00,22,2015.9847
2025-2-2,18:00,23,389.2807
2025-2-2,18:00,24,0.0
2025-2-3,0:00,1,0.0
2025-2-3,0:00,2,0.0
2025-2-3,0:00,3,0.0
2025-2-3,0:00,4,0.0
2025-2-3,0:00,5,0.0
2025-2-3,0:00,6,0.0
2025-2-3,0:00,7,408.0103
2025-2-3,0:00,8,2205.3115
2025-2-3,0:00,9,3914.3949
2025-2-3,0:00,10,5138.3128
2025-2-3,0:00,11,5560.2815
2025-2-3,0:00,12,5718.6903
2025-2-3,0:00,13,5557.5033
2025-2-3,0:00,14,4633.3349
2025-2-3,0:00,15,3703.4216
2025-2-3,0:00,16,2083.4049
2025-2-3,0:00,17,362.8687
2025-2-3,0:00,18,0.0
2025-2-3,0:00,19,0.0
2025-2-3,0:00,20,0.0
2025-2-3,0:00,21,0.0
2025-2-3,0:00,22,0.0
2025-2-3,0:00,23,0.0
2025-2-3,0:00,24,0.0
2025-2-3,6:00,1,436.108
2025-2-3,6:00,2,2505.2194
2025-2-3,6:00,3,4080.8733
2025-2-3,6:00,4,5365.2102
2025-2-3,6:00,5,6311.3684
2025-2-3,6:00,6,6424.0303
2025-2-3,6:00,7,5591.5903
2025-2-3,6:00,8,5160.418
2025-2-3,6:00,9,3980.662
2025-2-3,6:00,10,2217.5069
2025-2-3,6:00,11,356.4207
2025-2-3,6:00,12,0.0
2025-2-3,6:00,13,0.0
2025-2-3,6:00,14,0.0
2025-2-3,6:00,15,0.0
2025-2-3,6:00,16,0.0
2025-2-3,6:00,17,0.0
2025-2-3,6:00,18,0.0
2025-2-3,6:00,19,0.0
2025-2-3,6:00,20,0.0
2025-2-3,6:00,21,0.0
2025-2-3,6:00,22,0.0
2025-2-3,6:00,23,0.0
2025-2-3,6:00,24,0.0
2025-2-3,12:00,1,6026.4449
2025-2-3,12:00,2,5365.985
2025-2-3,12:00,3,3990.6185
2025-2-3,12:00,4,2110.493
2025-2-3,12:00,5,382.8835
2025-2-3,12:00,6,0.0
2025-2-3,12:00,7,0.0
2025-2-3,12:00,8,0.0
2025-2-3,12:00,9,0.0
2025-2-3,12:00,10,0.0
2025-2-3,12:00,11,0.0
2025-2-3,12:00,12,0.0
2025-2-3,12:00,13,0.0
2025-2-3,12:00,14,0.0
2025-2-3,12:00,15,0.0
2025-2-3,12:00,16,0.0
2025-2-3,12:00,17,0.0
2025-2-3,12:00,18,0.0
2025-2-3,12:00,19,355.9193
2025-2-3,12:00,20,1942.6407
2025-2-3,12:00,21,2867.2414
2025-2-3,12:00,22,4304.0675
2025-2-3,12:00,23,5745.1601
2025-2-3,12:00,24,7816.9687
2025-2-3,18:00,1,0.0
2025-2-3,18:00,2,0.0
2025-2-3,18:00,3,0.0
2025-2-3,18:00,4,0.0
2025-2-3,18:00,5,0.0
2025-2-3,18:00,6,0.0
2025-2-3,18:00,7,0.0
2025-2-3,18:00,8,0.0
2025-2-3,18:00,9,0.0
2025-2-3,18:00,10,0.0
2025-2-3,18:00,11,0.0
2025-2-3,18:00,12,0.0
2025-2-3,18:00,13,355.0225
2025-2-3,18:00,14,1959.7348
2025-2-3,18:00,15,3094.3258
2025-2-3,18:00,16,4547.9093
2025-2-3,18:00,17,5191.9822
2025-2-3,18:00,18,6322.3441
2025-2-3,18:00,19,6327.8432
2025-2-3,18:00,20,4694.1293
2025-2-3,18:00,21,3495.6561
2025-2-3,18:00,22,2045.2428
2025-2-3,18:00,23,353.0943
2025-2-3,18:00,24,0.0
2025-2-4,0:00,1,0.0
2025-2-4,0:00,2,0.0
2025-2-4,0:00,3,0.0
2025-2-4,0:00,4,0.0
2025-2-4,0:00,5,0.0
2025-2-4,0:00,6,0.0
2025-2-4,0:00,7,339.3586
2025-2-4,0:00,8,2092.0507
2025-2-4,0:00,9,3341.4838
2025-2-4,0:00,10,5258.6925
2025-2-4,0:00,11,5833.3069
2025-2-4,0:00,12,6061.7863
2025-2-4,0:00,13,5419.0642
2025-2-4,0:00,14,4642.0949
2025-2-4,0:00,15,2388.5013
2025-2-4,0:00,16,1480.6607
2025-2-4,0:00,17,301.8229
2025-2-4,0:00,18,0.0
2025-2-4,0:00,19,0.0
2025-2-4,0:00,20,0.0
2025-2-4,0:00,21,0.0
2025-2-4,0:00,22,0.0
2025-2-4,0:00,23,0.0
2025-2-4,0:00,24,0.0
2025-2-4,6:00,1,359.3054
2025-2-4,6:00,2,2096.4623
2025-2-4,6:00,3,3471.681
2025-2-4,6:00,4,5016.8696
2025-2-4,6:00,5,5495.295
2025-2-4,6:00,6,6308.305
2025-2-4,6:00,7,5896.7638
2025-2-4,6:00,8,4763.0881
2025-2-4,6:00,9,3490.9421
2025-2-4,6:00,10,2207.8235
2025-2-4,6:00,11,411.3083
2025-2-4,6:00,12,0.0
2025-2-4,6:00,13,0.0
2025-2-4,6:00,14,0.0
2025-2-4,6:00,15,0.0
2025-2-4,6:00,16,0.0
2025-2-4,6:00,17,0.0
2025-2-4,6:00,18,0.0
2025-2-4,6:00,19,0.0
2025-2-4,6:00,20,0.0
2025-2-4,6:00,21,0.0
2025-2-4,6:00,22,0.0
2025-2-4,6:00,23,0.0
2025-2-4,6:00,24,0.0
2025-2-4,12:00,1,6034.9021
2025-2-4,12:00,2,4998.795
2025-2-4,12:00,3,3586.907
2025-2-4,12:00,4,2218.2378
2025-2-4,12:00,5,403.7672
2025-2-4,12:00,6,0.0
2025-2-4,12:00,7,0.0
2025-2-4,12:00,8,0.0
2025-2-4,12:00,9,0.0
2025-2-4,12:00,10,0.0
2025-2-4,12:00,11,0.0
2025-2-4,12:00,12,0.0
2025-2-4,12:00,13,0.0
2025-2-4,12:00,14,0.0
2025-2-4,12:00,15,0.0
2025-2-4,12:00,16,0.0
2025-2-4,12:00,17,0.0
2025-2-4,12:00,18,0.0
2025-2-4,12:00,19,360.334
2025-2-4,12:00,20,2019.0352
2025-2-4,12:00,21,4161.4106
2025-2-4,12:00,22,5561.2648
2025-2-4,12:00,23,7107.9818
2025-2-4,12:00,24,7616.1756
2025-2-4,18:00,1,0.0
2025-2-4,18:00,2,0.0
2025-2-4,18:00,3,0.0
2025-2-4,18:00,4,0.0
2025-2-4,18:00,5,0.0
2025-2-4,18:00,6,0.0
2025-2-4,18:00,7,0.0
2025-2-4,18:00,8,0.0
2025-2-4,18:00,9,0.0
2025-2-4,18:00,10,0.0
2025-2-4,18:00,11,0.0
2025-2-4,18:00,12,0.0
2025-2-4,18:00,13,482.6694
2025-2-4,18:00,14,2319.7647
2025-2-4,18:00,15,3859.0155
2025-2-4,18:00,16,4644.7734
2025-2-4,18:00,17,5004.8003
2025-2-4,18:00,18,4782.8823
2025-2-4,18:00,19,4553.9364
2025-2-4,18:00,20,3798.6342
2025-2-4,18:00,21,3088.3103
2025-2-4,18:00,22,1885.714
2025-2-4,18:00,23,388.5623
2025-2-4,18:00,24,0.0
2025-2-5,0:00,1,0.0
2025-2-5,0:00,2,0.0
2025-2-5,0:00,3,0.0
2025-2-5,0:00,4,0.0
2025-2-5,0:00,5,0.0
2025-2-5,0:00,6,0.0
2025-2-5,0:00,7,409.8286
2025-2-5,0:00,8,2182.9469
2025-2-5,0:00,9,3683.7022
2025-2-5,0:00,10,4987.2986
2025-2-5,0:00,11,6411.5976
2025-2-5,0:00,12,6660.5177
2025-2-5,0:00,13,6172.2878
2025-2-5,0:00,14,5595.2131
2025-2-5,0:00,15,3563.6955
2025-2-5,0:00,16,1950.5627
2025-2-5,0:00,17,398.749
2025-2-5,0:00,18,0.0
2025-2-5,0:00,19,0.0
2025-2-5,0:00,20,0.0
2025-2-5,0:00,21,0.0
2025-2-5,0:00,22,0.0
2025-2-5,0:00,23,0.0
2025-2-5,0:00,24,0.0
2025-2-5,6:00,1,398.3616
2025-2-5,6:00,2,2032.2656
2025-2-5,6:00,3,3621.8897
2025-2-5,6:00,4,4964.544
2025-2-5,6:00,5,5708.1363
2025-2-5,6:00,6,5803.5012
2025-2-5,6:00,7,6148.228
2025-2-5,6:00,8,5160.8256
2025-2-5,6:00,9,3749.5453
2025-2-5,6:00,10,2230.1338
2025-2-5,6:00,11,433.5723
2025-2-5,6:00,12,0.0
2025-2-5,6:00,13,0.0
2025-2-5,6:00,14,0.0
2025-2-5,6:00,15,0.0
2025-2-5,6:00,16,0.0
2025-2-5,6:00,17,0.0
2025-2-5,6:00,18,0.0
2025-2-5,6:00,19,0.0
2025-2-5,6:00,20,0.0
2025-2-5,6:00,21,0.0
2025-2-5,6:00,22,0.0
2025-2-5,6:00,23,0.0
2025-2-5,6:00,24,0.0
2025-2-5,12:00,1,6249.8767
2025-2-5,12:00,2,5598.9448
2025-2-5,12:00,3,3763.6428
2025-2-5,12:00,4,2244.3239
2025-2-5,12:00,5,437.2556
2025-2-5,12:00,6,0.0
2025-2-5,12:00,7,0.0
2025-2-5,12:00,8,0.0
2025-2-5,12:00,9,0.0
2025-2-5,12:00,10,0.0
2025-2-5,12:00,11,0.0
2025-2-5,12:00,12,0.0
2025-2-5,12:00,13,0.0
2025-2-5,12:00,14,0.0
2025-2-5,12:00,15,0.0
2025-2-5,12:00,16,0.0
2025-2-5,12:00,17,0.0
2025-2-5,12:00,18,0.0
2025-2-5,12:00,19,241.2076
2025-2-5,12:00,20,1077.3797
2025-2-5,12:00,21,2710.1912
2025-2-5,12:00,22,3870.3254
2025-2-5,12:00,23,5837.8161
2025-2-5,12:00,24,6705.876
2025-2-5,18:00,1,0.0
2025-2-5,18:00,2,0.0
2025-2-5,18:00,3,0.0
2025-2-5,18:00,4,0.0
2025-2-5,18:00,5,0.0
2025-2-5,18:00,6,0.0
2025-2-5,18:00,7,0.0
2025-2-5,18:00,8,0.0
2025-2-5,18:00,9,0.0
2025-2-5,18:00,10,0.0
2025-2-5,18:00,11,0.0
2025-2-5,18:00,12,0.0
2025-2-5,18:00,13,480.7503
2025-2-5,18:00,14,2173.1155
2025-2-5,18:00,15,4004.3164
2025-2-5,18:00,16,5348.4146
2025-2-5,18:00,17,5654.0497
2025-2-5,18:00,18,5563.3478
2025-2-5,18:00,19,5480.4403
2025-2-5,18:00,20,4410.9241
2025-2-5,18:00,21,3118.5209
2025-2-5,18:00,22,1808.5647
2025-2-5,18:00,23,342.0924
2025-2-5,18:00,24,0.0
2025-2-6,0:00,1,0.0
2025-2-6,0:00,2,0.0
2025-2-6,0:00,3,0.0
2025-2-6,0:00,4,0.0
2025-2-6,0:00,5,0.0
2025-2-6,0:00,6,0.0
2025-2-6,0:00,7,407.7541
2025-2-6,0:00,8,1892.1528
2025-2-6,0:00,9,3837.8519
2025-2-6,0:00,10,5021.5974
2025-2-6,0:00,11,6131.1625
2025-2-6,0:00,12,5168.7632
2025-2-6,0:00,13,5220.2868
2025-2-6,0:00,14,4143.8401
2025-2-6,0:00,15,2731.6723
2025-2-6,0:00,16,1516.8297
2025-2-6,0:00,17,374.7695
2025-2-6,0:00,18,0.0
2025-2-6,0:00,19,0.0
2025-2-6,0:00,20,0.0
2025-2-6,0:00,21,0.0
2025-2-6,0:00,22,0.0
2025-2-6,0:00,23,0.0
2025-2-6,0:00,24,0.0
2025-2-6,6:00,1,427.6335
2025-2-6,6:00,2,1985.2667
2025-2-6,6:00,3,3959.7551
2025-2-6,6:00,4,5247.0679
2025-2-6,6:00,5,5960.9446
2025-2-6,6:00,6,5814.8381
2025-2-6,6:00,7,5831.395
2025-2-6,6:00,8,4830.3222
2025-2-6,6:00,9,3451.3168
2025-2-6,6:00,10,2152.0778
2025-2-6,6:00,11,434.4142
2025-2-6,6:00,12,0.0
2025-2-6,6:00,13,0.0
2025-2-6,6:00,14,0.0
2025-2-6,6:00,15,0.0
2025-2-6,6:00,16,0.0
2025-2-6,6:00,17,0.0
2025-2-6,6:00,18,0.0
2025-2-6,6:00,19,0.0
2025-2-6,6:00,20,0.0
2025-2-6,6:00,21,0.0
2025-2-6,6:00,22,0.0
2025-2-6,6:00,23,0.0
2025-2-6,6:00,24,0.0
2025-2-6,12:00,1,6535.6322
2025-2-6,12:00,2,5313.8763
2025-2-6,12:00,3,3796.3172
2025-2-6,12:00,4,2375.7908
2025-2-6,12:00,5,462.0529
2025-2-6,12:00,6,0.0
2025-2-6,12:00,7,0.0
2025-2-6,12:00,8,0.0
2025-2-6,12:00,9,0.0
2025-2-6,12:00,10,0.0
2025-2-6,12:00,11,0.0
2025-2-6,12:00,12,0.0
2025-2-6,12:00,13,0.0
2025-2-6,12:00,14,0.0
2025-2-6,12:00,15,0.0
2025-2-6,12:00,16,0.0
2025-2-6,12:00,17,0.0
2025-2-6,12:00,18,0.0
2025-2-6,12:00,19,430.2303
2025-2-6,12:00,20,1556.8999
2025-2-6,12:00,21,1848.988
2025-2-6,12:00,22,3628.8229
2025-2-6,12:00,23,3302.0565
2025-2-6,12:00,24,4890.611
2025-2-6,18:00,1,0.0
2025-2-6,18:00,2,0.0
2025-2-6,18:00,3,0.0
2025-2-6,18:00,4,0.0
2025-2-6,18:00,5,0.0
2025-2-6,18:00,6,0.0
2025-2-6,18:00,7,0.0
2025-2-6,18:00,8,0.0
2025-2-6,18:00,9,0.0
2025-2-6,18:00,10,0.0
2025-2-6,18:00,11,0.0
2025-2-6,18:00,12,0.0
2025-2-6,18:00,13,394.7636
2025-2-6,18:00,14,1812.395
2025-2-6,18:00,15,3390.3561
2025-2-6,18:00,16,5029.2756
2025-2-6,18:00,17,6862.2196
2025-2-6,18:00,18,7833.7125
2025-2-6,18:00,19,7292.8875
2025-2-6,18:00,20,6519.6
2025-2-6,18:00,21,4666.664
2025-2-6,18:00,22,2252.1471
2025-2-6,18:00,23,496.331
2025-2-6,18:00,24,0.0
2025-2-7,0:00,1,0.0
2025-2-7,0:00,2,0.0
2025-2-7,0:00,3,0.0
2025-2-7,0:00,4,0.0
2025-2-7,0:00,5,0.0
2025-2-7,0:00,6,0.0
2025-2-7,0:00,7,419.6505
2025-2-7,0:00,8,1967.0255
2025-2-7,0:00,9,3274.5078
2025-2-7,0:00,10,5184.531
2025-2-7,0:00,11,6175.0004
2025-2-7,0:00,12,6363.6801
2025-2-7,0:00,13,6140.755
2025-2-7,0:00,14,5345.9419
2025-2-7,0:00,15,3201.3905
2025-2-7,0:00,16,1637.8845
2025-2-7,0:00,17,389.2638
2025-2-7,0:00,18,0.0
2025-2-7,0:00,19,0.0
2025-2-7,0:00,20,0.0
2025-2-7,0:00,21,0.0
2025-2-7,0:00,22,0.0
2025-2-7,0:00,23,0.0
2025-2-7,0:00,24,0.0
2025-2-7,6:00,1,443.3872
2025-2-7,6:00,2,2020.92
2025-2-7,6:00,3,3276.7123
2025-2-7,6:00,4,4916.9419
2025-2-7,6:00,5,5792.0364
2025-2-7,6:00,6,6665.1723
2025-2-7,6:00,7,6406.7655
2025-2-7,6:00,8,5507.6395
2025-2-7,6:00,9,3391.6856
2025-2-7,6:00,10,1890.9435
2025-2-7,6:00,11,393.7609
2025-2-7,6:00,12,0.0
2025-2-7,6:00,13,0.0
2025-2-7,6:00,14,0.0
2025-2-7,6:00,15,0.0
2025-2-7,6:00,16,0.0
2025-2-7,6:00,17,0.0
2025-2-7,6:00,18,0.0
2025-2-7,6:00,19,0.0
2025-2-7,6:00,20,0.0
2025-2-7,6:00,21,0.0
2025-2-7,6:00,22,0.0
2025-2-7,6:00,23,0.0
2025-2-7,6:00,24,0.0
2025-2-7,12:00,1,7112.0776
2025-2-7,12:00,2,5922.7736
2025-2-7,12:00,3,4086.3122
2025-2-7,12:00,4,2222.7429
2025-2-7,12:00,5,471.6055
2025-2-7,12:00,6,0.0
2025-2-7,12:00,7,0.0
2025-2-7,12:00,8,0.0
2025-2-7,12:00,9,0.0
2025-2-7,12:00,10,0.0
2025-2-7,12:00,11,0.0
2025-2-7,12:00,12,0.0
2025-2-7,12:00,13,0.0
2025-2-7,12:00,14,0.0
2025-2-7,12:00,15,0.0
2025-2-7,12:00,16,0.0
2025-2-7,12:00,17,0.0
2025-2-7,12:00,18,0.0
2025-2-7,12:00,19,495.6933
2025-2-7,12:00,20,2294.1345
2025-2-7,12:00,21,4799.2937
2025-2-7,12:00,22,6517.8674
2025-2-7,12:00,23,7575.225
2025-2-7,12:00,24,6854.4654
2025-2-7,18:00,1,0.0
2025-2-7,18:00,2,0.0
2025-2-7,18:00,3,0.0
2025-2-7,18:00,4,0.0
2025-2-7,18:00,5,0.0
2025-2-7,18:00,6,0.0
2025-2-7,18:00,7,0.0
2025-2-7,18:00,8,0.0
2025-2-7,18:00,9,0.0
2025-2-7,18:00,10,0.0
2025-2-7,18:00,11,0.0
2025-2-7,18:00,12,0.0
2025-2-7,18:00,13,514.3529
2025-2-7,18:00,14,2157.5393
2025-2-7,18:00,15,3927.0338
2025-2-7,18:00,16,4391.0185
2025-2-7,18:00,17,6324.6265
2025-2-7,18:00,18,6079.9262
2025-2-7,18:00,19,6917.0448
2025-2-7,18:00,20,4562.3404
2025-2-7,18:00,21,3150.3823
2025-2-7,18:00,22,1622.5359
2025-2-7,18:00,23,367.7097
2025-2-7,18:00,24,0.0
2025-2-8,0:00,1,0.0
2025-2-8,0:00,2,0.0
2025-2-8,0:00,3,0.0
2025-2-8,0:00,4,0.0
2025-2-8,0:00,5,0.0
2025-2-8,0:00,6,0.0
2025-2-8,0:00,7,461.2253
2025-2-8,0:00,8,2109.2143
2025-2-8,0:00,9,4366.506
2025-2-8,0:00,10,6146.3927
2025-2-8,0:00,11,7418.0408
2025-2-8,0:00,12,6901.5537
2025-2-8,0:00,13,7292.8875
2025-2-8,0:00,14,5292.7039
2025-2-8,0:00,15,4482.1714
2025-2-8,0:00,16,2746.3353
2025-2-8,0:00,17,577.1334
2025-2-8,0:00,18,0.0
2025-2-8,0:00,19,0.0
2025-2-8,0:00,20,0.0
2025-2-8,0:00,21,0.0
2025-2-8,0:00,22,0.0
2025-2-8,0:00,23,0.0
2025-2-8,0:00,24,0.0
2025-2-8,6:00,1,498.4461
2025-2-8,6:00,2,2206.4015
2025-2-8,6:00,3,4174.8386
2025-2-8,6:00,4,5629.8988
2025-2-8,6:00,5,7062.6557
2025-2-8,6:00,6,6475.5287
2025-2-8,6:00,7,6519.3085
2025-2-8,6:00,8,5014.2747
2025-2-8,6:00,9,3758.203
2025-2-8,6:00,10,2292.3622
2025-2-8,6:00,11,452.3575
2025-2-8,6:00,12,0.0
2025-2-8,6:00,13,0.0
2025-2-8,6:00,14,0.0
2025-2-8,6:00,15,0.0
2025-2-8,6:00,16,0.0
2025-2-8,6:00,17,0.0
2025-2-8,6:00,18,0.0
2025-2-8,6:00,19,0.0
2025-2-8,6:00,20,0.0
2025-2-8,6:00,21,0.0
2025-2-8,6:00,22,0.0
2025-2-8,6:00,23,0.0
2025-2-8,6:00,24,0.0
2025-2-8,12:00,1,6602.7482
2025-2-8,12:00,2,4963.6908
2025-2-8,12:00,3,3967.624
2025-2-8,12:00,4,2379.3466
2025-2-8,12:00,5,525.2095
2025-2-8,12:00,6,0.0
2025-2-8,12:00,7,0.0
2025-2-8,12:00,8,0.0
2025-2-8,12:00,9,0.0
2025-2-8,12:00,10,0.0
2025-2-8,12:00,11,0.0
2025-2-8,12:00,12,0.0
2025-2-8,12:00,13,0.0
2025-2-8,12:00,14,0.0
2025-2-8,12:00,15,0.0
2025-2-8,12:00,16,0.0
2025-2-8,12:00,17,0.0
2025-2-8,12:00,18,0.0
2025-2-8,12:00,19,502.1343
2025-2-8,12:00,20,2205.5764
2025-2-8,12:00,21,3693.5405
2025-2-8,12:00,22,4632.8906
2025-2-8,12:00,23,5080.805
2025-2-8,12:00,24,6476.2754
2025-2-8,18:00,1,0.0
2025-2-8,18:00,2,0.0
2025-2-8,18:00,3,0.0
2025-2-8,18:00,4,0.0
2025-2-8,18:00,5,0.0
2025-2-8,18:00,6,0.0
2025-2-8,18:00,7,0.0
2025-2-8,18:00,8,0.0
2025-2-8,18:00,9,0.0
2025-2-8,18:00,10,0.0
2025-2-8,18:00,11,0.0
2025-2-8,18:00,12,0.0
2025-2-8,18:00,13,496.467
2025-2-8,18:00,14,2289.069
2025-2-8,18:00,15,3858.7996
2025-2-8,18:00,16,4150.3635
2025-2-8,18:00,17,3923.3375
2025-2-8,18:00,18,5114.212
2025-2-8,18:00,19,5142.9294
2025-2-8,18:00,20,4063.4545
2025-2-8,18:00,21,3663.7203
2025-2-8,18:00,22,1863.1356
2025-2-8,18:00,23,355.033
2025-2-8,18:00,24,0.0
2025-2-9,0:00,1,0.0
2025-2-9,0:00,2,0.0
2025-2-9,0:00,3,0.0
2025-2-9,0:00,4,0.0
2025-2-9,0:00,5,0.0
2025-2-9,0:00,6,0.0
2025-2-9,0:00,7,470.0248
2025-2-9,0:00,8,2103.5986
2025-2-9,0:00,9,3461.9893
2025-2-9,0:00,10,4356.1358
2025-2-9,0:00,11,4756.147
2025-2-9,0:00,12,6060.2166
2025-2-9,0:00,13,6302.6899
2025-2-9,0:00,14,5343.1949
2025-2-9,0:00,15,4424.0543
2025-2-9,0:00,16,2461.8836
2025-2-9,0:00,17,501.6554
2025-2-9,0:00,18,0.0
2025-2-9,0:00,19,0.0
2025-2-9,0:00,20,0.0
2025-2-9,0:00,21,0.0
2025-2-9,0:00,22,0.0
2025-2-9,0:00,23,0.0
2025-2-9,0:00,24,0.0
2025-2-9,6:00,1,527.9239
2025-2-9,6:00,2,2379.4589
2025-2-9,6:00,3,3892.482
2025-2-9,6:00,4,4929.7109
2025-2-9,6:00,5,5253.9301
2025-2-9,6:00,6,5673.3079
2025-2-9,6:00,7,5416.0531
2025-2-9,6:00,8,4762.9473
2025-2-9,6:00,9,3801.3784
2025-2-9,6:00,10,2323.0535
2025-2-9,6:00,11,486.0872
2025-2-9,6:00,12,0.0
2025-2-9,6:00,13,0.0
2025-2-9,6:00,14,0.0
2025-2-9,6:00,15,0.0
2025-2-9,6:00,16,0.0
2025-2-9,6:00,17,0.0
2025-2-9,6:00,18,0.0
2025-2-9,6:00,19,0.0
2025-2-9,6:00,20,0.0
2025-2-9,6:00,21,0.0
2025-2-9,6:00,22,0.0
2025-2-9,6:00,23,0.0
2025-2-9,6:00,24,0.0
2025-2-9,12:00,1,5771.7823
2025-2-9,12:00,2,5051.6926
2025-2-9,12:00,3,3996.4246
2025-2-9,12:00,4,2365.7654
2025-2-9,12:00,5,499.0937
2025-2-9,12:00,6,0.0
2025-2-9,12:00,7,0.0
2025-2-9,12:00,8,0.0
2025-2-9,12:00,9,0.0
2025-2-9,12:00,10,0.0
2025-2-9,12:00,11,0.0
2025-2-9,12:00,12,0.0
2025-2-9,12:00,13,0.0
2025-2-9,12:00,14,0.0
2025-2-9,12:00,15,0.0
2025-2-9,12:00,16,0.0
2025-2-9,12:00,17,0.0
2025-2-9,12:00,18,0.0
2025-2-9,12:00,19,506.9076
2025-2-9,12:00,20,2201.1721
2025-2-9,12:00,21,4046.4592
2025-2-9,12:00,22,5283.0507
2025-2-9,12:00,23,5845.8309
2025-2-9,12:00,24,4593.1245
2025-2-9,18:00,1,0.0
2025-2-9,18:00,2,0.0
2025-2-9,18:00,3,0.0
2025-2-9,18:00,4,0.0
2025-2-9,18:00,5,0.0
2025-2-9,18:00,6,0.0
2025-2-9,18:00,7,0.0
2025-2-9,18:00,8,0.0
2025-2-9,18:00,9,0.0
2025-2-9,18:00,10,0.0
2025-2-9,18:00,11,0.0
2025-2-9,18:00,12,0.0
2025-2-9,18:00,13,479.9049
2025-2-9,18:00,14,2278.0711
2025-2-9,18:00,15,2977.76
2025-2-9,18:00,16,4377.3617
2025-2-9,18:00,17,6505.6905
2025-2-9,18:00,18,7910.4492
2025-2-9,18:00,19,7626.4495
2025-2-9,18:00,20,6683.775
2025-2-9,18:00,21,4914.9375
2025-2-9,18:00,22,1966.8421
2025-2-9,18:00,23,451.6197
2025-2-9,18:00,24,0.0
2025-2-10,0:00,1,0.0
2025-2-10,0:00,2,0.0
2025-2-10,0:00,3,0.0
2025-2-10,0:00,4,0.0
2025-2-10,0:00,5,0.0
2025-2-10,0:00,6,0.0
2025-2-10,0:00,7,567.7945
2025-2-10,0:00,8,2396.8808
2025-2-10,0:00,9,3996.36
2025-2-10,0:00,10,5379.4182
2025-2-10,0:00,11,6415.6565
2025-2-10,0:00,12,6856.7059
2025-2-10,0:00,13,6422.9502
2025-2-10,0:00,14,5270.666
2025-2-10,0:00,15,4142.8768
2025-2-10,0:00,16,2354.1216
2025-2-10,0:00,17,559.1707
2025-2-10,0:00,18,0.0
2025-2-10,0:00,19,0.0
2025-2-10,0:00,20,0.0
2025-2-10,0:00,21,0.0
2025-2-10,0:00,22,0.0
2025-2-10,0:00,23,0.0
2025-2-10,0:00,24,0.0
2025-2-10,6:00,1,550.9584
2025-2-10,6:00,2,2453.9761
2025-2-10,6:00,3,4383.2408
2025-2-10,6:00,4,6127.5288
2025-2-10,6:00,5,7047.0073
2025-2-10,6:00,6,7929.075
2025-2-10,6:00,7,7437.2516
2025-2-10,6:00,8,6223.0266
2025-2-10,6:00,9,4914.9375
2025-2-10,6:00,10,2564.4109
2025-2-10,6:00,11,603.3139
2025-2-10,6:00,12,0.0
2025-2-10,6:00,13,0.0
2025-2-10,6:00,14,0.0
2025-2-10,6:00,15,0.0
2025-2-10,6:00,16,0.0
2025-2-10,6:00,17,0.0
2025-2-10,6:00,18,0.0
2025-2-10,6:00,19,0.0
2025-2-10,6:00,20,0.0
2025-2-10,6:00,21,0.0
2025-2-10,6:00,22,0.0
2025-2-10,6:00,23,0.0
2025-2-10,6:00,24,0.0
2025-2-10,12:00,1,6845.2759
2025-2-10,12:00,2,5469.6913
2025-2-10,12:00,3,4106.0892
2025-2-10,12:00,4,2275.7549
2025-2-10,12:00,5,548.7345
2025-2-10,12:00,6,0.0
2025-2-10,12:00,7,0.0
2025-2-10,12:00,8,0.0
2025-2-10,12:00,9,0.0
2025-2-10,12:00,10,0.0
2025-2-10,12:00,11,0.0
2025-2-10,12:00,12,0.0
2025-2-10,12:00,13,0.0
2025-2-10,12:00,14,0.0
2025-2-10,12:00,15,0.0
2025-2-10,12:00,16,0.0
2025-2-10,12:00,17,0.0
2025-2-10,12:00,18,0.0
2025-2-10,12:00,19,454.3925
2025-2-10,12:00,20,2260.8258
2025-2-10,12:00,21,4069.0898
2025-2-10,12:00,22,6052.6
2025-2-10,12:00,23,7687.2375
2025-2-10,12:00,24,7443.6058
2025-2-10,18:00,1,0.0
2025-2-10,18:00,2,0.0
2025-2-10,18:00,3,0.0
2025-2-10,18:00,4,0.0
2025-2-10,18:00,5,0.0
2025-2-10,18:00,6,0.0
2025-2-10,18:00,7,0.0
2025-2-10,18:00,8,0.0
2025-2-10,18:00,9,0.0
2025-2-10,18:00,10,0.0
2025-2-10,18:00,11,0.0
2025-2-10,18:00,12,0.0
2025-2-10,18:00,13,568.7912
2025-2-10,18:00,14,2467.8716
2025-2-10,18:00,15,4345.4936
2025-2-10,18:00,16,6034.3351
2025-2-10,18:00,17,7687.2375
2025-2-10,18:00,18,7929.075
2025-2-10,18:00,19,7158.2595
2025-2-10,18:00,20,6683.775
2025-2-10,18:00,21,4914.9375
2025-2-10,18:00,22,2780.3229
2025-2-10,18:00,23,650.0925
2025-2-10,18:00,24,0.0
2025-2-11,0:00,1,0.0
2025-2-11,0:00,2,0.0
2025-2-11,0:00,3,0.0
2025-2-11,0:00,4,0.0
2025-2-11,0:00,5,0.0
2025-2-11,0:00,6,0.0
2025-2-11,0:00,7,569.6029
2025-2-11,0:00,8,2553.795
2025-2-11,0:00,9,4254.8007
2025-2-11,0:00,10,5649.0714
2025-2-11,0:00,11,7015.5996
2025-2-11,0:00,12,7381.0729
2025-2-11,0:00,13,6111.9524
2025-2-11,0:00,14,4522.3058
2025-2-11,0:00,15,3481.5581
2025-2-11,0:00,16,1588.433
2025-2-11,0:00,17,306.6722
2025-2-11,0:00,18,0.0
2025-2-11,0:00,19,0.0
2025-2-11,0:00,20,0.0
2025-2-11,0:00,21,0.0
2025-2-11,0:00,22,0.0
2025-2-11,0:00,23,0.0
2025-2-11,0:00,24,0.0
2025-2-11,6:00,1,566.9474
2025-2-11,6:00,2,2332.5442
2025-2-11,6:00,3,4152.0506
2025-2-11,6:00,4,5841.1758
2025-2-11,6:00,5,7082.906
2025-2-11,6:00,6,7123.0942
2025-2-11,6:00,7,7052.2057
2025-2-11,6:00,8,6036.092
2025-2-11,6:00,9,3956.8536
2025-2-11,6:00,10,2029.4049
2025-2-11,6:00,11,463.1008
2025-2-11,6:00,12,0.0
2025-2-11,6:00,13,0.0
2025-2-11,6:00,14,0.0
2025-2-11,6:00,15,0.0
2025-2-11,6:00,16,0.0
2025-2-11,6:00,17,0.0
2025-2-11,6:00,18,0.0
2025-2-11,6:00,19,0.0
2025-2-11,6:00,20,0.0
2025-2-11,6:00,21,0.0
2025-2-11,6:00,22,0.0
2025-2-11,6:00,23,0.0
2025-2-11,6:00,24,0.0
2025-2-11,12:00,1,6785.0938
2025-2-11,12:00,2,5948.8473
2025-2-11,12:00,3,4333.5039
2025-2-11,12:00,4,2514.5305
2025-2-11,12:00,5,588.1454
2025-2-11,12:00,6,0.0
2025-2-11,12:00,7,0.0
2025-2-11,12:00,8,0.0
2025-2-11,12:00,9,0.0
2025-2-11,12:00,10,0.0
2025-2-11,12:00,11,0.0
2025-2-11,12:00,12,0.0
2025-2-11,12:00,13,0.0
2025-2-11,12:00,14,0.0
2025-2-11,12:00,15,0.0
2025-2-11,12:00,16,0.0
2025-2-11,12:00,17,0.0
2025-2-11,12:00,18,0.0
2025-2-11,12:00,19,642.8249
2025-2-11,12:00,20,2907.7613
2025-2-11,12:00,21,5350.4625
2025-2-11,12:00,22,6971.2125
2025-2-11,12:00,23,7933.0875
2025-2-11,12:00,24,8344.725
2025-2-11,18:00,1,0.0
2025-2-11,18:00,2,0.0
2025-2-11,18:00,3,0.0
2025-2-11,18:00,4,0.0
2025-2-11,18:00,5,0.0
2025-2-11,18:00,6,0.0
2025-2-11,18:00,7,0.0
2025-2-11,18:00,8,0.0
2025-2-11,18:00,9,0.0
2025-2-11,18:00,10,0.0
2025-2-11,18:00,11,0.0
2025-2-11,18:00,12,0.0
2025-2-11,18:00,13,595.1662
2025-2-11,18:00,14,2120.6651
2025-2-11,18:00,15,3528.5053
2025-2-11,18:00,16,4060.1134
2025-2-11,18:00,17,5442.7722
2025-2-11,18:00,18,5637.7344
2025-2-11,18:00,19,5438.8286
2025-2-11,18:00,20,5313.5673
2025-2-11,18:00,21,4426.6495
2025-2-11,18:00,22,2237.3051
2025-2-11,18:00,23,630.5757
2025-2-11,18:00,24,0.0
2025-2-12,0:00,1,0.0
2025-2-12,0:00,2,0.0
2025-2-12,0:00,3,0.0
2025-2-12,0:00,4,0.0
2025-2-12,0:00,5,0.0
2025-2-12,0:00,6,0.0
2025-2-12,0:00,7,518.6901
2025-2-12,0:00,8,2097.6836
2025-2-12,0:00,9,4158.8206
2025-2-12,0:00,10,5320.5714
2025-2-12,0:00,11,6017.3815
2025-2-12,0:00,12,6967.2691
2025-2-12,0:00,13,6704.8883
2025-2-12,0:00,14,5375.1732
2025-2-12,0:00,15,3683.4577
2025-2-12,0:00,16,1985.034
2025-2-12,0:00,17,509.5699
2025-2-12,0:00,18,0.0
2025-2-12,0:00,19,0.0
2025-2-12,0:00,20,0.0
2025-2-12,0:00,21,0.0
2025-2-12,0:00,22,0.0
2025-2-12,0:00,23,0.0
2025-2-12,0:00,24,0.0
2025-2-12,6:00,1,573.4985
2025-2-12,6:00,2,2375.9663
2025-2-12,6:00,3,4547.756
2025-2-12,6:00,4,5970.5912
2025-2-12,6:00,5,6888.2022
2025-2-12,6:00,6,7673.3732
2025-2-12,6:00,7,6863.0643
2025-2-12,6:00,8,5380.8214
2025-2-12,6:00,9,4372.57
2025-2-12,6:00,10,2363.3559
2025-2-12,6:00,11,623.8793
2025-2-12,6:00,12,0.0
2025-2-12,6:00,13,0.0
2025-2-12,6:00,14,0.0
2025-2-12,6:00,15,0.0
2025-2-12,6:00,16,0.0
2025-2-12,6:00,17,0.0
2025-2-12,6:00,18,0.0
2025-2-12,6:00,19,0.0
2025-2-12,6:00,20,0.0
2025-2-12,6:00,21,0.0
2025-2-12,6:00,22,0.0
2025-2-12,6:00,23,0.0
2025-2-12,6:00,24,0.0
2025-2-12,12:00,1,6802.8008
2025-2-12,12:00,2,5563.645
2025-2-12,12:00,3,4258.1978
2025-2-12,12:00,4,2358.1409
2025-2-12,12:00,5,618.6546
2025-2-12,12:00,6,0.0
2025-2-12,12:00,7,0.0
2025-2-12,12:00,8,0.0
2025-2-12,12:00,9,0.0
2025-2-12,12:00,10,0.0
2025-2-12,12:00,11,0.0
2025-2-12,12:00,12,0.0
2025-2-12,12:00,13,0.0
2025-2-12,12:00,14,0.0
2025-2-12,12:00,15,0.0
2025-2-12,12:00,16,0.0
2025-2-12,12:00,17,0.0
2025-2-12,12:00,18,0.0
2025-2-12,12:00,19,687.524
2025-2-12,12:00,20,2224.1161
2025-2-12,12:00,21,4690.1279
2025-2-12,12:00,22,6803.8282
2025-2-12,12:00,23,7933.0875
2025-2-12,12:00,24,8263.952
2025-2-12,18:00,1,0.0
2025-2-12,18:00,2,0.0
2025-2-12,18:00,3,0.0
2025-2-12,18:00,4,0.0
2025-2-12,18:00,5,0.0
2025-2-12,18:00,6,0.0
2025-2-12,18:00,7,0.0
2025-2-12,18:00,8,0.0
2025-2-12,18:00,9,0.0
2025-2-12,18:00,10,0.0
2025-2-12,18:00,11,0.0
2025-2-12,18:00,12,0.0
2025-2-12,18:00,13,581.8259
2025-2-12,18:00,14,1950.4286
2025-2-12,18:00,15,3648.5846
2025-2-12,18:00,16,5963.8829
2025-2-12,18:00,17,5358.8923
2025-2-12,18:00,18,5610.2915
2025-2-12,18:00,19,5599.411
2025-2-12,18:00,20,4775.061
2025-2-12,18:00,21,3702.1096
2025-2-12,18:00,22,2760.265
2025-2-12,18:00,23,689.5253
2025-2-12,18:00,24,0.0
2025-2-13,0:00,1,0.0
2025-2-13,0:00,2,0.0
2025-2-13,0:00,3,0.0
2025-2-13,0:00,4,0.0
2025-2-13,0:00,5,0.0
2025-2-13,0:00,6,0.0
2025-2-13,0:00,7,590.0748
2025-2-13,0:00,8,2212.3664
2025-2-13,0:00,9,4360.7071
2025-2-13,0:00,10,6070.8836
2025-2-13,0:00,11,6747.0221
2025-2-13,0:00,12,7012.7354
2025-2-13,0:00,13,6516.6058
2025-2-13,0:00,14,6168.6701
2025-2-13,0:00,15,5001.0
2025-2-13,0:00,16,2885.3391
2025-2-13,0:00,17,746.6508
2025-2-13,0:00,18,0.0
2025-2-13,0:00,19,0.0
2025-2-13,0:00,20,0.0
2025-2-13,0:00,21,0.0
2025-2-13,0:00,22,0.0
2025-2-13,0:00,23,0.0
2025-2-13,0:00,24,0.0
2025-2-13,6:00,1,618.0644
2025-2-13,6:00,2,2351.6829
2025-2-13,6:00,3,4736.694
2025-2-13,6:00,4,6779.3163
2025-2-13,6:00,5,7590.9654
2025-2-13,6:00,6,7753.9134
2025-2-13,6:00,7,7175.0401
2025-2-13,6:00,8,6260.9104
2025-2-13,6:00,9,4790.2869
2025-2-13,6:00,10,2851.3669
2025-2-13,6:00,11,757.6054
2025-2-13,6:00,12,0.0
2025-2-13,6:00,13,0.0
2025-2-13,6:00,14,0.0
2025-2-13,6:00,15,0.0
2025-2-13,6:00,16,0.0
2025-2-13,6:00,17,0.0
2025-2-13,6:00,18,0.0
2025-2-13,6:00,19,0.0
2025-2-13,6:00,20,0.0
2025-2-13,6:00,21,0.0
2025-2-13,6:00,22,0.0
2025-2-13,6:00,23,0.0
2025-2-13,6:00,24,0.0
2025-2-13,12:00,1,6708.1974
2025-2-13,12:00,2,5763.9393
2025-2-13,12:00,3,4676.9915
2025-2-13,12:00,4,2645.4992
2025-2-13,12:00,5,686.2368
2025-2-13,12:00,6,0.0
2025-2-13,12:00,7,0.0
2025-2-13,12:00,8,0.0
2025-2-13,12:00,9,0.0
2025-2-13,12:00,10,0.0
2025-2-13,12:00,11,0.0
2025-2-13,12:00,12,0.0
2025-2-13,12:00,13,0.0
2025-2-13,12:00,14,0.0
2025-2-13,12:00,15,0.0
2025-2-13,12:00,16,0.0
2025-2-13,12:00,17,0.0
2025-2-13,12:00,18,0.0
2025-2-13,12:00,19,528.0221
2025-2-13,12:00,20,2240.8134
2025-2-13,12:00,21,3680.6793
2025-2-13,12:00,22,5471.1106
2025-2-13,12:00,23,6750.9635
2025-2-13,12:00,24,8344.725
2025-2-13,18:00,1,0.0
2025-2-13,18:00,2,0.0
2025-2-13,18:00,3,0.0
2025-2-13,18:00,4,0.0
2025-2-13,18:00,5,0.0
2025-2-13,18:00,6,0.0
2025-2-13,18:00,7,0.0
2025-2-13,18:00,8,0.0
2025-2-13,18:00,9,0.0
2025-2-13,18:00,10,0.0
2025-2-13,18:00,11,0.0
2025-2-13,18:00,12,0.0
2025-2-13,18:00,13,568.0026
2025-2-13,18:00,14,2707.038
2025-2-13,18:00,15,4465.118
2025-2-13,18:00,16,5314.5142
2025-2-13,18:00,17,5480.5211
2025-2-13,18:00,18,5693.2985
2025-2-13,18:00,19,5136.3279
2025-2-13,18:00,20,5010.5673
2025-2-13,18:00,21,4445.1232
2025-2-13,18:00,22,2455.0479
2025-2-13,18:00,23,659.3602
2025-2-13,18:00,24,0.0
2025-2-14,0:00,1,0.0
2025-2-14,0:00,2,0.0
2025-2-14,0:00,3,0.0
2025-2-14,0:00,4,0.0
2025-2-14,0:00,5,0.0
2025-2-14,0:00,6,0.0
2025-2-14,0:00,7,536.4362
2025-2-14,0:00,8,2284.0351
2025-2-14,0:00,9,3921.6519
2025-2-14,0:00,10,4801.0387
2025-2-14,0:00,11,5400.9959
2025-2-14,0:00,12,6259.7736
2025-2-14,0:00,13,7332.6856
2025-2-14,0:00,14,6676.4327
2025-2-14,0:00,15,5001.0
2025-2-14,0:00,16,2806.0187
2025-2-14,0:00,17,686.2602
2025-2-14,0:00,18,0.0
2025-2-14,0:00,19,0.0
2025-2-14,0:00,20,0.0
2025-2-14,0:00,21,0.0
2025-2-14,0:00,22,0.0
2025-2-14,0:00,23,0.0
2025-2-14,0:00,24,0.0
2025-2-14,6:00,1,617.0677
2025-2-14,6:00,2,2584.7586
2025-2-14,6:00,3,4453.6586
2025-2-14,6:00,4,5544.3199
2025-2-14,6:00,5,6265.5391
2025-2-14,6:00,6,6409.4305
2025-2-14,6:00,7,6697.3431
2025-2-14,6:00,8,5999.5474
2025-2-14,6:00,9,4542.6998
2025-2-14,6:00,10,2220.3905
2025-2-14,6:00,11,587.3546
2025-2-14,6:00,12,0.0
2025-2-14,6:00,13,0.0
2025-2-14,6:00,14,0.0
2025-2-14,6:00,15,0.0
2025-2-14,6:00,16,0.0
2025-2-14,6:00,17,0.0
2025-2-14,6:00,18,0.0
2025-2-14,6:00,19,0.0
2025-2-14,6:00,20,0.0
2025-2-14,6:00,21,0.0
2025-2-14,6:00,22,0.0
2025-2-14,6:00,23,0.0
2025-2-14,6:00,24,0.0
2025-2-14,12:00,1,6809.3607
2025-2-14,12:00,2,5942.3911
2025-2-14,12:00,3,4417.6692
2025-2-14,12:00,4,2284.5703
2025-2-14,12:00,5,549.3542
2025-2-14,12:00,6,0.0
2025-2-14,12:00,7,0.0
2025-2-14,12:00,8,0.0
2025-2-14,12:00,9,0.0
2025-2-14,12:00,10,0.0
2025-2-14,12:00,11,0.0
2025-2-14,12:00,12,0.0
2025-2-14,12:00,13,0.0
2025-2-14,12:00,14,0.0
2025-2-14,12:00,15,0.0
2025-2-14,12:00,16,0.0
2025-2-14,12:00,17,0.0
2025-2-14,12:00,18,0.0
2025-2-14,12:00,19,616.0787
2025-2-14,12:00,20,3120.8309
2025-2-14,12:00,21,5063.8911
2025-2-14,12:00,22,5947.884
2025-2-14,12:00,23,6936.1907
2025-2-14,12:00,24,8269.0336
2025-2-14,18:00,1,0.0
2025-2-14,18:00,2,0.0
2025-2-14,18:00,3,0.0
2025-2-14,18:00,4,0.0
2025-2-14,18:00,5,0.0
2025-2-14,18:00,6,0.0
2025-2-14,18:00,7,0.0
2025-2-14,18:00,8,0.0
2025-2-14,18:00,9,0.0
2025-2-14,18:00,10,0.0
2025-2-14,18:00,11,0.0
2025-2-14,18:00,12,0.0
2025-2-14,18:00,13,538.8661
2025-2-14,18:00,14,2398.4054
2025-2-14,18:00,15,4539.2021
2025-2-14,18:00,16,6549.436
2025-2-14,18:00,17,7567.1653
2025-2-14,18:00,18,8230.7824
2025-2-14,18:00,19,7829.925
2025-2-14,18:00,20,6683.775
2025-2-14,18:00,21,4825.5431
2025-2-14,18:00,22,2358.3403
2025-2-14,18:00,23,656.3898
2025-2-14,18:00,24,0.0
2025-2-15,0:00,1,0.0
2025-2-15,0:00,2,0.0
2025-2-15,0:00,3,0.0
2025-2-15,0:00,4,0.0
2025-2-15,0:00,5,0.0
2025-2-15,0:00,6,0.0
2025-2-15,0:00,7,654.861
2025-2-15,0:00,8,2755.7897
2025-2-15,0:00,9,4804.1668
2025-2-15,0:00,10,5750.1657
2025-2-15,0:00,11,5958.7644
2025-2-15,0:00,12,6091.7797
2025-2-15,0:00,13,6473.8761
2025-2-15,0:00,14,5062.8203
2025-2-15,0:00,15,4008.9972
2025-2-15,0:00,16,2091.5039
2025-2-15,0:00,17,580.4406
2025-2-15,0:00,18,0.0
2025-2-15,0:00,19,0.0
2025-2-15,0:00,20,0.0
2025-2-15,0:00,21,0.0
2025-2-15,0:00,22,0.0
2025-2-15,0:00,23,0.0
2025-2-15,0:00,24,0.0
2025-2-15,6:00,1,625.5138
2025-2-15,6:00,2,2648.4477
2025-2-15,6:00,3,4443.6282
2025-2-15,6:00,4,5885.9961
2025-2-15,6:00,5,6575.6045
2025-2-15,6:00,6,6892.0846
2025-2-15,6:00,7,7451.6444
2025-2-15,6:00,8,6543.4107
2025-2-15,6:00,9,4646.2545
2025-2-15,6:00,10,2526.7151
2025-2-15,6:00,11,671.2419
2025-2-15,6:00,12,0.0
2025-2-15,6:00,13,0.0
2025-2-15,6:00,14,0.0
2025-2-15,6:00,15,0.0
2025-2-15,6:00,16,0.0
2025-2-15,6:00,17,0.0
2025-2-15,6:00,18,0.0
2025-2-15,6:00,19,0.0
2025-2-15,6:00,20,0.0
2025-2-15,6:00,21,0.0
2025-2-15,6:00,22,0.0
2025-2-15,6:00,23,0.0
2025-2-15,6:00,24,0.0
2025-2-15,12:00,1,7250.5511
2025-2-15,12:00,2,6167.8452
2025-2-15,12:00,3,4521.7796
2025-2-15,12:00,4,2315.9658
2025-2-15,12:00,5,649.3068
2025-2-15,12:00,6,0.0
2025-2-15,12:00,7,0.0
2025-2-15,12:00,8,0.0
2025-2-15,12:00,9,0.0
2025-2-15,12:00,10,0.0
2025-2-15,12:00,11,0.0
2025-2-15,12:00,12,0.0
2025-2-15,12:00,13,0.0
2025-2-15,12:00,14,0.0
2025-2-15,12:00,15,0.0
2025-2-15,12:00,16,0.0
2025-2-15,12:00,17,0.0
2025-2-15,12:00,18,0.0
2025-2-15,12:00,19,741.2832
2025-2-15,12:00,20,2834.9238
2025-2-15,12:00,21,4433.0803
2025-2-15,12:00,22,5187.9659
2025-2-15,12:00,23,6091.9866
2025-2-15,12:00,24,5692.8561
2025-2-15,18:00,1,0.0
2025-2-15,18:00,2,0.0
2025-2-15,18:00,3,0.0
2025-2-15,18:00,4,0.0
2025-2-15,18:00,5,0.0
2025-2-15,18:00,6,0.0
2025-2-15,18:00,7,0.0
2025-2-15,18:00,8,0.0
2025-2-15,18:00,9,0.0
2025-2-15,18:00,10,0.0
2025-2-15,18:00,11,0.0
2025-2-15,18:00,12,0.0
2025-2-15,18:00,13,779.1014
2025-2-15,18:00,14,3061.0645
2025-2-15,18:00,15,5060.7485
2025-2-15,18:00,16,6097.3902
2025-2-15,18:00,17,5831.2309
2025-2-15,18:00,18,6267.4286
2025-2-15,18:00,19,6877.7104
2025-2-15,18:00,20,6296.7534
2025-2-15,18:00,21,4668.7374
2025-2-15,18:00,22,3063.2625
2025-2-15,18:00,23,752.0141
2025-2-15,18:00,24,0.0
2025-2-16,0:00,1,0.0
2025-2-16,0:00,2,0.0
2025-2-16,0:00,3,0.0
2025-2-16,0:00,4,0.0
2025-2-16,0:00,5,0.0
2025-2-16,0:00,6,0.0
2025-2-16,0:00,7,611.1382
2025-2-16,0:00,8,2392.6212
2025-2-16,0:00,9,4158.941
2025-2-16,0:00,10,5337.1336
2025-2-16,0:00,11,5649.4051
2025-2-16,0:00,12,6308.7407
2025-2-16,0:00,13,6088.3985
2025-2-16,0:00,14,5319.9609
2025-2-16,0:00,15,3514.8981
2025-2-16,0:00,16,2137.4768
2025-2-16,0:00,17,485.6056
2025-2-16,0:00,18,0.0
2025-2-16,0:00,19,0.0
2025-2-16,0:00,20,0.0
2025-2-16,0:00,21,0.0
2025-2-16,0:00,22,0.0
2025-2-16,0:00,23,0.0
2025-2-16,0:00,24,0.0
2025-2-16,6:00,1,647.5576
2025-2-16,6:00,2,2634.6055
2025-2-16,6:00,3,4525.1614
2025-2-16,6:00,4,5562.4859
2025-2-16,6:00,5,6391.4211
2025-2-16,6:00,6,7190.6617
2025-2-16,6:00,7,6772.1321
2025-2-16,6:00,8,6217.6735
2025-2-16,6:00,9,4813.0567
2025-2-16,6:00,10,2748.579
2025-2-16,6:00,11,666.2006
2025-2-16,6:00,12,0.0
2025-2-16,6:00,13,0.0
2025-2-16,6:00,14,0.0
2025-2-16,6:00,15,0.0
2025-2-16,6:00,16,0.0
2025-2-16,6:00,17,0.0
2025-2-16,6:00,18,0.0
2025-2-16,6:00,19,0.0
2025-2-16,6:00,20,0.0
2025-2-16,6:00,21,0.0
2025-2-16,6:00,22,0.0
2025-2-16,6:00,23,0.0
2025-2-16,6:00,24,0.0
2025-2-16,12:00,1,6698.2353
2025-2-16,12:00,2,6194.6669
2025-2-16,12:00,3,4976.5823
2025-2-16,12:00,4,2861.2738
2025-2-16,12:00,5,661.531
2025-2-16,12:00,6,0.0
2025-2-16,12:00,7,0.0
2025-2-16,12:00,8,0.0
2025-2-16,12:00,9,0.0
2025-2-16,12:00,10,0.0
2025-2-16,12:00,11,0.0
2025-2-16,12:00,12,0.0
2025-2-16,12:00,13,0.0
2025-2-16,12:00,14,0.0
2025-2-16,12:00,15,0.0
2025-2-16,12:00,16,0.0
2025-2-16,12:00,17,0.0
2025-2-16,12:00,18,0.0
2025-2-16,12:00,19,839.5434
2025-2-16,12:00,20,3048.8428
2025-2-16,12:00,21,4614.6436
2025-2-16,12:00,22,6112.729
2025-2-16,12:00,23,7242.8644
2025-2-16,12:00,24,6063.5636
2025-2-16,18:00,1,0.0
2025-2-16,18:00,2,0.0
2025-2-16,18:00,3,0.0
2025-2-16,18:00,4,0.0
2025-2-16,18:00,5,0.0
2025-2-16,18:00,6,0.0
2025-2-16,18:00,7,0.0
2025-2-16,18:00,8,0.0
2025-2-16,18:00,9,0.0
2025-2-16,18:00,10,0.0
2025-2-16,18:00,11,0.0
2025-2-16,18:00,12,0.0
2025-2-16,18:00,13,782.9044
2025-2-16,18:00,14,3007.4347
2025-2-16,18:00,15,5350.4625
2025-2-16,18:00,16,6971.2125
2025-2-16,18:00,17,7933.0875
2025-2-16,18:00,18,7964.6109
2025-2-16,18:00,19,7829.925
2025-2-16,18:00,20,6683.775
2025-2-16,18:00,21,4577.1264
2025-2-16,18:00,22,2572.2748
2025-2-16,18:00,23,651.6257
2025-2-16,18:00,24,0.0
2025-2-17,0:00,1,0.0
2025-2-17,0:00,2,0.0
2025-2-17,0:00,3,0.0
2025-2-17,0:00,4,0.0
2025-2-17,0:00,5,0.0
2025-2-17,0:00,6,0.0
2025-2-17,0:00,7,704.075
2025-2-17,0:00,8,2585.4472
2025-2-17,0:00,9,3959.9918
2025-2-17,0:00,10,5534.3467
2025-2-17,0:00,11,5337.3282
2025-2-17,0:00,12,5463.8997
2025-2-17,0:00,13,4956.2601
2025-2-17,0:00,14,5798.1722
2025-2-17,0:00,15,4245.1372
2025-2-17,0:00,16,2846.1186
2025-2-17,0:00,17,577.1852
2025-2-17,0:00,18,0.0
2025-2-17,0:00,19,0.0
2025-2-17,0:00,20,0.0
2025-2-17,0:00,21,0.0
2025-2-17,0:00,22,0.0
2025-2-17,0:00,23,0.0
2025-2-17,0:00,24,0.0
2025-2-17,6:00,1,764.0839
2025-2-17,6:00,2,2795.6432
2025-2-17,6:00,3,4694.3529
2025-2-17,6:00,4,6048.7451
2025-2-17,6:00,5,7090.245
2025-2-17,6:00,6,7129.6425
2025-2-17,6:00,7,6974.2917
2025-2-17,6:00,8,6263.6779
2025-2-17,6:00,9,4244.9202
2025-2-17,6:00,10,2550.3141
2025-2-17,6:00,11,655.8093
2025-2-17,6:00,12,0.0
2025-2-17,6:00,13,0.0
2025-2-17,6:00,14,0.0
2025-2-17,6:00,15,0.0
2025-2-17,6:00,16,0.0
2025-2-17,6:00,17,0.0
2025-2-17,6:00,18,0.0
2025-2-17,6:00,19,0.0
2025-2-17,6:00,20,0.0
2025-2-17,6:00,21,0.0
2025-2-17,6:00,22,0.0
2025-2-17,6:00,23,0.0
2025-2-17,6:00,24,0.0
2025-2-17,12:00,1,7061.7376
2025-2-17,12:00,2,6658.5351
2025-2-17,12:00,3,4680.2421
2025-2-17,12:00,4,2792.1432
2025-2-17,12:00,5,707.7239
2025-2-17,12:00,6,0.0
2025-2-17,12:00,7,0.0
2025-2-17,12:00,8,0.0
2025-2-17,12:00,9,0.0
2025-2-17,12:00,10,0.0
2025-2-17,12:00,11,0.0
2025-2-17,12:00,12,0.0
2025-2-17,12:00,13,0.0
2025-2-17,12:00,14,0.0
2025-2-17,12:00,15,0.0
2025-2-17,12:00,16,0.0
2025-2-17,12:00,17,0.0
2025-2-17,12:00,18,0.0
2025-2-17,12:00,19,804.6687
2025-2-17,12:00,20,2882.7291
2025-2-17,12:00,21,5173.0476
2025-2-17,12:00,22,6971.2125
2025-2-17,12:00,23,7805.643
2025-2-17,12:00,24,8317.3282
2025-2-17,18:00,1,0.0
2025-2-17,18:00,2,0.0
2025-2-17,18:00,3,0.0
2025-2-17,18:00,4,0.0
2025-2-17,18:00,5,0.0
2025-2-17,18:00,6,0.0
2025-2-17,18:00,7,0.0
2025-2-17,18:00,8,0.0
2025-2-17,18:00,9,0.0
2025-2-17,18:00,10,0.0
2025-2-17,18:00,11,0.0
2025-2-17,18:00,12,0.0
2025-2-17,18:00,13,810.2793
2025-2-17,18:00,14,2897.7208
2025-2-17,18:00,15,5350.4625
2025-2-17,18:00,16,6971.2125
2025-2-17,18:00,17,7658.2654
2025-2-17,18:00,18,8344.725
2025-2-17,18:00,19,7336.5622
2025-2-17,18:00,20,6021.2926
2025-2-17,18:00,21,4734.6607
2025-2-17,18:00,22,3190.395
2025-2-17,18:00,23,906.8447
2025-2-17,18:00,24,0.0
2025-2-18,0:00,1,0.0
2025-2-18,0:00,2,0.0
2025-2-18,0:00,3,0.0
2025-2-18,0:00,4,0.0
2025-2-18,0:00,5,0.0
2025-2-18,0:00,6,0.0
2025-2-18,0:00,7,799.5842
2025-2-18,0:00,8,2681.6534
2025-2-18,0:00,9,4285.392
2025-2-18,0:00,10,5898.0
2025-2-18,0:00,11,6749.6929
2025-2-18,0:00,12,8212.9471
2025-2-18,0:00,13,7188.1284
2025-2-18,0:00,14,6683.775
2025-2-18,0:00,15,5001.0
2025-2-18,0:00,16,2721.2573
2025-2-18,0:00,17,591.4928
2025-2-18,0:00,18,0.0
2025-2-18,0:00,19,0.0
2025-2-18,0:00,20,0.0
2025-2-18,0:00,21,0.0
2025-2-18,0:00,22,0.0
2025-2-18,0:00,23,0.0
2025-2-18,0:00,24,0.0
2025-2-18,6:00,1,768.8985
2025-2-18,6:00,2,2551.0826
2025-2-18,6:00,3,4292.4332
2025-2-18,6:00,4,6083.6229
2025-2-18,6:00,5,6375.1755
2025-2-18,6:00,6,7476.1866
2025-2-18,6:00,7,6797.525
2025-2-18,6:00,8,6671.307
2025-2-18,6:00,9,4998.6834
2025-2-18,6:00,10,2737.5275
2025-2-18,6:00,11,775.6462
2025-2-18,6:00,12,0.0
2025-2-18,6:00,13,0.0
2025-2-18,6:00,14,0.0
2025-2-18,6:00,15,0.0
2025-2-18,6:00,16,0.0
2025-2-18,6:00,17,0.0
2025-2-18,6:00,18,0.0
2025-2-18,6:00,19,0.0
2025-2-18,6:00,20,0.0
2025-2-18,6:00,21,0.0
2025-2-18,6:00,22,0.0
2025-2-18,6:00,23,0.0
2025-2-18,6:00,24,0.0
2025-2-18,12:00,1,6640.0044
2025-2-18,12:00,2,6148.5513
2025-2-18,12:00,3,4622.3725
2025-2-18,12:00,4,2997.6093
2025-2-18,12:00,5,798.8331
2025-2-18,12:00,6,0.0
2025-2-18,12:00,7,0.0
2025-2-18,12:00,8,0.0
2025-2-18,12:00,9,0.0
2025-2-18,12:00,10,0.0
2025-2-18,12:00,11,0.0
2025-2-18,12:00,12,0.0
2025-2-18,12:00,13,0.0
2025-2-18,12:00,14,0.0
2025-2-18,12:00,15,0.0
2025-2-18,12:00,16,0.0
2025-2-18,12:00,17,0.0
2025-2-18,12:00,18,0.0
2025-2-18,12:00,19,520.2251
2025-2-18,12:00,20,2140.4387
2025-2-18,12:00,21,4039.6655
2025-2-18,12:00,22,4426.4188
2025-2-18,12:00,23,5758.0821
2025-2-18,12:00,24,7343.3043
2025-2-18,18:00,1,0.0
2025-2-18,18:00,2,0.0
2025-2-18,18:00,3,0.0
2025-2-18,18:00,4,0.0
2025-2-18,18:00,5,0.0
2025-2-18,18:00,6,0.0
2025-2-18,18:00,7,0.0
2025-2-18,18:00,8,0.0
2025-2-18,18:00,9,0.0
2025-2-18,18:00,10,0.0
2025-2-18,18:00,11,0.0
2025-2-18,18:00,12,0.0
2025-2-18,18:00,13,847.5691
2025-2-18,18:00,14,2963.9289
2025-2-18,18:00,15,4301.8747
2025-2-18,18:00,16,6116.0443
2025-2-18,18:00,17,7052.4546
2025-2-18,18:00,18,7655.1202
2025-2-18,18:00,19,7182.4067
2025-2-18,18:00,20,6683.775
2025-2-18,18:00,21,4701.3666
2025-2-18,18:00,22,2996.8962
2025-2-18,18:00,23,903.1905
2025-2-18,18:00,24,0.0
2025-2-19,0:00,1,0.0
2025-2-19,0:00,2,0.0
2025-2-19,0:00,3,0.0
2025-2-19,0:00,4,0.0
2025-2-19,0:00,5,0.0
2025-2-19,0:00,6,0.0
2025-2-19,0:00,7,717.9258
2025-2-19,0:00,8,2724.7644
2025-2-19,0:00,9,4102.0926
2025-2-19,0:00,10,5847.4277
2025-2-19,0:00,11,7558.6904
2025-2-19,0:00,12,8059.648
2025-2-19,0:00,13,7556.5139
2025-2-19,0:00,14,6147.0731
2025-2-19,0:00,15,4120.3661
2025-2-19,0:00,16,2958.4561
2025-2-19,0:00,17,880.6372
2025-2-19,0:00,18,0.0
2025-2-19,0:00,19,0.0
2025-2-19,0:00,20,0.0
2025-2-19,0:00,21,0.0
2025-2-19,0:00,22,0.0
2025-2-19,0:00,23,0.0
2025-2-19,0:00,24,0.0
2025-2-19,6:00,1,726.9212
2025-2-19,6:00,2,2767.8926
2025-2-19,6:00,3,4458.2803
2025-2-19,6:00,4,5974.7106
2025-2-19,6:00,5,7439.384
2025-2-19,6:00,6,8340.4778
2025-2-19,6:00,7,7254.3695
2025-2-19,6:00,8,5827.1559
2025-2-19,6:00,9,4531.0256
2025-2-19,6:00,10,2835.8772
2025-2-19,6:00,11,897.1235
2025-2-19,6:00,12,0.0
2025-2-19,6:00,13,0.0
2025-2-19,6:00,14,0.0
2025-2-19,6:00,15,0.0
2025-2-19,6:00,16,0.0
2025-2-19,6:00,17,0.0
2025-2-19,6:00,18,0.0
2025-2-19,6:00,19,0.0
2025-2-19,6:00,20,0.0
2025-2-19,6:00,21,0.0
2025-2-19,6:00,22,0.0
2025-2-19,6:00,23,0.0
2025-2-19,6:00,24,0.0
2025-2-19,12:00,1,6931.7027
2025-2-19,12:00,2,5730.0532
2025-2-19,12:00,3,4039.876
2025-2-19,12:00,4,2743.9067
2025-2-19,12:00,5,862.563
2025-2-19,12:00,6,0.0
2025-2-19,12:00,7,0.0
2025-2-19,12:00,8,0.0
2025-2-19,12:00,9,0.0
2025-2-19,12:00,10,0.0
2025-2-19,12:00,11,0.0
2025-2-19,12:00,12,0.0
2025-2-19,12:00,13,0.0
2025-2-19,12:00,14,0.0
2025-2-19,12:00,15,0.0
2025-2-19,12:00,16,0.0
2025-2-19,12:00,17,0.0
2025-2-19,12:00,18,0.0
2025-2-19,12:00,19,900.5678
2025-2-19,12:00,20,2598.8311
2025-2-19,12:00,21,5252.6955
2025-2-19,12:00,22,6971.2125
2025-2-19,12:00,23,7933.0875
2025-2-19,12:00,24,8183.0697
2025-2-19,18:00,1,0.0
2025-2-19,18:00,2,0.0
2025-2-19,18:00,3,0.0
2025-2-19,18:00,4,0.0
2025-2-19,18:00,5,0.0
2025-2-19,18:00,6,0.0
2025-2-19,18:00,7,0.0
2025-2-19,18:00,8,0.0
2025-2-19,18:00,9,0.0
2025-2-19,18:00,10,0.0
2025-2-19,18:00,11,0.0
2025-2-19,18:00,12,0.0
2025-2-19,18:00,13,1026.8545
2025-2-19,18:00,14,3164.2513
2025-2-19,18:00,15,5350.4625
2025-2-19,18:00,16,6864.1813
2025-2-19,18:00,17,7282.003
2025-2-19,18:00,18,8344.725
2025-2-19,18:00,19,7829.925
2025-2-19,18:00,20,6683.775
2025-2-19,18:00,21,5001.0
2025-2-19,18:00,22,3213.5625
2025-2-19,18:00,23,877.2456
2025-2-19,18:00,24,0.0
2025-2-20,0:00,1,0.0
2025-2-20,0:00,2,0.0
2025-2-20,0:00,3,0.0
2025-2-20,0:00,4,0.0
2025-2-20,0:00,5,0.0
2025-2-20,0:00,6,0.0
2025-2-20,0:00,7,848.1275
2025-2-20,0:00,8,2564.7045
2025-2-20,0:00,9,4533.5175
2025-2-20,0:00,10,5519.5073
2025-2-20,0:00,11,5679.0937
2025-2-20,0:00,12,6690.9675
2025-2-20,0:00,13,6343.1283
2025-2-20,0:00,14,6434.1386
2025-2-20,0:00,15,4856.5938
2025-2-20,0:00,16,3213.5625
2025-2-20,0:00,17,864.4773
2025-2-20,0:00,18,0.0
2025-2-20,0:00,19,0.0
2025-2-20,0:00,20,0.0
2025-2-20,0:00,21,0.0
2025-2-20,0:00,22,0.0
2025-2-20,0:00,23,0.0
2025-2-20,0:00,24,0.0
2025-2-20,6:00,1,882.9428
2025-2-20,6:00,2,2610.8701
2025-2-20,6:00,3,4720.4193
2025-2-20,6:00,4,6108.1707
2025-2-20,6:00,5,6673.4766
2025-2-20,6:00,6,7431.085
2025-2-20,6:00,7,7132.5253
2025-2-20,6:00,8,6161.3802
2025-2-20,6:00,9,4257.5677
2025-2-20,6:00,10,2589.85
2025-2-20,6:00,11,644.4618
2025-2-20,6:00,12,0.0
2025-2-20,6:00,13,0.0
2025-2-20,6:00,14,0.0
2025-2-20,6:00,15,0.0
2025-2-20,6:00,16,0.0
2025-2-20,6:00,17,0.0
2025-2-20,6:00,18,0.0
2025-2-20,6:00,19,0.0
2025-2-20,6:00,20,0.0
2025-2-20,6:00,21,0.0
2025-2-20,6:00,22,0.0
2025-2-20,6:00,23,0.0
2025-2-20,6:00,24,0.0
2025-2-20,12:00,1,6956.6411
2025-2-20,12:00,2,6403.0174
2025-2-20,12:00,3,4986.2745
2025-2-20,12:00,4,3085.6414
2025-2-20,12:00,5,759.1283
2025-2-20,12:00,6,0.0
2025-2-20,12:00,7,0.0
2025-2-20,12:00,8,0.0
2025-2-20,12:00,9,0.0
2025-2-20,12:00,10,0.0
2025-2-20,12:00,11,0.0
2025-2-20,12:00,12,0.0
2025-2-20,12:00,13,0.0
2025-2-20,12:00,14,0.0
2025-2-20,12:00,15,0.0
2025-2-20,12:00,16,0.0
2025-2-20,12:00,17,0.0
2025-2-20,12:00,18,0.0
2025-2-20,12:00,19,1002.6753
2025-2-20,12:00,20,3156.7396
2025-2-20,12:00,21,4589.2617
2025-2-20,12:00,22,6612.9639
2025-2-20,12:00,23,7933.0875
2025-2-20,12:00,24,8344.725
2025-2-20,18:00,1,0.0
2025-2-20,18:00,2,0.0
2025-2-20,18:00,3,0.0
2025-2-20,18:00,4,0.0
2025-2-20,18:00,5,0.0
2025-2-20,18:00,6,0.0
2025-2-20,18:00,7,0.0
2025-2-20,18:00,8,0.0
2025-2-20,18:00,9,0.0
2025-2-20,18:00,10,0.0
2025-2-20,18:00,11,0.0
2025-2-20,18:00,12,0.0
2025-2-20,18:00,13,781.3543
2025-2-20,18:00,14,2410.1549
2025-2-20,18:00,15,4467.027
2025-2-20,18:00,16,6568.1797
2025-2-20,18:00,17,7933.0875
2025-2-20,18:00,18,8344.725
2025-2-20,18:00,19,7829.925
2025-2-20,18:00,20,6683.775
2025-2-20,18:00,21,4084.5973
2025-2-20,18:00,22,2887.2927
2025-2-20,18:00,23,781.3896
2025-2-20,18:00,24,0.0
2025-2-21,0:00,1,0.0
2025-2-21,0:00,2,0.0
2025-2-21,0:00,3,0.0
2025-2-21,0:00,4,0.0
2025-2-21,0:00,5,0.0
2025-2-21,0:00,6,0.0
2025-2-21,0:00,7,860.0715
2025-2-21,0:00,8,2566.5526
2025-2-21,0:00,9,4111.7383
2025-2-21,0:00,10,4969.867
2025-2-21,0:00,11,6082.2076
2025-2-21,0:00,12,6898.4389
2025-2-21,0:00,13,7501.3478
2025-2-21,0:00,14,6683.775
2025-2-21,0:00,15,5245.3322
2025-2-21,0:00,16,3140.9373
2025-2-21,0:00,17,949.715
2025-2-21,0:00,18,0.0
2025-2-21,0:00,19,0.0
2025-2-21,0:00,20,0.0
2025-2-21,0:00,21,0.0
2025-2-21,0:00,22,0.0
2025-2-21,0:00,23,0.0
2025-2-21,0:00,24,0.0
2025-2-21,6:00,1,822.5407
2025-2-21,6:00,2,2547.4821
2025-2-21,6:00,3,4194.3647
2025-2-21,6:00,4,5632.5133
2025-2-21,6:00,5,6781.6416
2025-2-21,6:00,6,7187.1174
2025-2-21,6:00,7,6869.3407
2025-2-21,6:00,8,5633.0066
2025-2-21,6:00,9,4414.9953
2025-2-21,6:00,10,3135.8532
2025-2-21,6:00,11,928.972
2025-2-21,6:00,12,0.0
2025-2-21,6:00,13,0.0
2025-2-21,6:00,14,0.0
2025-2-21,6:00,15,0.0
2025-2-21,6:00,16,0.0
2025-2-21,6:00,17,0.0
2025-2-21,6:00,18,0.0
2025-2-21,6:00,19,0.0
2025-2-21,6:00,20,0.0
2025-2-21,6:00,21,0.0
2025-2-21,6:00,22,0.0
2025-2-21,6:00,23,0.0
2025-2-21,6:00,24,0.0
2025-2-21,12:00,1,7223.4339
2025-2-21,12:00,2,6244.3248
2025-2-21,12:00,3,4598.6976
2025-2-21,12:00,4,3060.1896
2025-2-21,12:00,5,878.4387
2025-2-21,12:00,6,0.0
2025-2-21,12:00,7,0.0
2025-2-21,12:00,8,0.0
2025-2-21,12:00,9,0.0
2025-2-21,12:00,10,0.0
2025-2-21,12:00,11,0.0
2025-2-21,12:00,12,0.0
2025-2-21,12:00,13,0.0
2025-2-21,12:00,14,0.0
2025-2-21,12:00,15,0.0
2025-2-21,12:00,16,0.0
2025-2-21,12:00,17,0.0
2025-2-21,12:00,18,0.0
2025-2-21,12:00,19,599.199
2025-2-21,12:00,20,1624.9002
2025-2-21,12:00,21,2642.9405
2025-2-21,12:00,22,4140.0536
2025-2-21,12:00,23,6277.7377
2025-2-21,12:00,24,6942.6545
2025-2-21,18:00,1,0.0
2025-2-21,18:00,2,0.0
2025-2-21,18:00,3,0.0
2025-2-21,18:00,4,0.0
2025-2-21,18:00,5,0.0
2025-2-21,18:00,6,0.0
2025-2-21,18:00,7,0.0
2025-2-21,18:00,8,0.0
2025-2-21,18:00,9,0.0
2025-2-21,18:00,10,0.0
2025-2-21,18:00,11,0.0
2025-2-21,18:00,12,0.0
2025-2-21,18:00,13,910.9058
2025-2-21,18:00,14,2687.6092
2025-2-21,18:00,15,4384.5393
2025-2-21,18:00,16,5085.1591
2025-2-21,18:00,17,5664.0613
2025-2-21,18:00,18,6817.909
2025-2-21,18:00,19,6418.2087
2025-2-21,18:00,20,5743.7341
2025-2-21,18:00,21,4750.5121
2025-2-21,18:00,22,2682.3164
2025-2-21,18:00,23,770.6589
2025-2-21,18:00,24,0.0
2025-2-22,0:00,1,0.0
2025-2-22,0:00,2,0.0
2025-2-22,0:00,3,0.0
2025-2-22,0:00,4,0.0
2025-2-22,0:00,5,0.0
2025-2-22,0:00,6,0.0
2025-2-22,0:00,7,955.8252
2025-2-22,0:00,8,2769.4118
2025-2-22,0:00,9,4444.0336
2025-2-22,0:00,10,5895.8248
2025-2-22,0:00,11,6307.5396
2025-2-22,0:00,12,6905.9079
2025-2-22,0:00,13,7042.2106
2025-2-22,0:00,14,5697.1037
2025-2-22,0:00,15,3555.8601
2025-2-22,0:00,16,2842.408
2025-2-22,0:00,17,783.0742
2025-2-22,0:00,18,0.0
2025-2-22,0:00,19,0.0
2025-2-22,0:00,20,0.0
2025-2-22,0:00,21,0.0
2025-2-22,0:00,22,0.0
2025-2-22,0:00,23,0.0
2025-2-22,0:00,24,0.0
2025-2-22,6:00,1,902.2661
2025-2-22,6:00,2,2770.0181
2025-2-22,6:00,3,4475.6337
2025-2-22,6:00,4,5824.5401
2025-2-22,6:00,5,6833.4729
2025-2-22,6:00,6,6890.2444
2025-2-22,6:00,7,6381.9436
2025-2-22,6:00,8,5665.7866
2025-2-22,6:00,9,4130.4111
2025-2-22,6:00,10,2375.4962
2025-2-22,6:00,11,744.6669
2025-2-22,6:00,12,0.0
2025-2-22,6:00,13,0.0
2025-2-22,6:00,14,0.0
2025-2-22,6:00,15,0.0
2025-2-22,6:00,16,0.0
2025-2-22,6:00,17,0.0
2025-2-22,6:00,18,0.0
2025-2-22,6:00,19,0.0
2025-2-22,6:00,20,0.0
2025-2-22,6:00,21,0.0
2025-2-22,6:00,22,0.0
2025-2-22,6:00,23,0.0
2025-2-22,6:00,24,0.0
2025-2-22,12:00,1,6687.1474
2025-2-22,12:00,2,6061.8966
2025-2-22,12:00,3,4469.1342
2025-2-22,12:00,4,2640.4063
2025-2-22,12:00,5,866.9857
2025-2-22,12:00,6,0.0
2025-2-22,12:00,7,0.0
2025-2-22,12:00,8,0.0
2025-2-22,12:00,9,0.0
2025-2-22,12:00,10,0.0
2025-2-22,12:00,11,0.0
2025-2-22,12:00,12,0.0
2025-2-22,12:00,13,0.0
2025-2-22,12:00,14,0.0
2025-2-22,12:00,15,0.0
2025-2-22,12:00,16,0.0
2025-2-22,12:00,17,0.0
2025-2-22,12:00,18,0.0
2025-2-22,12:00,19,664.5832
2025-2-22,12:00,20,2468.0198
2025-2-22,12:00,21,5350.4625
2025-2-22,12:00,22,6343.552
2025-2-22,12:00,23,7933.0875
2025-2-22,12:00,24,8344.725
2025-2-22,18:00,1,0.0
2025-2-22,18:00,2,0.0
2025-2-22,18:00,3,0.0
2025-2-22,18:00,4,0.0
2025-2-22,18:00,5,0.0
2025-2-22,18:00,6,0.0
2025-2-22,18:00,7,0.0
2025-2-22,18:00,8,0.0
2025-2-22,18:00,9,0.0
2025-2-22,18:00,10,0.0
2025-2-22,18:00,11,0.0
2025-2-22,18:00,12,0.0
2025-2-22,18:00,13,943.4059
2025-2-22,18:00,14,2961.1919
2025-2-22,18:00,15,5350.4625
2025-2-22,18:00,16,5879.0463
2025-2-22,18:00,17,7172.4698
2025-2-22,18:00,18,6559.0048
2025-2-22,18:00,19,5938.5587
2025-2-22,18:00,20,4379.2381
2025-2-22,18:00,21,3916.1102
2025-2-22,18:00,22,2116.3943
2025-2-22,18:00,23,579.6637
2025-2-22,18:00,24,0.0
2025-2-23,0:00,1,0.0
2025-2-23,0:00,2,0.0
2025-2-23,0:00,3,0.0
2025-2-23,0:00,4,0.0
2025-2-23,0:00,5,0.0
2025-2-23,0:00,6,0.0
2025-2-23,0:00,7,841.4891
2025-2-23,0:00,8,2623.738
2025-2-23,0:00,9,5101.5339
2025-2-23,0:00,10,5927.3374
2025-2-23,0:00,11,7279.6862
2025-2-23,0:00,12,6673.4737
2025-2-23,0:00,13,6254.5462
2025-2-23,0:00,14,5563.7245
2025-2-23,0:00,15,4215.2218
2025-2-23,0:00,16,2548.7767
2025-2-23,0:00,17,1045.0588
2025-2-23,0:00,18,0.0
2025-2-23,0:00,19,0.0
2025-2-23,0:00,20,0.0
2025-2-23,0:00,21,0.0
2025-2-23,0:00,22,0.0
2025-2-23,0:00,23,0.0
2025-2-23,0:00,24,0.0
2025-2-23,6:00,1,837.5359
2025-2-23,6:00,2,2598.9926
2025-2-23,6:00,3,5011.7287
2025-2-23,6:00,4,5666.9859
2025-2-23,6:00,5,7126.1983
2025-2-23,6:00,6,6873.9174
2025-2-23,6:00,7,6846.0275
2025-2-23,6:00,8,5402.1738
2025-2-23,6:00,9,4122.7369
2025-2-23,6:00,10,2579.1344
2025-2-23,6:00,11,902.0243
2025-2-23,6:00,12,0.0
2025-2-23,6:00,13,0.0
2025-2-23,6:00,14,0.0
2025-2-23,6:00,15,0.0
2025-2-23,6:00,16,0.0
2025-2-23,6:00,17,0.0
2025-2-23,6:00,18,0.0
2025-2-23,6:00,19,0.0
2025-2-23,6:00,20,0.0
2025-2-23,6:00,21,0.0
2025-2-23,6:00,22,0.0
2025-2-23,6:00,23,0.0
2025-2-23,6:00,24,0.0
2025-2-23,12:00,1,7152.7266
2025-2-23,12:00,2,6078.2431
2025-2-23,12:00,3,5006.158
2025-2-23,12:00,4,3092.8784
2025-2-23,12:00,5,1044.4039
2025-2-23,12:00,6,0.0
2025-2-23,12:00,7,0.0
2025-2-23,12:00,8,0.0
2025-2-23,12:00,9,0.0
2025-2-23,12:00,10,0.0
2025-2-23,12:00,11,0.0
2025-2-23,12:00,12,0.0
2025-2-23,12:00,13,0.0
2025-2-23,12:00,14,0.0
2025-2-23,12:00,15,0.0
2025-2-23,12:00,16,0.0
2025-2-23,12:00,17,0.0
2025-2-23,12:00,18,0.0
2025-2-23,12:00,19,1108.9667
2025-2-23,12:00,20,2879.7171
2025-2-23,12:00,21,5344.9292
2025-2-23,12:00,22,5494.9522
2025-2-23,12:00,23,5831.7347
2025-2-23,12:00,24,4561.1334
2025-2-23,18:00,1,0.0
2025-2-23,18:00,2,0.0
2025-2-23,18:00,3,0.0
2025-2-23,18:00,4,0.0
2025-2-23,18:00,5,0.0
2025-2-23,18:00,6,0.0
2025-2-23,18:00,7,0.0
2025-2-23,18:00,8,0.0
2025-2-23,18:00,9,0.0
2025-2-23,18:00,10,0.0
2025-2-23,18:00,11,0.0
2025-2-23,18:00,12,0.0
2025-2-23,18:00,13,745.5003
2025-2-23,18:00,14,2585.0232
2025-2-23,18:00,15,4646.2222
2025-2-23,18:00,16,6199.304
2025-2-23,18:00,17,6735.004
2025-2-23,18:00,18,8265.1288
2025-2-23,18:00,19,7991.1755
2025-2-23,18:00,20,6683.775
2025-2-23,18:00,21,4243.3486
2025-2-23,18:00,22,3121.8707
2025-2-23,18:00,23,996.4382
2025-2-23,18:00,24,0.0
2025-2-24,0:00,1,0.0
2025-2-24,0:00,2,0.0
2025-2-24,0:00,3,0.0
2025-2-24,0:00,4,0.0
2025-2-24,0:00,5,0.0
2025-2-24,0:00,6,0.0
2025-2-24,0:00,7,855.2942
2025-2-24,0:00,8,2491.529
2025-2-24,0:00,9,4705.3769
2025-2-24,0:00,10,5829.2698
2025-2-24,0:00,11,7933.0875
2025-2-24,0:00,12,8126.6517
2025-2-24,0:00,13,8068.951
2025-2-24,0:00,14,6683.775
2025-2-24,0:00,15,3935.5235
2025-2-24,0:00,16,1990.5683
2025-2-24,0:00,17,699.7025
2025-2-24,0:00,18,0.0
2025-2-24,0:00,19,0.0
2025-2-24,0:00,20,0.0
2025-2-24,0:00,21,0.0
2025-2-24,0:00,22,0.0
2025-2-24,0:00,23,0.0
2025-2-24,0:00,24,0.0
2025-2-24,6:00,1,940.0509
2025-2-24,6:00,2,2828.9603
2025-2-24,6:00,3,5121.1295
2025-2-24,6:00,4,5972.8721
2025-2-24,6:00,5,6764.734
2025-2-24,6:00,6,6810.3106
2025-2-24,6:00,7,6748.5498
2025-2-24,6:00,8,6467.9801
2025-2-24,6:00,9,4551.0968
2025-2-24,6:00,10,2866.8385
2025-2-24,6:00,11,978.4649
2025-2-24,6:00,12,0.0
2025-2-24,6:00,13,0.0
2025-2-24,6:00,14,0.0
2025-2-24,6:00,15,0.0
2025-2-24,6:00,16,0.0
2025-2-24,6:00,17,0.0
2025-2-24,6:00,18,0.0
2025-2-24,6:00,19,0.0
2025-2-24,6:00,20,0.0
2025-2-24,6:00,21,0.0
2025-2-24,6:00,22,0.0
2025-2-24,6:00,23,0.0
2025-2-24,6:00,24,0.0
2025-2-24,12:00,1,7251.5513
2025-2-24,12:00,2,6589.5885
2025-2-24,12:00,3,4567.5186
2025-2-24,12:00,4,2862.3784
2025-2-24,12:00,5,923.3491
2025-2-24,12:00,6,0.0
2025-2-24,12:00,7,0.0
2025-2-24,12:00,8,0.0
2025-2-24,12:00,9,0.0
2025-2-24,12:00,10,0.0
2025-2-24,12:00,11,0.0
2025-2-24,12:00,12,0.0
2025-2-24,12:00,13,0.0
2025-2-24,12:00,14,0.0
2025-2-24,12:00,15,0.0
2025-2-24,12:00,16,0.0
2025-2-24,12:00,17,0.0
2025-2-24,12:00,18,0.0
2025-2-24,12:00,19,1123.9475
2025-2-24,12:00,20,3084.882
2025-2-24,12:00,21,5350.4625
2025-2-24,12:00,22,6989.775
2025-2-24,12:00,23,7933.0875
2025-2-24,12:00,24,8344.725
2025-2-24,18:00,1,0.0
2025-2-24,18:00,2,0.0
2025-2-24,18:00,3,0.0
2025-2-24,18:00,4,0.0
2025-2-24,18:00,5,0.0
2025-2-24,18:00,6,0.0
2025-2-24,18:00,7,0.0
2025-2-24,18:00,8,0.0
2025-2-24,18:00,9,0.0
2025-2-24,18:00,10,0.0
2025-2-24,18:00,11,0.0
2025-2-24,18:00,12,0.0
2025-2-24,18:00,13,984.4066
2025-2-24,18:00,14,2899.1119
2025-2-24,18:00,15,5013.8677
2025-2-24,18:00,16,6601.9512
2025-2-24,18:00,17,7933.0875
2025-2-24,18:00,18,8344.725
2025-2-24,18:00,19,8501.7
2025-2-24,18:00,20,6683.775
2025-2-24,18:00,21,5071.0268
2025-2-24,18:00,22,2954.1652
2025-2-24,18:00,23,844.3989
2025-2-24,18:00,24,0.0
2025-2-25,0:00,1,0.0
2025-2-25,0:00,2,0.0
2025-2-25,0:00,3,0.0
2025-2-25,0:00,4,0.0
2025-2-25,0:00,5,0.0
2025-2-25,0:00,6,0.0
2025-2-25,0:00,7,938.9164
2025-2-25,0:00,8,2432.8542
2025-2-25,0:00,9,4437.0555
2025-2-25,0:00,10,5963.4692
2025-2-25,0:00,11,6827.5274
2025-2-25,0:00,12,6784.0553
2025-2-25,0:00,13,7181.6216
2025-2-25,0:00,14,5908.1448
2025-2-25,0:00,15,4345.6537
2025-2-25,0:00,16,2915.379
2025-2-25,0:00,17,988.8566
2025-2-25,0:00,18,0.0
2025-2-25,0:00,19,0.0
2025-2-25,0:00,20,0.0
2025-2-25,0:00,21,0.0
2025-2-25,0:00,22,0.0
2025-2-25,0:00,23,0.0
2025-2-25,0:00,24,0.0
2025-2-25,6:00,1,1067.133
2025-2-25,6:00,2,2983.522
2025-2-25,6:00,3,5350.4625
2025-2-25,6:00,4,6989.775
2025-2-25,6:00,5,7386.8901
2025-2-25,6:00,6,7183.3195
2025-2-25,6:00,7,6830.3325
2025-2-25,6:00,8,5347.7372
2025-2-25,6:00,9,4387.6611
2025-2-25,6:00,10,2815.8721
2025-2-25,6:00,11,902.5419
2025-2-25,6:00,12,0.0
2025-2-25,6:00,13,0.0
2025-2-25,6:00,14,0.0
2025-2-25,6:00,15,0.0
2025-2-25,6:00,16,0.0
2025-2-25,6:00,17,0.0
2025-2-25,6:00,18,0.0
2025-2-25,6:00,19,0.0
2025-2-25,6:00,20,0.0
2025-2-25,6:00,21,0.0
2025-2-25,6:00,22,0.0
2025-2-25,6:00,23,0.0
2025-2-25,6:00,24,0.0
2025-2-25,12:00,1,7856.1198
2025-2-25,12:00,2,6683.775
2025-2-25,12:00,3,4988.8272
2025-2-25,12:00,4,3130.164
2025-2-25,12:00,5,992.4984
2025-2-25,12:00,6,0.0
2025-2-25,12:00,7,0.0
2025-2-25,12:00,8,0.0
2025-2-25,12:00,9,0.0
2025-2-25,12:00,10,0.0
2025-2-25,12:00,11,0.0
2025-2-25,12:00,12,0.0
2025-2-25,12:00,13,0.0
2025-2-25,12:00,14,0.0
2025-2-25,12:00,15,0.0
2025-2-25,12:00,16,0.0
2025-2-25,12:00,17,0.0
2025-2-25,12:00,18,0.0
2025-2-25,12:00,19,1096.5633
2025-2-25,12:00,20,2767.8588
2025-2-25,12:00,21,5350.4625
2025-2-25,12:00,22,6989.775
2025-2-25,12:00,23,7750.0765
2025-2-25,12:00,24,8181.3341
2025-2-25,18:00,1,0.0
2025-2-25,18:00,2,0.0
2025-2-25,18:00,3,0.0
2025-2-25,18:00,4,0.0
2025-2-25,18:00,5,0.0
2025-2-25,18:00,6,0.0
2025-2-25,18:00,7,0.0
2025-2-25,18:00,8,0.0
2025-2-25,18:00,9,0.0
2025-2-25,18:00,10,0.0
2025-2-25,18:00,11,0.0
2025-2-25,18:00,12,0.0
2025-2-25,18:00,13,1137.761
2025-2-25,18:00,14,3238.1731
2025-2-25,18:00,15,4995.1685
2025-2-25,18:00,16,6389.7429
2025-2-25,18:00,17,6919.6111
2025-2-25,18:00,18,6505.2243
2025-2-25,18:00,19,7807.8864
2025-2-25,18:00,20,6683.775
2025-2-25,18:00,21,5270.8875
2025-2-25,18:00,22,3401.55
2025-2-25,18:00,23,1450.2
2025-2-25,18:00,24,0.0
2025-2-26,0:00,1,0.0
2025-2-26,0:00,2,0.0
2025-2-26,0:00,3,0.0
2025-2-26,0:00,4,0.0
2025-2-26,0:00,5,0.0
2025-2-26,0:00,6,0.0
2025-2-26,0:00,7,1033.207
2025-2-26,0:00,8,3061.4343
2025-2-26,0:00,9,5313.5728
2025-2-26,0:00,10,6989.775
2025-2-26,0:00,11,7569.8156
2025-2-26,0:00,12,7841.071
2025-2-26,0:00,13,8229.6313
2025-2-26,0:00,14,6226.3894
2025-2-26,0:00,15,5158.9495
2025-2-26,0:00,16,3016.3679
2025-2-26,0:00,17,1070.322
2025-2-26,0:00,18,0.0
2025-2-26,0:00,19,0.0
2025-2-26,0:00,20,0.0
2025-2-26,0:00,21,0.0
2025-2-26,0:00,22,0.0
2025-2-26,0:00,23,0.0
2025-2-26,0:00,24,0.0
2025-2-26,6:00,1,1031.795
2025-2-26,6:00,2,3224.3577
2025-2-26,6:00,3,5171.041
2025-2-26,6:00,4,6932.0995
2025-2-26,6:00,5,7312.4921
2025-2-26,6:00,6,7841.0495
2025-2-26,6:00,7,7170.9622
2025-2-26,6:00,8,6253.4061
2025-2-26,6:00,9,4954.4506
2025-2-26,6:00,10,2945.8198
2025-2-26,6:00,11,1020.5125
2025-2-26,6:00,12,0.0
2025-2-26,6:00,13,0.0
2025-2-26,6:00,14,0.0
2025-2-26,6:00,15,0.0
2025-2-26,6:00,16,0.0
2025-2-26,6:00,17,0.0
2025-2-26,6:00,18,0.0
2025-2-26,6:00,19,0.0
2025-2-26,6:00,20,0.0
2025-2-26,6:00,21,0.0
2025-2-26,6:00,22,0.0
2025-2-26,6:00,23,0.0
2025-2-26,6:00,24,0.0
2025-2-26,12:00,1,7036.5709
2025-2-26,12:00,2,5957.3341
2025-2-26,12:00,3,4548.9108
2025-2-26,12:00,4,2812.6795
2025-2-26,12:00,5,964.0447
2025-2-26,12:00,6,0.0
2025-2-26,12:00,7,0.0
2025-2-26,12:00,8,0.0
2025-2-26,12:00,9,0.0
2025-2-26,12:00,10,0.0
2025-2-26,12:00,11,0.0
2025-2-26,12:00,12,0.0
2025-2-26,12:00,13,0.0
2025-2-26,12:00,14,0.0
2025-2-26,12:00,15,0.0
2025-2-26,12:00,16,0.0
2025-2-26,12:00,17,0.0
2025-2-26,12:00,18,0.0
2025-2-26,12:00,19,671.1651
2025-2-26,12:00,20,2265.9889
2025-2-26,12:00,21,3026.307
2025-2-26,12:00,22,4589.2709
2025-2-26,12:00,23,4224.6236
2025-2-26,12:00,24,5103.2567
2025-2-26,18:00,1,0.0
2025-2-26,18:00,2,0.0
2025-2-26,18:00,3,0.0
2025-2-26,18:00,4,0.0
2025-2-26,18:00,5,0.0
2025-2-26,18:00,6,0.0
2025-2-26,18:00,7,0.0
2025-2-26,18:00,8,0.0
2025-2-26,18:00,9,0.0
2025-2-26,18:00,10,0.0
2025-2-26,18:00,11,0.0
2025-2-26,18:00,12,0.0
2025-2-26,18:00,13,1127.9823
2025-2-26,18:00,14,3263.236
2025-2-26,18:00,15,4682.4988
2025-2-26,18:00,16,6024.5072
2025-2-26,18:00,17,7097.0836
2025-2-26,18:00,18,7616.4675
2025-2-26,18:00,19,5923.3829
2025-2-26,18:00,20,4556.4004
2025-2-26,18:00,21,2989.9836
2025-2-26,18:00,22,2453.3313
2025-2-26,18:00,23,662.057
2025-2-26,18:00,24,0.0
2025-2-27,0:00,1,0.0
2025-2-27,0:00,2,0.0
2025-2-27,0:00,3,0.0
2025-2-27,0:00,4,0.0
2025-2-27,0:00,5,0.0
2025-2-27,0:00,6,0.0
2025-2-27,0:00,7,896.0011
2025-2-27,0:00,8,2784.6041
2025-2-27,0:00,9,4767.9273
2025-2-27,0:00,10,6172.6048
2025-2-27,0:00,11,7574.9343
2025-2-27,0:00,12,7977.0157
2025-2-27,0:00,13,7979.325
2025-2-27,0:00,14,6683.775
2025-2-27,0:00,15,5134.3544
2025-2-27,0:00,16,3156.753
2025-2-27,0:00,17,1066.2305
2025-2-27,0:00,18,0.0
2025-2-27,0:00,19,0.0
2025-2-27,0:00,20,0.0
2025-2-27,0:00,21,0.0
2025-2-27,0:00,22,0.0
2025-2-27,0:00,23,0.0
2025-2-27,0:00,24,0.0
2025-2-27,6:00,1,1013.944
2025-2-27,6:00,2,2837.8224
2025-2-27,6:00,3,4549.9
2025-2-27,6:00,4,6362.8794
2025-2-27,6:00,5,7933.0875
2025-2-27,6:00,6,8344.725
2025-2-27,6:00,7,8180.2511
2025-2-27,6:00,8,6388.9602
2025-2-27,6:00,9,4616.3215
2025-2-27,6:00,10,3162.5776
2025-2-27,6:00,11,995.1604
2025-2-27,6:00,12,0.0
2025-2-27,6:00,13,0.0
2025-2-27,6:00,14,0.0
2025-2-27,6:00,15,0.0
2025-2-27,6:00,16,0.0
2025-2-27,6:00,17,0.0
2025-2-27,6:00,18,0.0
2025-2-27,6:00,19,0.0
2025-2-27,6:00,20,0.0
2025-2-27,6:00,21,0.0
2025-2-27,6:00,22,0.0
2025-2-27,6:00,23,0.0
2025-2-27,6:00,24,0.0
2025-2-27,12:00,1,7813.7373
2025-2-27,12:00,2,6265.4466
2025-2-27,12:00,3,4769.4918
2025-2-27,12:00,4,3085.2201
2025-2-27,12:00,5,1008.1967
2025-2-27,12:00,6,0.0
2025-2-27,12:00,7,0.0
2025-2-27,12:00,8,0.0
2025-2-27,12:00,9,0.0
2025-2-27,12:00,10,0.0
2025-2-27,12:00,11,0.0
2025-2-27,12:00,12,0.0
2025-2-27,12:00,13,0.0
2025-2-27,12:00,14,0.0
2025-2-27,12:00,15,0.0
2025-2-27,12:00,16,0.0
2025-2-27,12:00,17,0.0
2025-2-27,12:00,18,0.0
2025-2-27,12:00,19,990.7113
2025-2-27,12:00,20,3184.0833
2025-2-27,12:00,21,5170.8194
2025-2-27,12:00,22,7015.0875
2025-2-27,12:00,23,7248.4964
2025-2-27,12:00,24,7094.1818
2025-2-27,18:00,1,0.0
2025-2-27,18:00,2,0.0
2025-2-27,18:00,3,0.0
2025-2-27,18:00,4,0.0
2025-2-27,18:00,5,0.0
2025-2-27,18:00,6,0.0
2025-2-27,18:00,7,0.0
2025-2-27,18:00,8,0.0
2025-2-27,18:00,9,0.0
2025-2-27,18:00,10,0.0
2025-2-27,18:00,11,0.0
2025-2-27,18:00,12,0.0
2025-2-27,18:00,13,778.7348
2025-2-27,18:00,14,2253.0549
2025-2-27,18:00,15,3719.5141
2025-2-27,18:00,16,6290.2511
2025-2-27,18:00,17,7057.5179
2025-2-27,18:00,18,8344.725
2025-2-27,18:00,19,8501.7
2025-2-27,18:00,20,6683.775
2025-2-27,18:00,21,5270.8875
2025-2-27,18:00,22,3569.1375
2025-2-27,18:00,23,1304.8164
2025-2-27,18:00,24,0.0
2025-2-28,0:00,1,0.0
2025-2-28,0:00,2,0.0
2025-2-28,0:00,3,0.0
2025-2-28,0:00,4,0.0
2025-2-28,0:00,5,0.0
2025-2-28,0:00,6,0.0
2025-2-28,0:00,7,1082.3801
2025-2-28,0:00,8,3155.0978
2025-2-28,0:00,9,5130.3137
2025-2-28,0:00,10,7015.0875
2025-2-28,0:00,11,6933.3759
2025-2-28,0:00,12,7715.4883
2025-2-28,0:00,13,7574.5109
2025-2-28,0:00,14,6042.3922
2025-2-28,0:00,15,4950.6183
2025-2-28,0:00,16,3177.6541
2025-2-28,0:00,17,761.7323
2025-2-28,0:00,18,0.0
2025-2-28,0:00,19,0.0
2025-2-28,0:00,20,0.0
2025-2-28,0:00,21,0.0
2025-2-28,0:00,22,0.0
2025-2-28,0:00,23,0.0
2025-2-28,0:00,24,0.0
2025-2-28,6:00,1,1002.0517
2025-2-28,6:00,2,2980.4783
2025-2-28,6:00,3,4768.5944
2025-2-28,6:00,4,6705.1535
2025-2-28,6:00,5,6725.4102
2025-2-28,6:00,6,7074.0686
2025-2-28,6:00,7,6771.8303
2025-2-28,6:00,8,6037.6131
2025-2-28,6:00,9,5270.8875
2025-2-28,6:00,10,3377.8131
2025-2-28,6:00,11,1064.5266
2025-2-28,6:00,12,0.0
2025-2-28,6:00,13,0.0
2025-2-28,6:00,14,0.0
2025-2-28,6:00,15,0.0
2025-2-28,6:00,16,0.0
2025-2-28,6:00,17,0.0
2025-2-28,6:00,18,0.0
2025-2-28,6:00,19,0.0
2025-2-28,6:00,20,0.0
2025-2-28,6:00,21,0.0
2025-2-28,6:00,22,0.0
2025-2-28,6:00,23,0.0
2025-2-28,6:00,24,0.0
2025-2-28,12:00,1,7022.8176
2025-2-28,12:00,2,6242.2363
2025-2-28,12:00,3,5165.7588
2025-2-28,12:00,4,3053.1075
2025-2-28,12:00,5,1026.8168
2025-2-28,12:00,6,0.0
2025-2-28,12:00,7,0.0
2025-2-28,12:00,8,0.0
2025-2-28,12:00,9,0.0
2025-2-28,12:00,10,0.0
2025-2-28,12:00,11,0.0
2025-2-28,12:00,12,0.0
2025-2-28,12:00,13,0.0
2025-2-28,12:00,14,0.0
2025-2-28,12:00,15,0.0
2025-2-28,12:00,16,0.0
2025-2-28,12:00,17,0.0
2025-2-28,12:00,18,0.0
2025-2-28,12:00,19,1210.1633
2025-2-28,12:00,20,3491.55
2025-2-28,12:00,21,4616.0182
2025-2-28,12:00,22,5715.2461
2025-2-28,12:00,23,6491.6114
2025-2-28,12:00,24,5273.3339
2025-2-28,18:00,1,0.0
2025-2-28,18:00,2,0.0
2025-2-28,18:00,3,0.0
2025-2-28,18:00,4,0.0
2025-2-28,18:00,5,0.0
2025-2-28,18:00,6,0.0
2025-2-28,18:00,7,0.0
2025-2-28,18:00,8,0.0
2025-2-28,18:00,9,0.0
2025-2-28,18:00,10,0.0
2025-2-28,18:00,11,0.0
2025-2-28,18:00,12,0.0
2025-2-28,18:00,13,872.9784
2025-2-28,18:00,14,2429.9697
2025-2-28,18:00,15,3480.011
2025-2-28,18:00,16,3965.4979
2025-2-28,18:00,17,4776.424
2025-2-28,18:00,18,6689.7333
2025-2-28,18:00,19,6899.2275
2025-2-28,18:00,20,5276.4076
2025-2-28,18:00,21,5098.9681
2025-2-28,18:00,22,3191.54
2025-2-28,18:00,23,1165.3316
2025-2-28,18:00,24,0.0
2025-3-1,0:00,1,0.0
2025-3-1,0:00,2,0.0
2025-3-1,0:00,3,0.0
2025-3-1,0:00,4,0.0
2025-3-1,0:00,5,0.0
2025-3-1,0:00,6,0.0
2025-3-1,0:00,7,909.6285
2025-3-1,0:00,8,2661.0697
2025-3-1,0:00,9,3964.2304
2025-3-1,0:00,10,5133.8466
2025-3-1,0:00,11,5525.0933
2025-3-1,0:00,12,6761.2539
2025-3-1,0:00,13,5460.5808
2025-3-1,0:00,14,4931.868
2025-3-1,0:00,15,4274.5779
2025-3-1,0:00,16,2406.9779
2025-3-1,0:00,17,902.456
2025-3-1,0:00,18,0.0
2025-3-1,0:00,19,0.0
2025-3-1,0:00,20,0.0
2025-3-1,0:00,21,0.0
2025-3-1,0:00,22,0.0
2025-3-1,0:00,23,0.0
2025-3-1,0:00,24,0.0
2025-3-1,6:00,1,976.0978
2025-3-1,6:00,2,2697.4825
2025-3-1,6:00,3,4173.7536
2025-3-1,6:00,4,5775.9041
2025-3-1,6:00,5,6803.5153
2025-3-1,6:00,6,8232.7323
2025-3-1,6:00,7,8027.7384
2025-3-1,6:00,8,6291.6494
2025-3-1,6:00,9,4790.065
2025-3-1,6:00,10,2850.697
2025-3-1,6:00,11,962.6409
2025-3-1,6:00,12,0.0
2025-3-1,6:00,13,0.0
2025-3-1,6:00,14,0.0
2025-3-1,6:00,15,0.0
2025-3-1,6:00,16,0.0
2025-3-1,6:00,17,0.0
2025-3-1,6:00,18,0.0
2025-3-1,6:00,19,0.0
2025-3-1,6:00,20,0.0
2025-3-1,6:00,21,0.0
2025-3-1,6:00,22,0.0
2025-3-1,6:00,23,0.0
2025-3-1,6:00,24,0.0
2025-3-1,12:00,1,7250.1701
2025-3-1,12:00,2,5900.1919
2025-3-1,12:00,3,4656.0971
2025-3-1,12:00,4,2821.7367
2025-3-1,12:00,5,1020.2917
2025-3-1,12:00,6,0.0
2025-3-1,12:00,7,0.0
2025-3-1,12:00,8,0.0
2025-3-1,12:00,9,0.0
2025-3-1,12:00,10,0.0
2025-3-1,12:00,11,0.0
2025-3-1,12:00,12,0.0
2025-3-1,12:00,13,0.0
2025-3-1,12:00,14,0.0
2025-3-1,12:00,15,0.0
2025-3-1,12:00,16,0.0
2025-3-1,12:00,17,0.0
2025-3-1,12:00,18,0.0
2025-3-1,12:00,19,1289.6044
2025-3-1,12:00,20,3718.2
2025-3-1,12:00,21,6017.9625
2025-3-1,12:00,22,7303.05
2025-3-1,12:00,23,7933.0875
2025-3-1,12:00,24,8344.725
2025-3-1,18:00,1,0.0
2025-3-1,18:00,2,0.0
2025-3-1,18:00,3,0.0
2025-3-1,18:00,4,0.0
2025-3-1,18:00,5,0.0
2025-3-1,18:00,6,0.0
2025-3-1,18:00,7,0.0
2025-3-1,18:00,8,0.0
2025-3-1,18:00,9,0.0
2025-3-1,18:00,10,0.0
2025-3-1,18:00,11,0.0
2025-3-1,18:00,12,0.0
2025-3-1,18:00,13,1160.0623
2025-3-1,18:00,14,2654.092
2025-3-1,18:00,15,4436.6958
2025-3-1,18:00,16,6167.4981
2025-3-1,18:00,17,6742.1703
2025-3-1,18:00,18,7568.5264
2025-3-1,18:00,19,8180.4026
2025-3-1,18:00,20,6986.6625
2025-3-1,18:00,21,5510.8125
2025-3-1,18:00,22,2993.7623
2025-3-1,18:00,23,945.8349
2025-3-1,18:00,24,0.0
2025-3-2,0:00,1,0.0
2025-3-2,0:00,2,0.0
2025-3-2,0:00,3,0.0
2025-3-2,0:00,4,0.0
2025-3-2,0:00,5,0.0
2025-3-2,0:00,6,0.0
2025-3-2,0:00,7,1100.1572
2025-3-2,0:00,8,3146.2131
2025-3-2,0:00,9,4770.4317
2025-3-2,0:00,10,6130.3336
2025-3-2,0:00,11,6966.3113
2025-3-2,0:00,12,6327.8636
2025-3-2,0:00,13,5269.7272
2025-3-2,0:00,14,4758.6798
2025-3-2,0:00,15,3568.2115
2025-3-2,0:00,16,2317.4875
2025-3-2,0:00,17,779.9053
2025-3-2,0:00,18,0.0
2025-3-2,0:00,19,0.0
2025-3-2,0:00,20,0.0
2025-3-2,0:00,21,0.0
2025-3-2,0:00,22,0.0
2025-3-2,0:00,23,0.0
2025-3-2,0:00,24,0.0
2025-3-2,6:00,1,1050.5768
2025-3-2,6:00,2,2886.5998
2025-3-2,6:00,3,4504.6613
2025-3-2,6:00,4,5518.3649
2025-3-2,6:00,5,6362.1998
2025-3-2,6:00,6,6105.6707
2025-3-2,6:00,7,5398.3771
2025-3-2,6:00,8,4940.0709
2025-3-2,6:00,9,4331.8423
2025-3-2,6:00,10,2581.5846
2025-3-2,6:00,11,930.0853
2025-3-2,6:00,12,0.0
2025-3-2,6:00,13,0.0
2025-3-2,6:00,14,0.0
2025-3-2,6:00,15,0.0
2025-3-2,6:00,16,0.0
2025-3-2,6:00,17,0.0
2025-3-2,6:00,18,0.0
2025-3-2,6:00,19,0.0
2025-3-2,6:00,20,0.0
2025-3-2,6:00,21,0.0
2025-3-2,6:00,22,0.0
2025-3-2,6:00,23,0.0
2025-3-2,6:00,24,0.0
2025-3-2,12:00,1,5841.4712
2025-3-2,12:00,2,4932.9139
2025-3-2,12:00,3,4054.1964
2025-3-2,12:00,4,2584.2501
2025-3-2,12:00,5,871.7607
2025-3-2,12:00,6,0.0
2025-3-2,12:00,7,0.0
2025-3-2,12:00,8,0.0
2025-3-2,12:00,9,0.0
2025-3-2,12:00,10,0.0
2025-3-2,12:00,11,0.0
2025-3-2,12:00,12,0.0
2025-3-2,12:00,13,0.0
2025-3-2,12:00,14,0.0
2025-3-2,12:00,15,0.0
2025-3-2,12:00,16,0.0
2025-3-2,12:00,17,0.0
2025-3-2,12:00,18,0.0
2025-3-2,12:00,19,850.4427
2025-3-2,12:00,20,2668.8621
2025-3-2,12:00,21,3718.727
2025-3-2,12:00,22,4401.7249
2025-3-2,12:00,23,4744.1467
2025-3-2,12:00,24,4378.1244
2025-3-2,18:00,1,0.0
2025-3-2,18:00,2,0.0
2025-3-2,18:00,3,0.0
2025-3-2,18:00,4,0.0
2025-3-2,18:00,5,0.0
2025-3-2,18:00,6,0.0
2025-3-2,18:00,7,0.0
2025-3-2,18:00,8,0.0
2025-3-2,18:00,9,0.0
2025-3-2,18:00,10,0.0
2025-3-2,18:00,11,0.0
2025-3-2,18:00,12,0.0
2025-3-2,18:00,13,1006.0231
2025-3-2,18:00,14,2478.5959
2025-3-2,18:00,15,3820.6459
2025-3-2,18:00,16,5030.0237
2025-3-2,18:00,17,5906.727
2025-3-2,18:00,18,6038.8543
2025-3-2,18:00,19,7796.766
2025-3-2,18:00,20,6986.6625
2025-3-2,18:00,21,5143.2711
2025-3-2,18:00,22,3118.6172
2025-3-2,18:00,23,1268.2365
2025-3-2,18:00,24,0.0
2025-3-3,0:00,1,0.0
2025-3-3,0:00,2,0.0
2025-3-3,0:00,3,0.0
2025-3-3,0:00,4,0.0
2025-3-3,0:00,5,0.0
2025-3-3,0:00,6,0.0
2025-3-3,0:00,7,1036.3322
2025-3-3,0:00,8,2658.6133
2025-3-3,0:00,9,3944.4886
2025-3-3,0:00,10,4991.6654
2025-3-3,0:00,11,5544.1505
2025-3-3,0:00,12,5613.0456
2025-3-3,0:00,13,5511.9989
2025-3-3,0:00,14,5189.8661
2025-3-3,0:00,15,3788.4353
2025-3-3,0:00,16,3115.2906
2025-3-3,0:00,17,1265.9666
2025-3-3,0:00,18,0.0
2025-3-3,0:00,19,0.0
2025-3-3,0:00,20,0.0
2025-3-3,0:00,21,0.0
2025-3-3,0:00,22,0.0
2025-3-3,0:00,23,0.0
2025-3-3,0:00,24,0.0
2025-3-3,6:00,1,1003.0064
2025-3-3,6:00,2,2743.0439
2025-3-3,6:00,3,4262.8475
2025-3-3,6:00,4,5354.6611
2025-3-3,6:00,5,6741.9389
2025-3-3,6:00,6,7104.3003
2025-3-3,6:00,7,7463.328
2025-3-3,6:00,8,6112.1458
2025-3-3,6:00,9,3896.0057
2025-3-3,6:00,10,2495.574
2025-3-3,6:00,11,865.1564
2025-3-3,6:00,12,0.0
2025-3-3,6:00,13,0.0
2025-3-3,6:00,14,0.0
2025-3-3,6:00,15,0.0
2025-3-3,6:00,16,0.0
2025-3-3,6:00,17,0.0
2025-3-3,6:00,18,0.0
2025-3-3,6:00,19,0.0
2025-3-3,6:00,20,0.0
2025-3-3,6:00,21,0.0
2025-3-3,6:00,22,0.0
2025-3-3,6:00,23,0.0
2025-3-3,6:00,24,0.0
2025-3-3,12:00,1,6701.7089
2025-3-3,12:00,2,5920.5595
2025-3-3,12:00,3,3957.1218
2025-3-3,12:00,4,2572.6841
2025-3-3,12:00,5,958.2769
2025-3-3,12:00,6,0.0
2025-3-3,12:00,7,0.0
2025-3-3,12:00,8,0.0
2025-3-3,12:00,9,0.0
2025-3-3,12:00,10,0.0
2025-3-3,12:00,11,0.0
2025-3-3,12:00,12,0.0
2025-3-3,12:00,13,0.0
2025-3-3,12:00,14,0.0
2025-3-3,12:00,15,0.0
2025-3-3,12:00,16,0.0
2025-3-3,12:00,17,0.0
2025-3-3,12:00,18,0.0
2025-3-3,12:00,19,1390.1988
2025-3-3,12:00,20,2906.6659
2025-3-3,12:00,21,4399.1526
2025-3-3,12:00,22,5335.8572
2025-3-3,12:00,23,5113.6778
2025-3-3,12:00,24,4722.8124
2025-3-3,18:00,1,0.0
2025-3-3,18:00,2,0.0
2025-3-3,18:00,3,0.0
2025-3-3,18:00,4,0.0
2025-3-3,18:00,5,0.0
2025-3-3,18:00,6,0.0
2025-3-3,18:00,7,0.0
2025-3-3,18:00,8,0.0
2025-3-3,18:00,9,0.0
2025-3-3,18:00,10,0.0
2025-3-3,18:00,11,0.0
2025-3-3,18:00,12,0.0
2025-3-3,18:00,13,1057.1564
2025-3-3,18:00,14,2670.3702
2025-3-3,18:00,15,4245.6135
2025-3-3,18:00,16,5358.7511
2025-3-3,18:00,17,6455.3658
2025-3-3,18:00,18,7866.1241
2025-3-3,18:00,19,8009.4719
2025-3-3,18:00,20,6986.6625
2025-3-3,18:00,21,5510.8125
2025-3-3,18:00,22,3796.9125
2025-3-3,18:00,23,1499.5279
2025-3-3,18:00,24,0.0
2025-3-4,0:00,1,0.0
2025-3-4,0:00,2,0.0
2025-3-4,0:00,3,0.0
2025-3-4,0:00,4,0.0
2025-3-4,0:00,5,0.0
2025-3-4,0:00,6,0.0
2025-3-4,0:00,7,1118.306
2025-3-4,0:00,8,2503.4657
2025-3-4,0:00,9,4555.729
2025-3-4,0:00,10,6082.8561
2025-3-4,0:00,11,6926.7066
2025-3-4,0:00,12,7597.47
2025-3-4,0:00,13,7435.9066
2025-3-4,0:00,14,6695.5774
2025-3-4,0:00,15,5297.3988
2025-3-4,0:00,16,2486.4418
2025-3-4,0:00,17,917.1654
2025-3-4,0:00,18,0.0
2025-3-4,0:00,19,0.0
2025-3-4,0:00,20,0.0
2025-3-4,0:00,21,0.0
2025-3-4,0:00,22,0.0
2025-3-4,0:00,23,0.0
2025-3-4,0:00,24,0.0
2025-3-4,6:00,1,1115.0562
2025-3-4,6:00,2,2605.6062
2025-3-4,6:00,3,4300.6175
2025-3-4,6:00,4,5742.4562
2025-3-4,6:00,5,6628.6308
2025-3-4,6:00,6,7140.1548
2025-3-4,6:00,7,7280.8853
2025-3-4,6:00,8,6162.5496
2025-3-4,6:00,9,5416.6956
2025-3-4,6:00,10,2829.7433
2025-3-4,6:00,11,1077.9604
2025-3-4,6:00,12,0.0
2025-3-4,6:00,13,0.0
2025-3-4,6:00,14,0.0
2025-3-4,6:00,15,0.0
2025-3-4,6:00,16,0.0
2025-3-4,6:00,17,0.0
2025-3-4,6:00,18,0.0
2025-3-4,6:00,19,0.0
2025-3-4,6:00,20,0.0
2025-3-4,6:00,21,0.0
2025-3-4,6:00,22,0.0
2025-3-4,6:00,23,0.0
2025-3-4,6:00,24,0.0
2025-3-4,12:00,1,7060.2758
2025-3-4,12:00,2,6197.0259
2025-3-4,12:00,3,5143.0646
2025-3-4,12:00,4,2776.4097
2025-3-4,12:00,5,1072.8911
2025-3-4,12:00,6,0.0
2025-3-4,12:00,7,0.0
2025-3-4,12:00,8,0.0
2025-3-4,12:00,9,0.0
2025-3-4,12:00,10,0.0
2025-3-4,12:00,11,0.0
2025-3-4,12:00,12,0.0
2025-3-4,12:00,13,0.0
2025-3-4,12:00,14,0.0
2025-3-4,12:00,15,0.0
2025-3-4,12:00,16,0.0
2025-3-4,12:00,17,0.0
2025-3-4,12:00,18,0.0
2025-3-4,12:00,19,1118.0544
2025-3-4,12:00,20,2966.4481
2025-3-4,12:00,21,5290.999
2025-3-4,12:00,22,7103.8053
2025-3-4,12:00,23,7933.0875
2025-3-4,12:00,24,8344.725
2025-3-4,18:00,1,0.0
2025-3-4,18:00,2,0.0
2025-3-4,18:00,3,0.0
2025-3-4,18:00,4,0.0
2025-3-4,18:00,5,0.0
2025-3-4,18:00,6,0.0
2025-3-4,18:00,7,0.0
2025-3-4,18:00,8,0.0
2025-3-4,18:00,9,0.0
2025-3-4,18:00,10,0.0
2025-3-4,18:00,11,0.0
2025-3-4,18:00,12,0.0
2025-3-4,18:00,13,931.3904
2025-3-4,18:00,14,2757.9625
2025-3-4,18:00,15,4281.2319
2025-3-4,18:00,16,6303.1198
2025-3-4,18:00,17,6498.6747
2025-3-4,18:00,18,7485.0172
2025-3-4,18:00,19,6584.2389
2025-3-4,18:00,20,5466.269
2025-3-4,18:00,21,4917.2876
2025-3-4,18:00,22,3167.6578
2025-3-4,18:00,23,1087.3672
2025-3-4,18:00,24,0.0
2025-3-5,0:00,1,0.0
2025-3-5,0:00,2,0.0
2025-3-5,0:00,3,0.0
2025-3-5,0:00,4,0.0
2025-3-5,0:00,5,0.0
2025-3-5,0:00,6,0.0
2025-3-5,0:00,7,1133.0256
2025-3-5,0:00,8,2983.3059
2025-3-5,0:00,9,4705.6137
2025-3-5,0:00,10,5865.9981
2025-3-5,0:00,11,6931.4108
2025-3-5,0:00,12,6743.3984
2025-3-5,0:00,13,5742.4427
2025-3-5,0:00,14,5102.3846
2025-3-5,0:00,15,4760.951
2025-3-5,0:00,16,2881.722
2025-3-5,0:00,17,1232.9564
2025-3-5,0:00,18,0.0
2025-3-5,0:00,19,0.0
2025-3-5,0:00,20,0.0
2025-3-5,0:00,21,0.0
2025-3-5,0:00,22,0.0
2025-3-5,0:00,23,0.0
2025-3-5,0:00,24,0.0
2025-3-5,6:00,1,1113.5745
2025-3-5,6:00,2,2964.2939
2025-3-5,6:00,3,4723.1611
2025-3-5,6:00,4,6366.6295
2025-3-5,6:00,5,7372.9678
2025-3-5,6:00,6,7533.0102
2025-3-5,6:00,7,6353.6625
2025-3-5,6:00,8,6007.8149
2025-3-5,6:00,9,4970.6815
2025-3-5,6:00,10,2864.5394
2025-3-5,6:00,11,1051.77
2025-3-5,6:00,12,0.0
2025-3-5,6:00,13,0.0
2025-3-5,6:00,14,0.0
2025-3-5,6:00,15,0.0
2025-3-5,6:00,16,0.0
2025-3-5,6:00,17,0.0
2025-3-5,6:00,18,0.0
2025-3-5,6:00,19,0.0
2025-3-5,6:00,20,0.0
2025-3-5,6:00,21,0.0
2025-3-5,6:00,22,0.0
2025-3-5,6:00,23,0.0
2025-3-5,6:00,24,0.0
2025-3-5,12:00,1,6945.7865
2025-3-5,12:00,2,5913.3572
2025-3-5,12:00,3,5141.4331
2025-3-5,12:00,4,3497.106
2025-3-5,12:00,5,1226.7121
2025-3-5,12:00,6,0.0
2025-3-5,12:00,7,0.0
2025-3-5,12:00,8,0.0
2025-3-5,12:00,9,0.0
2025-3-5,12:00,10,0.0
2025-3-5,12:00,11,0.0
2025-3-5,12:00,12,0.0
2025-3-5,12:00,13,0.0
2025-3-5,12:00,14,0.0
2025-3-5,12:00,15,0.0
2025-3-5,12:00,16,0.0
2025-3-5,12:00,17,0.0
2025-3-5,12:00,18,0.0
2025-3-5,12:00,19,1094.8342
2025-3-5,12:00,20,2902.3674
2025-3-5,12:00,21,4787.3821
2025-3-5,12:00,22,5780.7381
2025-3-5,12:00,23,5994.0729
2025-3-5,12:00,24,7043.556
2025-3-5,18:00,1,0.0
2025-3-5,18:00,2,0.0
2025-3-5,18:00,3,0.0
2025-3-5,18:00,4,0.0
2025-3-5,18:00,5,0.0
2025-3-5,18:00,6,0.0
2025-3-5,18:00,7,0.0
2025-3-5,18:00,8,0.0
2025-3-5,18:00,9,0.0
2025-3-5,18:00,10,0.0
2025-3-5,18:00,11,0.0
2025-3-5,18:00,12,0.0
2025-3-5,18:00,13,1224.8321
2025-3-5,18:00,14,3268.8138
2025-3-5,18:00,15,4975.7252
2025-3-5,18:00,16,6276.432
2025-3-5,18:00,17,7398.5408
2025-3-5,18:00,18,8393.5916
2025-3-5,18:00,19,7543.5971
2025-3-5,18:00,20,5869.5627
2025-3-5,18:00,21,4167.3517
2025-3-5,18:00,22,2362.7643
2025-3-5,18:00,23,771.705
2025-3-5,18:00,24,0.0
2025-3-6,0:00,1,0.0
2025-3-6,0:00,2,0.0
2025-3-6,0:00,3,0.0
2025-3-6,0:00,4,0.0
2025-3-6,0:00,5,0.0
2025-3-6,0:00,6,0.0
2025-3-6,0:00,7,1210.2066
2025-3-6,0:00,8,3173.3181
2025-3-6,0:00,9,5194.8272
2025-3-6,0:00,10,6769.4943
2025-3-6,0:00,11,7652.5301
2025-3-6,0:00,12,7280.4962
2025-3-6,0:00,13,7458.1542
2025-3-6,0:00,14,5860.0041
2025-3-6,0:00,15,4129.5539
2025-3-6,0:00,16,2786.6007
2025-3-6,0:00,17,1159.3404
2025-3-6,0:00,18,0.0
2025-3-6,0:00,19,0.0
2025-3-6,0:00,20,0.0
2025-3-6,0:00,21,0.0
2025-3-6,0:00,22,0.0
2025-3-6,0:00,23,0.0
2025-3-6,0:00,24,0.0
2025-3-6,6:00,1,1243.1077
2025-3-6,6:00,2,3343.0259
2025-3-6,6:00,3,4941.9059
2025-3-6,6:00,4,6283.8463
2025-3-6,6:00,5,7388.3091
2025-3-6,6:00,6,7803.0836
2025-3-6,6:00,7,7264.4088
2025-3-6,6:00,8,6173.3721
2025-3-6,6:00,9,4805.8365
2025-3-6,6:00,10,2896.5758
2025-3-6,6:00,11,1245.9179
2025-3-6,6:00,12,0.0
2025-3-6,6:00,13,0.0
2025-3-6,6:00,14,0.0
2025-3-6,6:00,15,0.0
2025-3-6,6:00,16,0.0
2025-3-6,6:00,17,0.0
2025-3-6,6:00,18,0.0
2025-3-6,6:00,19,0.0
2025-3-6,6:00,20,0.0
2025-3-6,6:00,21,0.0
2025-3-6,6:00,22,0.0
2025-3-6,6:00,23,0.0
2025-3-6,6:00,24,0.0
2025-3-6,12:00,1,7150.768
2025-3-6,12:00,2,5873.8047
2025-3-6,12:00,3,4488.4808
2025-3-6,12:00,4,2884.6477
2025-3-6,12:00,5,1190.0239
2025-3-6,12:00,6,0.0
2025-3-6,12:00,7,0.0
2025-3-6,12:00,8,0.0
2025-3-6,12:00,9,0.0
2025-3-6,12:00,10,0.0
2025-3-6,12:00,11,0.0
2025-3-6,12:00,12,0.0
2025-3-6,12:00,13,0.0
2025-3-6,12:00,14,0.0
2025-3-6,12:00,15,0.0
2025-3-6,12:00,16,0.0
2025-3-6,12:00,17,0.0
2025-3-6,12:00,18,0.0
2025-3-6,12:00,19,1505.7972
2025-3-6,12:00,20,3927.9
2025-3-6,12:00,21,5355.8238
2025-3-6,12:00,22,7303.05
2025-3-6,12:00,23,8135.175
2025-3-6,12:00,24,8906.5125
2025-3-6,18:00,1,0.0
2025-3-6,18:00,2,0.0
2025-3-6,18:00,3,0.0
2025-3-6,18:00,4,0.0
2025-3-6,18:00,5,0.0
2025-3-6,18:00,6,0.0
2025-3-6,18:00,7,0.0
2025-3-6,18:00,8,0.0
2025-3-6,18:00,9,0.0
2025-3-6,18:00,10,0.0
2025-3-6,18:00,11,0.0
2025-3-6,18:00,12,0.0
2025-3-6,18:00,13,939.3623
2025-3-6,18:00,14,3084.7415
2025-3-6,18:00,15,4127.2365
2025-3-6,18:00,16,6113.6822
2025-3-6,18:00,17,8135.175
2025-3-6,18:00,18,7950.2931
2025-3-6,18:00,19,6936.1566
2025-3-6,18:00,20,5533.1845
2025-3-6,18:00,21,4431.0482
2025-3-6,18:00,22,2766.6273
2025-3-6,18:00,23,1276.1194
2025-3-6,18:00,24,0.0
2025-3-7,0:00,1,0.0
2025-3-7,0:00,2,0.0
2025-3-7,0:00,3,0.0
2025-3-7,0:00,4,0.0
2025-3-7,0:00,5,0.0
2025-3-7,0:00,6,0.0
2025-3-7,0:00,7,1093.895
2025-3-7,0:00,8,3067.2069
2025-3-7,0:00,9,4680.5884
2025-3-7,0:00,10,6445.9696
2025-3-7,0:00,11,7016.5564
2025-3-7,0:00,12,7304.5249
2025-3-7,0:00,13,5851.0148
2025-3-7,0:00,14,4946.045
2025-3-7,0:00,15,3358.7061
2025-3-7,0:00,16,2435.6285
2025-3-7,0:00,17,887.8001
2025-3-7,0:00,18,0.0
2025-3-7,0:00,19,0.0
2025-3-7,0:00,20,0.0
2025-3-7,0:00,21,0.0
2025-3-7,0:00,22,0.0
2025-3-7,0:00,23,0.0
2025-3-7,0:00,24,0.0
2025-3-7,6:00,1,1098.4606
2025-3-7,6:00,2,3191.8961
2025-3-7,6:00,3,4546.5682
2025-3-7,6:00,4,6085.2733
2025-3-7,6:00,5,7582.0264
2025-3-7,6:00,6,7808.5745
2025-3-7,6:00,7,7086.1343
2025-3-7,6:00,8,5936.7318
2025-3-7,6:00,9,4981.9982
2025-3-7,6:00,10,3031.9808
2025-3-7,6:00,11,1095.4961
2025-3-7,6:00,12,0.0
2025-3-7,6:00,13,0.0
2025-3-7,6:00,14,0.0
2025-3-7,6:00,15,0.0
2025-3-7,6:00,16,0.0
2025-3-7,6:00,17,0.0
2025-3-7,6:00,18,0.0
2025-3-7,6:00,19,0.0
2025-3-7,6:00,20,0.0
2025-3-7,6:00,21,0.0
2025-3-7,6:00,22,0.0
2025-3-7,6:00,23,0.0
2025-3-7,6:00,24,0.0
2025-3-7,12:00,1,6797.9761
2025-3-7,12:00,2,5766.1265
2025-3-7,12:00,3,4774.8716
2025-3-7,12:00,4,3049.6307
2025-3-7,12:00,5,1150.4091
2025-3-7,12:00,6,0.0
2025-3-7,12:00,7,0.0
2025-3-7,12:00,8,0.0
2025-3-7,12:00,9,0.0
2025-3-7,12:00,10,0.0
2025-3-7,12:00,11,0.0
2025-3-7,12:00,12,0.0
2025-3-7,12:00,13,0.0
2025-3-7,12:00,14,0.0
2025-3-7,12:00,15,0.0
2025-3-7,12:00,16,0.0
2025-3-7,12:00,17,0.0
2025-3-7,12:00,18,0.0
2025-3-7,12:00,19,866.8865
2025-3-7,12:00,20,2457.3844
2025-3-7,12:00,21,4602.6804
2025-3-7,12:00,22,3880.5218
2025-3-7,12:00,23,4452.6891
2025-3-7,12:00,24,5908.4652
2025-3-7,18:00,1,0.0
2025-3-7,18:00,2,0.0
2025-3-7,18:00,3,0.0
2025-3-7,18:00,4,0.0
2025-3-7,18:00,5,0.0
2025-3-7,18:00,6,0.0
2025-3-7,18:00,7,0.0
2025-3-7,18:00,8,0.0
2025-3-7,18:00,9,0.0
2025-3-7,18:00,10,0.0
2025-3-7,18:00,11,0.0
2025-3-7,18:00,12,0.0
2025-3-7,18:00,13,1206.8861
2025-3-7,18:00,14,3468.7014
2025-3-7,18:00,15,6010.6647
2025-3-7,18:00,16,7300.273
2025-3-7,18:00,17,8135.175
2025-3-7,18:00,18,8906.5125
2025-3-7,18:00,19,8501.7
2025-3-7,18:00,20,7002.5549
2025-3-7,18:00,21,5653.1625
2025-3-7,18:00,22,3745.5574
2025-3-7,18:00,23,1314.3453
2025-3-7,18:00,24,0.0
2025-3-8,0:00,1,0.0
2025-3-8,0:00,2,0.0
2025-3-8,0:00,3,0.0
2025-3-8,0:00,4,0.0
2025-3-8,0:00,5,0.0
2025-3-8,0:00,6,0.0
2025-3-8,0:00,7,1074.6674
2025-3-8,0:00,8,3293.9922
2025-3-8,0:00,9,5674.1433
2025-3-8,0:00,10,6798.3573
2025-3-8,0:00,11,6997.2746
2025-3-8,0:00,12,7418.159
2025-3-8,0:00,13,6796.8429
2025-3-8,0:00,14,5617.2465
2025-3-8,0:00,15,4891.633
2025-3-8,0:00,16,3172.5094
2025-3-8,0:00,17,1134.4728
2025-3-8,0:00,18,0.0
2025-3-8,0:00,19,0.0
2025-3-8,0:00,20,0.0
2025-3-8,0:00,21,0.0
2025-3-8,0:00,22,0.0
2025-3-8,0:00,23,0.0
2025-3-8,0:00,24,0.0
2025-3-8,6:00,1,1096.8205
2025-3-8,6:00,2,3132.4181
2025-3-8,6:00,3,5260.5744
2025-3-8,6:00,4,6237.7391
2025-3-8,6:00,5,7136.0924
2025-3-8,6:00,6,7489.8689
2025-3-8,6:00,7,7287.4022
2025-3-8,6:00,8,6469.187
2025-3-8,6:00,9,5590.1182
2025-3-8,6:00,10,3289.2525
2025-3-8,6:00,11,1198.1727
2025-3-8,6:00,12,0.0
2025-3-8,6:00,13,0.0
2025-3-8,6:00,14,0.0
2025-3-8,6:00,15,0.0
2025-3-8,6:00,16,0.0
2025-3-8,6:00,17,0.0
2025-3-8,6:00,18,0.0
2025-3-8,6:00,19,0.0
2025-3-8,6:00,20,0.0
2025-3-8,6:00,21,0.0
2025-3-8,6:00,22,0.0
2025-3-8,6:00,23,0.0
2025-3-8,6:00,24,0.0
2025-3-8,12:00,1,7268.2195
2025-3-8,12:00,2,5902.591
2025-3-8,12:00,3,5142.5822
2025-3-8,12:00,4,3121.0499
2025-3-8,12:00,5,1171.6295
2025-3-8,12:00,6,0.0
2025-3-8,12:00,7,0.0
2025-3-8,12:00,8,0.0
2025-3-8,12:00,9,0.0
2025-3-8,12:00,10,0.0
2025-3-8,12:00,11,0.0
2025-3-8,12:00,12,0.0
2025-3-8,12:00,13,0.0
2025-3-8,12:00,14,0.0
2025-3-8,12:00,15,0.0
2025-3-8,12:00,16,0.0
2025-3-8,12:00,17,0.0
2025-3-8,12:00,18,0.0
2025-3-8,12:00,19,1296.3457
2025-3-8,12:00,20,3509.3869
2025-3-8,12:00,21,5664.2252
2025-3-8,12:00,22,5532.7888
2025-3-8,12:00,23,5841.3055
2025-3-8,12:00,24,6114.3049
2025-3-8,18:00,1,0.0
2025-3-8,18:00,2,0.0
2025-3-8,18:00,3,0.0
2025-3-8,18:00,4,0.0
2025-3-8,18:00,5,0.0
2025-3-8,18:00,6,0.0
2025-3-8,18:00,7,0.0
2025-3-8,18:00,8,0.0
2025-3-8,18:00,9,0.0
2025-3-8,18:00,10,0.0
2025-3-8,18:00,11,0.0
2025-3-8,18:00,12,0.0
2025-3-8,18:00,13,1257.7847
2025-3-8,18:00,14,3238.3026
2025-3-8,18:00,15,4944.0814
2025-3-8,18:00,16,7303.05
2025-3-8,18:00,17,8135.175
2025-3-8,18:00,18,8906.5125
2025-3-8,18:00,19,8501.7
2025-3-8,18:00,20,7426.6125
2025-3-8,18:00,21,5653.1625
2025-3-8,18:00,22,4046.0625
2025-3-8,18:00,23,1822.4642
2025-3-8,18:00,24,0.0
2025-3-9,0:00,1,0.0
2025-3-9,0:00,2,0.0
2025-3-9,0:00,3,0.0
2025-3-9,0:00,4,0.0
2025-3-9,0:00,5,0.0
2025-3-9,0:00,6,0.0
2025-3-9,0:00,7,1226.9988
2025-3-9,0:00,8,3384.108
2025-3-9,0:00,9,5212.555
2025-3-9,0:00,10,5891.276
2025-3-9,0:00,11,6074.5755
2025-3-9,0:00,12,6337.2656
2025-3-9,0:00,13,6665.4958
2025-3-9,0:00,14,4765.4019
2025-3-9,0:00,15,4412.7982
2025-3-9,0:00,16,3225.2918
2025-3-9,0:00,17,1430.0147
2025-3-9,0:00,18,0.0
2025-3-9,0:00,19,0.0
2025-3-9,0:00,20,0.0
2025-3-9,0:00,21,0.0
2025-3-9,0:00,22,0.0
2025-3-9,0:00,23,0.0
2025-3-9,0:00,24,0.0
2025-3-9,6:00,1,1225.6467
2025-3-9,6:00,2,3099.2995
2025-3-9,6:00,3,4998.3389
2025-3-9,6:00,4,6223.2423
2025-3-9,6:00,5,7125.793
2025-3-9,6:00,6,8287.6043
2025-3-9,6:00,7,8501.7
2025-3-9,6:00,8,6792.0009
2025-3-9,6:00,9,5478.6843
2025-3-9,6:00,10,3824.6939
2025-3-9,6:00,11,1619.3053
2025-3-9,6:00,12,0.0
2025-3-9,6:00,13,0.0
2025-3-9,6:00,14,0.0
2025-3-9,6:00,15,0.0
2025-3-9,6:00,16,0.0
2025-3-9,6:00,17,0.0
2025-3-9,6:00,18,0.0
2025-3-9,6:00,19,0.0
2025-3-9,6:00,20,0.0
2025-3-9,6:00,21,0.0
2025-3-9,6:00,22,0.0
2025-3-9,6:00,23,0.0
2025-3-9,6:00,24,0.0
2025-3-9,12:00,1,8501.7
2025-3-9,12:00,2,5974.1623
2025-3-9,12:00,3,4771.7598
2025-3-9,12:00,4,3358.0516
2025-3-9,12:00,5,1419.5351
2025-3-9,12:00,6,0.0
2025-3-9,12:00,7,0.0
2025-3-9,12:00,8,0.0
2025-3-9,12:00,9,0.0
2025-3-9,12:00,10,0.0
2025-3-9,12:00,11,0.0
2025-3-9,12:00,12,0.0
2025-3-9,12:00,13,0.0
2025-3-9,12:00,14,0.0
2025-3-9,12:00,15,0.0
2025-3-9,12:00,16,0.0
2025-3-9,12:00,17,0.0
2025-3-9,12:00,18,0.0
2025-3-9,12:00,19,1378.0228
2025-3-9,12:00,20,3036.7049
2025-3-9,12:00,21,4832.2042
2025-3-9,12:00,22,5385.1936
2025-3-9,12:00,23,5355.1506
2025-3-9,12:00,24,6388.7704
2025-3-9,18:00,1,0.0
2025-3-9,18:00,2,0.0
2025-3-9,18:00,3,0.0
2025-3-9,18:00,4,0.0
2025-3-9,18:00,5,0.0
2025-3-9,18:00,6,0.0
2025-3-9,18:00,7,0.0
2025-3-9,18:00,8,0.0
2025-3-9,18:00,9,0.0
2025-3-9,18:00,10,0.0
2025-3-9,18:00,11,0.0
2025-3-9,18:00,12,0.0
2025-3-9,18:00,13,1209.4396
2025-3-9,18:00,14,2677.4748
2025-3-9,18:00,15,4312.124
2025-3-9,18:00,16,5815.9915
2025-3-9,18:00,17,5269.9675
2025-3-9,18:00,18,4981.3448
2025-3-9,18:00,19,3539.9488
2025-3-9,18:00,20,3395.8183
2025-3-9,18:00,21,2314.8066
2025-3-9,18:00,22,1997.64
2025-3-9,18:00,23,939.759
2025-3-9,18:00,24,0.0
2025-3-10,0:00,1,0.0
2025-3-10,0:00,2,0.0
2025-3-10,0:00,3,0.0
2025-3-10,0:00,4,0.0
2025-3-10,0:00,5,0.0
2025-3-10,0:00,6,0.0
2025-3-10,0:00,7,1219.6516
2025-3-10,0:00,8,3156.8177
2025-3-10,0:00,9,5043.2742
2025-3-10,0:00,10,6786.7083
2025-3-10,0:00,11,6720.5811
2025-3-10,0:00,12,6496.5378
2025-3-10,0:00,13,6579.4162
2025-3-10,0:00,14,6191.6486
2025-3-10,0:00,15,4634.2737
2025-3-10,0:00,16,3258.1389
2025-3-10,0:00,17,1357.4303
2025-3-10,0:00,18,0.0
2025-3-10,0:00,19,0.0
2025-3-10,0:00,20,0.0
2025-3-10,0:00,21,0.0
2025-3-10,0:00,22,0.0
2025-3-10,0:00,23,0.0
2025-3-10,0:00,24,0.0
2025-3-10,6:00,1,1273.5381
2025-3-10,6:00,2,3059.0497
2025-3-10,6:00,3,4668.5484
2025-3-10,6:00,4,6188.7823
2025-3-10,6:00,5,6542.9015
2025-3-10,6:00,6,6520.7024
2025-3-10,6:00,7,6629.6739
2025-3-10,6:00,8,6467.7485
2025-3-10,6:00,9,5210.8745
2025-3-10,6:00,10,3525.6528
2025-3-10,6:00,11,1502.9091
2025-3-10,6:00,12,0.0
2025-3-10,6:00,13,0.0
2025-3-10,6:00,14,0.0
2025-3-10,6:00,15,0.0
2025-3-10,6:00,16,0.0
2025-3-10,6:00,17,0.0
2025-3-10,6:00,18,0.0
2025-3-10,6:00,19,0.0
2025-3-10,6:00,20,0.0
2025-3-10,6:00,21,0.0
2025-3-10,6:00,22,0.0
2025-3-10,6:00,23,0.0
2025-3-10,6:00,24,0.0
2025-3-10,12:00,1,6590.3783
2025-3-10,12:00,2,6075.9072
2025-3-10,12:00,3,4733.5867
2025-3-10,12:00,4,3396.477
2025-3-10,12:00,5,1313.3989
2025-3-10,12:00,6,0.0
2025-3-10,12:00,7,0.0
2025-3-10,12:00,8,0.0
2025-3-10,12:00,9,0.0
2025-3-10,12:00,10,0.0
2025-3-10,12:00,11,0.0
2025-3-10,12:00,12,0.0
2025-3-10,12:00,13,0.0
2025-3-10,12:00,14,0.0
2025-3-10,12:00,15,0.0
2025-3-10,12:00,16,0.0
2025-3-10,12:00,17,0.0
2025-3-10,12:00,18,0.0
2025-3-10,12:00,19,1120.3405
2025-3-10,12:00,20,3245.8986
2025-3-10,12:00,21,5162.8668
2025-3-10,12:00,22,7213.2311
2025-3-10,12:00,23,7634.9707
2025-3-10,12:00,24,8906.5125
2025-3-10,18:00,1,0.0
2025-3-10,18:00,2,0.0
2025-3-10,18:00,3,0.0
2025-3-10,18:00,4,0.0
2025-3-10,18:00,5,0.0
2025-3-10,18:00,6,0.0
2025-3-10,18:00,7,0.0
2025-3-10,18:00,8,0.0
2025-3-10,18:00,9,0.0
2025-3-10,18:00,10,0.0
2025-3-10,18:00,11,0.0
2025-3-10,18:00,12,0.0
2025-3-10,18:00,13,1130.9494
2025-3-10,18:00,14,2411.3774
2025-3-10,18:00,15,3513.6797
2025-3-10,18:00,16,5224.79
2025-3-10,18:00,17,5468.9368
2025-3-10,18:00,18,5904.8986
2025-3-10,18:00,19,5262.2861
2025-3-10,18:00,20,4813.0468
2025-3-10,18:00,21,3435.7417
2025-3-10,18:00,22,2332.987
2025-3-10,18:00,23,992.6992
2025-3-10,18:00,24,0.0
2025-3-11,0:00,1,0.0
2025-3-11,0:00,2,0.0
2025-3-11,0:00,3,0.0
2025-3-11,0:00,4,0.0
2025-3-11,0:00,5,0.0
2025-3-11,0:00,6,0.0
2025-3-11,0:00,7,1357.3205
2025-3-11,0:00,8,3488.217
2025-3-11,0:00,9,6017.9625
2025-3-11,0:00,10,7585.1625
2025-3-11,0:00,11,8519.582
2025-3-11,0:00,12,8906.5125
2025-3-11,0:00,13,8452.891
2025-3-11,0:00,14,6911.4032
2025-3-11,0:00,15,4711.3816
2025-3-11,0:00,16,3004.4555
2025-3-11,0:00,17,1182.6668
2025-3-11,0:00,18,0.0
2025-3-11,0:00,19,0.0
2025-3-11,0:00,20,0.0
2025-3-11,0:00,21,0.0
2025-3-11,0:00,22,0.0
2025-3-11,0:00,23,0.0
2025-3-11,0:00,24,0.0
2025-3-11,6:00,1,1312.5188
2025-3-11,6:00,2,3354.409
2025-3-11,6:00,3,5294.9793
2025-3-11,6:00,4,7004.3714
2025-3-11,6:00,5,7294.8865
2025-3-11,6:00,6,7429.597
2025-3-11,6:00,7,6863.5866
2025-3-11,6:00,8,6131.3763
2025-3-11,6:00,9,3914.5773
2025-3-11,6:00,10,2583.6696
2025-3-11,6:00,11,1108.5803
2025-3-11,6:00,12,0.0
2025-3-11,6:00,13,0.0
2025-3-11,6:00,14,0.0
2025-3-11,6:00,15,0.0
2025-3-11,6:00,16,0.0
2025-3-11,6:00,17,0.0
2025-3-11,6:00,18,0.0
2025-3-11,6:00,19,0.0
2025-3-11,6:00,20,0.0
2025-3-11,6:00,21,0.0
2025-3-11,6:00,22,0.0
2025-3-11,6:00,23,0.0
2025-3-11,6:00,24,0.0
2025-3-11,12:00,1,6836.2853
2025-3-11,12:00,2,6612.4697
2025-3-11,12:00,3,4705.9785
2025-3-11,12:00,4,3033.375
2025-3-11,12:00,5,1269.4316
2025-3-11,12:00,6,0.0
2025-3-11,12:00,7,0.0
2025-3-11,12:00,8,0.0
2025-3-11,12:00,9,0.0
2025-3-11,12:00,10,0.0
2025-3-11,12:00,11,0.0
2025-3-11,12:00,12,0.0
2025-3-11,12:00,13,0.0
2025-3-11,12:00,14,0.0
2025-3-11,12:00,15,0.0
2025-3-11,12:00,16,0.0
2025-3-11,12:00,17,0.0
2025-3-11,12:00,18,0.0
2025-3-11,12:00,19,1696.268
2025-3-11,12:00,20,3888.5965
2025-3-11,12:00,21,6017.9625
2025-3-11,12:00,22,7073.3666
2025-3-11,12:00,23,7056.1821
2025-3-11,12:00,24,5945.7114
2025-3-11,18:00,1,0.0
2025-3-11,18:00,2,0.0
2025-3-11,18:00,3,0.0
2025-3-11,18:00,4,0.0
2025-3-11,18:00,5,0.0
2025-3-11,18:00,6,0.0
2025-3-11,18:00,7,0.0
2025-3-11,18:00,8,0.0
2025-3-11,18:00,9,0.0
2025-3-11,18:00,10,0.0
2025-3-11,18:00,11,0.0
2025-3-11,18:00,12,0.0
2025-3-11,18:00,13,1397.0152
2025-3-11,18:00,14,3716.4584
2025-3-11,18:00,15,5744.7727
2025-3-11,18:00,16,7435.7657
2025-3-11,18:00,17,7458.324
2025-3-11,18:00,18,7968.686
2025-3-11,18:00,19,7652.1118
2025-3-11,18:00,20,6340.6681
2025-3-11,18:00,21,5067.812
2025-3-11,18:00,22,3021.8145
2025-3-11,18:00,23,1137.6829
2025-3-11,18:00,24,0.0
2025-3-12,0:00,1,0.0
2025-3-12,0:00,2,0.0
2025-3-12,0:00,3,0.0
2025-3-12,0:00,4,0.0
2025-3-12,0:00,5,0.0
2025-3-12,0:00,6,0.0
2025-3-12,0:00,7,1372.3971
2025-3-12,0:00,8,3354.21
2025-3-12,0:00,9,5272.292
2025-3-12,0:00,10,6662.3022
2025-3-12,0:00,11,6583.4266
2025-3-12,0:00,12,7160.8352
2025-3-12,0:00,13,7147.505
2025-3-12,0:00,14,5376.5595
2025-3-12,0:00,15,4297.1904
2025-3-12,0:00,16,2536.0404
2025-3-12,0:00,17,969.3447
2025-3-12,0:00,18,0.0
2025-3-12,0:00,19,0.0
2025-3-12,0:00,20,0.0
2025-3-12,0:00,21,0.0
2025-3-12,0:00,22,0.0
2025-3-12,0:00,23,0.0
2025-3-12,0:00,24,0.0
2025-3-12,6:00,1,1416.0319
2025-3-12,6:00,2,3428.6233
2025-3-12,6:00,3,5200.2094
2025-3-12,6:00,4,7149.7274
2025-3-12,6:00,5,7497.0165
2025-3-12,6:00,6,8150.6997
2025-3-12,6:00,7,8275.3106
2025-3-12,6:00,8,7177.9397
2025-3-12,6:00,9,5425.2166
2025-3-12,6:00,10,3580.3473
2025-3-12,6:00,11,1500.3223
2025-3-12,6:00,12,0.0
2025-3-12,6:00,13,0.0
2025-3-12,6:00,14,0.0
2025-3-12,6:00,15,0.0
2025-3-12,6:00,16,0.0
2025-3-12,6:00,17,0.0
2025-3-12,6:00,18,0.0
2025-3-12,6:00,19,0.0
2025-3-12,6:00,20,0.0
2025-3-12,6:00,21,0.0
2025-3-12,6:00,22,0.0
2025-3-12,6:00,23,0.0
2025-3-12,6:00,24,0.0
2025-3-12,12:00,1,7845.3118
2025-3-12,12:00,2,6454.1158
2025-3-12,12:00,3,4920.9279
2025-3-12,12:00,4,3023.8774
2025-3-12,12:00,5,1181.454
2025-3-12,12:00,6,0.0
2025-3-12,12:00,7,0.0
2025-3-12,12:00,8,0.0
2025-3-12,12:00,9,0.0
2025-3-12,12:00,10,0.0
2025-3-12,12:00,11,0.0
2025-3-12,12:00,12,0.0
2025-3-12,12:00,13,0.0
2025-3-12,12:00,14,0.0
2025-3-12,12:00,15,0.0
2025-3-12,12:00,16,0.0
2025-3-12,12:00,17,0.0
2025-3-12,12:00,18,0.0
2025-3-12,12:00,19,1671.7844
2025-3-12,12:00,20,3927.9
2025-3-12,12:00,21,6017.9625
2025-3-12,12:00,22,6502.7348
2025-3-12,12:00,23,7252.5932
2025-3-12,12:00,24,7031.0396
2025-3-12,18:00,1,0.0
2025-3-12,18:00,2,0.0
2025-3-12,18:00,3,0.0
2025-3-12,18:00,4,0.0
2025-3-12,18:00,5,0.0
2025-3-12,18:00,6,0.0
2025-3-12,18:00,7,0.0
2025-3-12,18:00,8,0.0
2025-3-12,18:00,9,0.0
2025-3-12,18:00,10,0.0
2025-3-12,18:00,11,0.0
2025-3-12,18:00,12,0.0
2025-3-12,18:00,13,1187.5617
2025-3-12,18:00,14,2849.7076
2025-3-12,18:00,15,3866.9089
2025-3-12,18:00,16,3939.7549
2025-3-12,18:00,17,5049.6205
2025-3-12,18:00,18,6123.77
2025-3-12,18:00,19,5349.0964
2025-3-12,18:00,20,5391.0738
2025-3-12,18:00,21,5117.8388
2025-3-12,18:00,22,3157.3595
2025-3-12,18:00,23,1130.7621
2025-3-12,18:00,24,0.0
2025-3-13,0:00,1,0.0
2025-3-13,0:00,2,0.0
2025-3-13,0:00,3,0.0
2025-3-13,0:00,4,0.0
2025-3-13,0:00,5,0.0
2025-3-13,0:00,6,0.0
2025-3-13,0:00,7,1611.7008
2025-3-13,0:00,8,3260.4461
2025-3-13,0:00,9,4587.3783
2025-3-13,0:00,10,5113.1134
2025-3-13,0:00,11,5717.0145
2025-3-13,0:00,12,6268.8881
2025-3-13,0:00,13,7037.8854
2025-3-13,0:00,14,7209.7166
2025-3-13,0:00,15,5006.1266
2025-3-13,0:00,16,3428.463
2025-3-13,0:00,17,1206.1968
2025-3-13,0:00,18,0.0
2025-3-13,0:00,19,0.0
2025-3-13,0:00,20,0.0
2025-3-13,0:00,21,0.0
2025-3-13,0:00,22,0.0
2025-3-13,0:00,23,0.0
2025-3-13,0:00,24,0.0
2025-3-13,6:00,1,1589.5043
2025-3-13,6:00,2,3422.159
2025-3-13,6:00,3,5217.4983
2025-3-13,6:00,4,5565.564
2025-3-13,6:00,5,5995.4444
2025-3-13,6:00,6,6434.8213
2025-3-13,6:00,7,6587.0053
2025-3-13,6:00,8,6111.956
2025-3-13,6:00,9,5213.8504
2025-3-13,6:00,10,3174.8507
2025-3-13,6:00,11,1081.7226
2025-3-13,6:00,12,0.0
2025-3-13,6:00,13,0.0
2025-3-13,6:00,14,0.0
2025-3-13,6:00,15,0.0
2025-3-13,6:00,16,0.0
2025-3-13,6:00,17,0.0
2025-3-13,6:00,18,0.0
2025-3-13,6:00,19,0.0
2025-3-13,6:00,20,0.0
2025-3-13,6:00,21,0.0
2025-3-13,6:00,22,0.0
2025-3-13,6:00,23,0.0
2025-3-13,6:00,24,0.0
2025-3-13,12:00,1,6346.8931
2025-3-13,12:00,2,6045.7291
2025-3-13,12:00,3,5007.1199
2025-3-13,12:00,4,3206.432
2025-3-13,12:00,5,1263.6118
2025-3-13,12:00,6,0.0
2025-3-13,12:00,7,0.0
2025-3-13,12:00,8,0.0
2025-3-13,12:00,9,0.0
2025-3-13,12:00,10,0.0
2025-3-13,12:00,11,0.0
2025-3-13,12:00,12,0.0
2025-3-13,12:00,13,0.0
2025-3-13,12:00,14,0.0
2025-3-13,12:00,15,0.0
2025-3-13,12:00,16,0.0
2025-3-13,12:00,17,0.0
2025-3-13,12:00,18,0.0
2025-3-13,12:00,19,1098.851
2025-3-13,12:00,20,2469.2386
2025-3-13,12:00,21,4286.5021
2025-3-13,12:00,22,5513.9787
2025-3-13,12:00,23,5501.3948
2025-3-13,12:00,24,5272.2181
2025-3-13,18:00,1,0.0
2025-3-13,18:00,2,0.0
2025-3-13,18:00,3,0.0
2025-3-13,18:00,4,0.0
2025-3-13,18:00,5,0.0
2025-3-13,18:00,6,0.0
2025-3-13,18:00,7,0.0
2025-3-13,18:00,8,0.0
2025-3-13,18:00,9,0.0
2025-3-13,18:00,10,0.0
2025-3-13,18:00,11,0.0
2025-3-13,18:00,12,0.0
2025-3-13,18:00,13,1316.9822
2025-3-13,18:00,14,3271.9832
2025-3-13,18:00,15,5776.3062
2025-3-13,18:00,16,7293.5736
2025-3-13,18:00,17,7479.8737
2025-3-13,18:00,18,8769.821
2025-3-13,18:00,19,7169.7917
2025-3-13,18:00,20,5918.6273
2025-3-13,18:00,21,3897.7743
2025-3-13,18:00,22,2667.9451
2025-3-13,18:00,23,1220.8664
2025-3-13,18:00,24,0.0
2025-3-14,0:00,1,0.0
2025-3-14,0:00,2,0.0
2025-3-14,0:00,3,0.0
2025-3-14,0:00,4,0.0
2025-3-14,0:00,5,0.0
2025-3-14,0:00,6,0.0
2025-3-14,0:00,7,1318.3862
2025-3-14,0:00,8,3138.0123
2025-3-14,0:00,9,5417.8006
2025-3-14,0:00,10,7029.5
2025-3-14,0:00,11,8078.2723
2025-3-14,0:00,12,8530.3388
2025-3-14,0:00,13,8522.6625
2025-3-14,0:00,14,6562.8782
2025-3-14,0:00,15,4672.7779
2025-3-14,0:00,16,3180.0849
2025-3-14,0:00,17,1568.6169
2025-3-14,0:00,18,0.0
2025-3-14,0:00,19,0.0
2025-3-14,0:00,20,0.0
2025-3-14,0:00,21,0.0
2025-3-14,0:00,22,0.0
2025-3-14,0:00,23,0.0
2025-3-14,0:00,24,0.0
2025-3-14,6:00,1,1392.1368
2025-3-14,6:00,2,3439.8717
2025-3-14,6:00,3,5785.322
2025-3-14,6:00,4,7585.1625
2025-3-14,6:00,5,8360.4747
2025-3-14,6:00,6,8825.7749
2025-3-14,6:00,7,7951.1833
2025-3-14,6:00,8,6346.4062
2025-3-14,6:00,9,4254.4754
2025-3-14,6:00,10,2808.0262
2025-3-14,6:00,11,1403.4927
2025-3-14,6:00,12,0.0
2025-3-14,6:00,13,0.0
2025-3-14,6:00,14,0.0
2025-3-14,6:00,15,0.0
2025-3-14,6:00,16,0.0
2025-3-14,6:00,17,0.0
2025-3-14,6:00,18,0.0
2025-3-14,6:00,19,0.0
2025-3-14,6:00,20,0.0
2025-3-14,6:00,21,0.0
2025-3-14,6:00,22,0.0
2025-3-14,6:00,23,0.0
2025-3-14,6:00,24,0.0
2025-3-14,12:00,1,7553.8871
2025-3-14,12:00,2,6323.0109
2025-3-14,12:00,3,4351.5193
2025-3-14,12:00,4,3040.2879
2025-3-14,12:00,5,1350.9135
2025-3-14,12:00,6,0.0
2025-3-14,12:00,7,0.0
2025-3-14,12:00,8,0.0
2025-3-14,12:00,9,0.0
2025-3-14,12:00,10,0.0
2025-3-14,12:00,11,0.0
2025-3-14,12:00,12,0.0
2025-3-14,12:00,13,0.0
2025-3-14,12:00,14,0.0
2025-3-14,12:00,15,0.0
2025-3-14,12:00,16,0.0
2025-3-14,12:00,17,0.0
2025-3-14,12:00,18,0.0
2025-3-14,12:00,19,1260.0811
2025-3-14,12:00,20,3739.219
2025-3-14,12:00,21,6017.9625
2025-3-14,12:00,22,6572.6892
2025-3-14,12:00,23,8768.6625
2025-3-14,12:00,24,8906.5125
2025-3-14,18:00,1,0.0
2025-3-14,18:00,2,0.0
2025-3-14,18:00,3,0.0
2025-3-14,18:00,4,0.0
2025-3-14,18:00,5,0.0
2025-3-14,18:00,6,0.0
2025-3-14,18:00,7,0.0
2025-3-14,18:00,8,0.0
2025-3-14,18:00,9,0.0
2025-3-14,18:00,10,0.0
2025-3-14,18:00,11,0.0
2025-3-14,18:00,12,0.0
2025-3-14,18:00,13,1317.8164
2025-3-14,18:00,14,2757.8105
2025-3-14,18:00,15,4300.2466
2025-3-14,18:00,16,4315.5466
2025-3-14,18:00,17,5456.2817
2025-3-14,18:00,18,6416.8892
2025-3-14,18:00,19,7754.4577
2025-3-14,18:00,20,7382.5226
2025-3-14,18:00,21,6083.7908
2025-3-14,18:00,22,4046.0625
2025-3-14,18:00,23,1671.5826
2025-3-14,18:00,24,0.0
2025-3-15,0:00,1,0.0
2025-3-15,0:00,2,0.0
2025-3-15,0:00,3,0.0
2025-3-15,0:00,4,0.0
2025-3-15,0:00,5,0.0
2025-3-15,0:00,6,0.0
2025-3-15,0:00,7,1245.8154
2025-3-15,0:00,8,3194.9284
2025-3-15,0:00,9,5180.7537
2025-3-15,0:00,10,5191.2684
2025-3-15,0:00,11,6293.3148
2025-3-15,0:00,12,6575.1149
2025-3-15,0:00,13,6326.3075
2025-3-15,0:00,14,6157.8347
2025-3-15,0:00,15,5366.2022
2025-3-15,0:00,16,3829.3784
2025-3-15,0:00,17,1584.7865
2025-3-15,0:00,18,0.0
2025-3-15,0:00,19,0.0
2025-3-15,0:00,20,0.0
2025-3-15,0:00,21,0.0
2025-3-15,0:00,22,0.0
2025-3-15,0:00,23,0.0
2025-3-15,0:00,24,0.0
2025-3-15,6:00,1,1323.7759
2025-3-15,6:00,2,3224.1194
2025-3-15,6:00,3,5032.3986
2025-3-15,6:00,4,5269.2072
2025-3-15,6:00,5,6143.8996
2025-3-15,6:00,6,5985.4576
2025-3-15,6:00,7,6018.5139
2025-3-15,6:00,8,5300.0503
2025-3-15,6:00,9,4442.7361
2025-3-15,6:00,10,3061.3853
2025-3-15,6:00,11,1392.4361
2025-3-15,6:00,12,0.0
2025-3-15,6:00,13,0.0
2025-3-15,6:00,14,0.0
2025-3-15,6:00,15,0.0
2025-3-15,6:00,16,0.0
2025-3-15,6:00,17,0.0
2025-3-15,6:00,18,0.0
2025-3-15,6:00,19,0.0
2025-3-15,6:00,20,0.0
2025-3-15,6:00,21,0.0
2025-3-15,6:00,22,0.0
2025-3-15,6:00,23,0.0
2025-3-15,6:00,24,0.0
2025-3-15,12:00,1,6836.1285
2025-3-15,12:00,2,6153.165
2025-3-15,12:00,3,4977.7069
2025-3-15,12:00,4,3383.0912
2025-3-15,12:00,5,1347.5709
2025-3-15,12:00,6,0.0
2025-3-15,12:00,7,0.0
2025-3-15,12:00,8,0.0
2025-3-15,12:00,9,0.0
2025-3-15,12:00,10,0.0
2025-3-15,12:00,11,0.0
2025-3-15,12:00,12,0.0
2025-3-15,12:00,13,0.0
2025-3-15,12:00,14,0.0
2025-3-15,12:00,15,0.0
2025-3-15,12:00,16,0.0
2025-3-15,12:00,17,0.0
2025-3-15,12:00,18,0.0
2025-3-15,12:00,19,1571.4353
2025-3-15,12:00,20,3279.4242
2025-3-15,12:00,21,6135.375
2025-3-15,12:00,22,7528.2893
2025-3-15,12:00,23,6938.7821
2025-3-15,12:00,24,7037.3086
2025-3-15,18:00,1,0.0
2025-3-15,18:00,2,0.0
2025-3-15,18:00,3,0.0
2025-3-15,18:00,4,0.0
2025-3-15,18:00,5,0.0
2025-3-15,18:00,6,0.0
2025-3-15,18:00,7,0.0
2025-3-15,18:00,8,0.0
2025-3-15,18:00,9,0.0
2025-3-15,18:00,10,0.0
2025-3-15,18:00,11,0.0
2025-3-15,18:00,12,0.0
2025-3-15,18:00,13,1243.7487
2025-3-15,18:00,14,3095.9178
2025-3-15,18:00,15,5194.184
2025-3-15,18:00,16,6545.1009
2025-3-15,18:00,17,7373.5569
2025-3-15,18:00,18,8480.2903
2025-3-15,18:00,19,7840.3092
2025-3-15,18:00,20,7543.9645
2025-3-15,18:00,21,6068.4791
2025-3-15,18:00,22,4013.4694
2025-3-15,18:00,23,1592.5453
2025-3-15,18:00,24,0.0
2025-3-16,0:00,1,0.0
2025-3-16,0:00,2,0.0
2025-3-16,0:00,3,0.0
2025-3-16,0:00,4,0.0
2025-3-16,0:00,5,0.0
2025-3-16,0:00,6,0.0
2025-3-16,0:00,7,1252.6004
2025-3-16,0:00,8,2925.399
2025-3-16,0:00,9,5405.1241
2025-3-16,0:00,10,7293.7716
2025-3-16,0:00,11,8057.3118
2025-3-16,0:00,12,7870.0606
2025-3-16,0:00,13,7276.255
2025-3-16,0:00,14,5124.8329
2025-3-16,0:00,15,4130.1729
2025-3-16,0:00,16,2933.7453
2025-3-16,0:00,17,1393.4104
2025-3-16,0:00,18,0.0
2025-3-16,0:00,19,0.0
2025-3-16,0:00,20,0.0
2025-3-16,0:00,21,0.0
2025-3-16,0:00,22,0.0
2025-3-16,0:00,23,0.0
2025-3-16,0:00,24,0.0
2025-3-16,6:00,1,1300.4543
2025-3-16,6:00,2,2997.2847
2025-3-16,6:00,3,5399.2898
2025-3-16,6:00,4,6882.293
2025-3-16,6:00,5,7464.5896
2025-3-16,6:00,6,7108.5467
2025-3-16,6:00,7,6432.4721
2025-3-16,6:00,8,5439.4203
2025-3-16,6:00,9,4517.2242
2025-3-16,6:00,10,2942.0226
2025-3-16,6:00,11,1253.5877
2025-3-16,6:00,12,0.0
2025-3-16,6:00,13,0.0
2025-3-16,6:00,14,0.0
2025-3-16,6:00,15,0.0
2025-3-16,6:00,16,0.0
2025-3-16,6:00,17,0.0
2025-3-16,6:00,18,0.0
2025-3-16,6:00,19,0.0
2025-3-16,6:00,20,0.0
2025-3-16,6:00,21,0.0
2025-3-16,6:00,22,0.0
2025-3-16,6:00,23,0.0
2025-3-16,6:00,24,0.0
2025-3-16,12:00,1,6944.5776
2025-3-16,12:00,2,5906.4742
2025-3-16,12:00,3,4812.9179
2025-3-16,12:00,4,3175.7507
2025-3-16,12:00,5,1311.43
2025-3-16,12:00,6,0.0
2025-3-16,12:00,7,0.0
2025-3-16,12:00,8,0.0
2025-3-16,12:00,9,0.0
2025-3-16,12:00,10,0.0
2025-3-16,12:00,11,0.0
2025-3-16,12:00,12,0.0
2025-3-16,12:00,13,0.0
2025-3-16,12:00,14,0.0
2025-3-16,12:00,15,0.0
2025-3-16,12:00,16,0.0
2025-3-16,12:00,17,0.0
2025-3-16,12:00,18,0.0
2025-3-16,12:00,19,2048.9625
2025-3-16,12:00,20,4128.375
2025-3-16,12:00,21,6065.7746
2025-3-16,12:00,22,7328.9689
2025-3-16,12:00,23,7740.8192
2025-3-16,12:00,24,6909.3031
2025-3-16,18:00,1,0.0
2025-3-16,18:00,2,0.0
2025-3-16,18:00,3,0.0
2025-3-16,18:00,4,0.0
2025-3-16,18:00,5,0.0
2025-3-16,18:00,6,0.0
2025-3-16,18:00,7,0.0
2025-3-16,18:00,8,0.0
2025-3-16,18:00,9,0.0
2025-3-16,18:00,10,0.0
2025-3-16,18:00,11,0.0
2025-3-16,18:00,12,0.0
2025-3-16,18:00,13,1578.9183
2025-3-16,18:00,14,3253.1411
2025-3-16,18:00,15,5773.7002
2025-3-16,18:00,16,7280.7272
2025-3-16,18:00,17,6838.6919
2025-3-16,18:00,18,8328.3175
2025-3-16,18:00,19,8075.7854
2025-3-16,18:00,20,7181.1505
2025-3-16,18:00,21,6228.0
2025-3-16,18:00,22,4046.0625
2025-3-16,18:00,23,1751.3982
2025-3-16,18:00,24,0.0
2025-3-17,0:00,1,0.0
2025-3-17,0:00,2,0.0
2025-3-17,0:00,3,0.0
2025-3-17,0:00,4,0.0
2025-3-17,0:00,5,0.0
2025-3-17,0:00,6,0.0
2025-3-17,0:00,7,1883.5493
2025-3-17,0:00,8,3912.2475
2025-3-17,0:00,9,6135.375
2025-3-17,0:00,10,6872.697
2025-3-17,0:00,11,6905.5056
2025-3-17,0:00,12,7351.9599
2025-3-17,0:00,13,7117.7335
2025-3-17,0:00,14,6345.4589
2025-3-17,0:00,15,5740.5637
2025-3-17,0:00,16,3711.7186
2025-3-17,0:00,17,1526.0804
2025-3-17,0:00,18,0.0
2025-3-17,0:00,19,0.0
2025-3-17,0:00,20,0.0
2025-3-17,0:00,21,0.0
2025-3-17,0:00,22,0.0
2025-3-17,0:00,23,0.0
2025-3-17,0:00,24,0.0
2025-3-17,6:00,1,1708.8738
2025-3-17,6:00,2,3741.0132
2025-3-17,6:00,3,6135.375
2025-3-17,6:00,4,7585.1625
2025-3-17,6:00,5,8142.7055
2025-3-17,6:00,6,8906.5125
2025-3-17,6:00,7,8030.4255
2025-3-17,6:00,8,7732.1131
2025-3-17,6:00,9,5982.6175
2025-3-17,6:00,10,3981.749
2025-3-17,6:00,11,1705.8351
2025-3-17,6:00,12,0.0
2025-3-17,6:00,13,0.0
2025-3-17,6:00,14,0.0
2025-3-17,6:00,15,0.0
2025-3-17,6:00,16,0.0
2025-3-17,6:00,17,0.0
2025-3-17,6:00,18,0.0
2025-3-17,6:00,19,0.0
2025-3-17,6:00,20,0.0
2025-3-17,6:00,21,0.0
2025-3-17,6:00,22,0.0
2025-3-17,6:00,23,0.0
2025-3-17,6:00,24,0.0
2025-3-17,12:00,1,7471.1026
2025-3-17,12:00,2,7055.8869
2025-3-17,12:00,3,5574.2459
2025-3-17,12:00,4,3372.9072
2025-3-17,12:00,5,1380.9596
2025-3-17,12:00,6,0.0
2025-3-17,12:00,7,0.0
2025-3-17,12:00,8,0.0
2025-3-17,12:00,9,0.0
2025-3-17,12:00,10,0.0
2025-3-17,12:00,11,0.0
2025-3-17,12:00,12,0.0
2025-3-17,12:00,13,0.0
2025-3-17,12:00,14,0.0
2025-3-17,12:00,15,0.0
2025-3-17,12:00,16,0.0
2025-3-17,12:00,17,0.0
2025-3-17,12:00,18,0.0
2025-3-17,12:00,19,1686.8399
2025-3-17,12:00,20,3184.639
2025-3-17,12:00,21,3714.2857
2025-3-17,12:00,22,4567.7354
2025-3-17,12:00,23,6007.816
2025-3-17,12:00,24,5624.8831
2025-3-17,18:00,1,0.0
2025-3-17,18:00,2,0.0
2025-3-17,18:00,3,0.0
2025-3-17,18:00,4,0.0
2025-3-17,18:00,5,0.0
2025-3-17,18:00,6,0.0
2025-3-17,18:00,7,0.0
2025-3-17,18:00,8,0.0
2025-3-17,18:00,9,0.0
2025-3-17,18:00,10,0.0
2025-3-17,18:00,11,0.0
2025-3-17,18:00,12,0.0
2025-3-17,18:00,13,1798.023
2025-3-17,18:00,14,4117.1397
2025-3-17,18:00,15,5874.9406
2025-3-17,18:00,16,6317.4054
2025-3-17,18:00,17,8689.6453
2025-3-17,18:00,18,8906.5125
2025-3-17,18:00,19,7703.0667
2025-3-17,18:00,20,7325.7523
2025-3-17,18:00,21,5725.0133
2025-3-17,18:00,22,3512.0951
2025-3-17,18:00,23,1269.1625
2025-3-17,18:00,24,0.0
2025-3-18,0:00,1,0.0
2025-3-18,0:00,2,0.0
2025-3-18,0:00,3,0.0
2025-3-18,0:00,4,0.0
2025-3-18,0:00,5,0.0
2025-3-18,0:00,6,0.0
2025-3-18,0:00,7,1449.5228
2025-3-18,0:00,8,3177.0625
2025-3-18,0:00,9,4308.8499
2025-3-18,0:00,10,4662.7352
2025-3-18,0:00,11,6433.9403
2025-3-18,0:00,12,6733.7584
2025-3-18,0:00,13,6378.5266
2025-3-18,0:00,14,6004.0865
2025-3-18,0:00,15,5236.3721
2025-3-18,0:00,16,3432.8281
2025-3-18,0:00,17,1353.4328
2025-3-18,0:00,18,0.0
2025-3-18,0:00,19,0.0
2025-3-18,0:00,20,0.0
2025-3-18,0:00,21,0.0
2025-3-18,0:00,22,0.0
2025-3-18,0:00,23,0.0
2025-3-18,0:00,24,0.0
2025-3-18,6:00,1,1537.8284
2025-3-18,6:00,2,3312.9593
2025-3-18,6:00,3,4901.0817
2025-3-18,6:00,4,6229.503
2025-3-18,6:00,5,7350.377
2025-3-18,6:00,6,7746.5981
2025-3-18,6:00,7,7206.693
2025-3-18,6:00,8,6069.569
2025-3-18,6:00,9,4717.4405
2025-3-18,6:00,10,3255.4911
2025-3-18,6:00,11,1418.3241
2025-3-18,6:00,12,0.0
2025-3-18,6:00,13,0.0
2025-3-18,6:00,14,0.0
2025-3-18,6:00,15,0.0
2025-3-18,6:00,16,0.0
2025-3-18,6:00,17,0.0
2025-3-18,6:00,18,0.0
2025-3-18,6:00,19,0.0
2025-3-18,6:00,20,0.0
2025-3-18,6:00,21,0.0
2025-3-18,6:00,22,0.0
2025-3-18,6:00,23,0.0
2025-3-18,6:00,24,0.0
2025-3-18,12:00,1,7728.9913
2025-3-18,12:00,2,6614.9815
2025-3-18,12:00,3,5132.8458
2025-3-18,12:00,4,3639.3253
2025-3-18,12:00,5,1522.1698
2025-3-18,12:00,6,0.0
2025-3-18,12:00,7,0.0
2025-3-18,12:00,8,0.0
2025-3-18,12:00,9,0.0
2025-3-18,12:00,10,0.0
2025-3-18,12:00,11,0.0
2025-3-18,12:00,12,0.0
2025-3-18,12:00,13,0.0
2025-3-18,12:00,14,0.0
2025-3-18,12:00,15,0.0
2025-3-18,12:00,16,0.0
2025-3-18,12:00,17,0.0
2025-3-18,12:00,18,0.0
2025-3-18,12:00,19,1628.1791
2025-3-18,12:00,20,3646.7188
2025-3-18,12:00,21,5070.9227
2025-3-18,12:00,22,6574.3371
2025-3-18,12:00,23,7708.0872
2025-3-18,12:00,24,8690.7371
2025-3-18,18:00,1,0.0
2025-3-18,18:00,2,0.0
2025-3-18,18:00,3,0.0
2025-3-18,18:00,4,0.0
2025-3-18,18:00,5,0.0
2025-3-18,18:00,6,0.0
2025-3-18,18:00,7,0.0
2025-3-18,18:00,8,0.0
2025-3-18,18:00,9,0.0
2025-3-18,18:00,10,0.0
2025-3-18,18:00,11,0.0
2025-3-18,18:00,12,0.0
2025-3-18,18:00,13,1441.2487
2025-3-18,18:00,14,3281.8644
2025-3-18,18:00,15,4827.5963
2025-3-18,18:00,16,7455.4918
2025-3-18,18:00,17,8327.6324
2025-3-18,18:00,18,8906.5125
2025-3-18,18:00,19,8852.925
2025-3-18,18:00,20,8057.7
2025-3-18,18:00,21,6228.0
2025-3-18,18:00,22,4314.975
2025-3-18,18:00,23,2042.7
2025-3-18,18:00,24,0.0
2025-3-19,0:00,1,0.0
2025-3-19,0:00,2,0.0
2025-3-19,0:00,3,0.0
2025-3-19,0:00,4,0.0
2025-3-19,0:00,5,0.0
2025-3-19,0:00,6,0.0
2025-3-19,0:00,7,1750.979
2025-3-19,0:00,8,3643.7668
2025-3-19,0:00,9,4890.5914
2025-3-19,0:00,10,7296.1348
2025-3-19,0:00,11,8674.8235
2025-3-19,0:00,12,8906.5125
2025-3-19,0:00,13,8852.925
2025-3-19,0:00,14,7700.7398
2025-3-19,0:00,15,5568.1194
2025-3-19,0:00,16,3829.1183
2025-3-19,0:00,17,1398.5689
2025-3-19,0:00,18,0.0
2025-3-19,0:00,19,0.0
2025-3-19,0:00,20,0.0
2025-3-19,0:00,21,0.0
2025-3-19,0:00,22,0.0
2025-3-19,0:00,23,0.0
2025-3-19,0:00,24,0.0
2025-3-19,6:00,1,1634.6211
2025-3-19,6:00,2,3374.6213
2025-3-19,6:00,3,4692.9828
2025-3-19,6:00,4,7074.0758
2025-3-19,6:00,5,8452.7313
2025-3-19,6:00,6,8495.7701
2025-3-19,6:00,7,7868.499
2025-3-19,6:00,8,6434.6564
2025-3-19,6:00,9,4779.5405
2025-3-19,6:00,10,3210.3737
2025-3-19,6:00,11,1216.7433
2025-3-19,6:00,12,0.0
2025-3-19,6:00,13,0.0
2025-3-19,6:00,14,0.0
2025-3-19,6:00,15,0.0
2025-3-19,6:00,16,0.0
2025-3-19,6:00,17,0.0
2025-3-19,6:00,18,0.0
2025-3-19,6:00,19,0.0
2025-3-19,6:00,20,0.0
2025-3-19,6:00,21,0.0
2025-3-19,6:00,22,0.0
2025-3-19,6:00,23,0.0
2025-3-19,6:00,24,0.0
2025-3-19,12:00,1,7824.3884
2025-3-19,12:00,2,6393.0132
2025-3-19,12:00,3,5008.4156
2025-3-19,12:00,4,3594.2828
2025-3-19,12:00,5,1615.0747
2025-3-19,12:00,6,0.0
2025-3-19,12:00,7,0.0
2025-3-19,12:00,8,0.0
2025-3-19,12:00,9,0.0
2025-3-19,12:00,10,0.0
2025-3-19,12:00,11,0.0
2025-3-19,12:00,12,0.0
2025-3-19,12:00,13,0.0
2025-3-19,12:00,14,0.0
2025-3-19,12:00,15,0.0
2025-3-19,12:00,16,0.0
2025-3-19,12:00,17,0.0
2025-3-19,12:00,18,0.0
2025-3-19,12:00,19,2048.9625
2025-3-19,12:00,20,4128.375
2025-3-19,12:00,21,6135.375
2025-3-19,12:00,22,6539.2476
2025-3-19,12:00,23,7093.6954
2025-3-19,12:00,24,6713.5146
2025-3-19,18:00,1,0.0
2025-3-19,18:00,2,0.0
2025-3-19,18:00,3,0.0
2025-3-19,18:00,4,0.0
2025-3-19,18:00,5,0.0
2025-3-19,18:00,6,0.0
2025-3-19,18:00,7,0.0
2025-3-19,18:00,8,0.0
2025-3-19,18:00,9,0.0
2025-3-19,18:00,10,0.0
2025-3-19,18:00,11,0.0
2025-3-19,18:00,12,0.0
2025-3-19,18:00,13,1689.9665
2025-3-19,18:00,14,3353.2775
2025-3-19,18:00,15,5436.5538
2025-3-19,18:00,16,6683.9942
2025-3-19,18:00,17,8495.3274
2025-3-19,18:00,18,8846.1336
2025-3-19,18:00,19,8852.925
2025-3-19,18:00,20,7716.245
2025-3-19,18:00,21,5363.2436
2025-3-19,18:00,22,3637.7195
2025-3-19,18:00,23,1589.2275
2025-3-19,18:00,24,0.0
2025-3-20,0:00,1,0.0
2025-3-20,0:00,2,0.0
2025-3-20,0:00,3,0.0
2025-3-20,0:00,4,0.0
2025-3-20,0:00,5,0.0
2025-3-20,0:00,6,0.0
2025-3-20,0:00,7,1744.4593
2025-3-20,0:00,8,3799.7469
2025-3-20,0:00,9,5542.9795
2025-3-20,0:00,10,7336.285
2025-3-20,0:00,11,8249.9904
2025-3-20,0:00,12,7846.9398
2025-3-20,0:00,13,6342.6733
2025-3-20,0:00,14,5887.2321
2025-3-20,0:00,15,3900.1545
2025-3-20,0:00,16,2353.3917
2025-3-20,0:00,17,1249.5376
2025-3-20,0:00,18,0.0
2025-3-20,0:00,19,0.0
2025-3-20,0:00,20,0.0
2025-3-20,0:00,21,0.0
2025-3-20,0:00,22,0.0
2025-3-20,0:00,23,0.0
2025-3-20,0:00,24,0.0
2025-3-20,6:00,1,1727.4881
2025-3-20,6:00,2,3564.5197
2025-3-20,6:00,3,5464.1198
2025-3-20,6:00,4,6778.2246
2025-3-20,6:00,5,7787.0157
2025-3-20,6:00,6,8429.153
2025-3-20,6:00,7,8650.9692
2025-3-20,6:00,8,7692.5743
2025-3-20,6:00,9,5648.2918
2025-3-20,6:00,10,3471.9998
2025-3-20,6:00,11,1550.0119
2025-3-20,6:00,12,0.0
2025-3-20,6:00,13,0.0
2025-3-20,6:00,14,0.0
2025-3-20,6:00,15,0.0
2025-3-20,6:00,16,0.0
2025-3-20,6:00,17,0.0
2025-3-20,6:00,18,0.0
2025-3-20,6:00,19,0.0
2025-3-20,6:00,20,0.0
2025-3-20,6:00,21,0.0
2025-3-20,6:00,22,0.0
2025-3-20,6:00,23,0.0
2025-3-20,6:00,24,0.0
2025-3-20,12:00,1,7621.8427
2025-3-20,12:00,2,6888.1777
2025-3-20,12:00,3,5205.121
2025-3-20,12:00,4,3256.946
2025-3-20,12:00,5,1395.6276
2025-3-20,12:00,6,0.0
2025-3-20,12:00,7,0.0
2025-3-20,12:00,8,0.0
2025-3-20,12:00,9,0.0
2025-3-20,12:00,10,0.0
2025-3-20,12:00,11,0.0
2025-3-20,12:00,12,0.0
2025-3-20,12:00,13,0.0
2025-3-20,12:00,14,0.0
2025-3-20,12:00,15,0.0
2025-3-20,12:00,16,0.0
2025-3-20,12:00,17,0.0
2025-3-20,12:00,18,0.0
2025-3-20,12:00,19,1437.6362
2025-3-20,12:00,20,4093.4311
2025-3-20,12:00,21,4714.0153
2025-3-20,12:00,22,5298.2119
2025-3-20,12:00,23,5895.4383
2025-3-20,12:00,24,5104.9141
2025-3-20,18:00,1,0.0
2025-3-20,18:00,2,0.0
2025-3-20,18:00,3,0.0
2025-3-20,18:00,4,0.0
2025-3-20,18:00,5,0.0
2025-3-20,18:00,6,0.0
2025-3-20,18:00,7,0.0
2025-3-20,18:00,8,0.0
2025-3-20,18:00,9,0.0
2025-3-20,18:00,10,0.0
2025-3-20,18:00,11,0.0
2025-3-20,18:00,12,0.0
2025-3-20,18:00,13,1354.4122
2025-3-20,18:00,14,3808.1698
2025-3-20,18:00,15,5387.0002
2025-3-20,18:00,16,6436.1853
2025-3-20,18:00,17,7577.9817
2025-3-20,18:00,18,8827.2929
2025-3-20,18:00,19,8852.925
2025-3-20,18:00,20,8057.7
2025-3-20,18:00,21,6225.1224
2025-3-20,18:00,22,4017.7411
2025-3-20,18:00,23,1418.1796
2025-3-20,18:00,24,0.0
2025-3-21,0:00,1,0.0
2025-3-21,0:00,2,0.0
2025-3-21,0:00,3,0.0
2025-3-21,0:00,4,0.0
2025-3-21,0:00,5,0.0
2025-3-21,0:00,6,0.0
2025-3-21,0:00,7,1620.963
2025-3-21,0:00,8,4128.375
2025-3-21,0:00,9,6135.375
2025-3-21,0:00,10,7393.8974
2025-3-21,0:00,11,7989.108
2025-3-21,0:00,12,7652.6572
2025-3-21,0:00,13,6891.3979
2025-3-21,0:00,14,5660.5609
2025-3-21,0:00,15,3992.7391
2025-3-21,0:00,16,3446.0599
2025-3-21,0:00,17,1652.1933
2025-3-21,0:00,18,0.0
2025-3-21,0:00,19,0.0
2025-3-21,0:00,20,0.0
2025-3-21,0:00,21,0.0
2025-3-21,0:00,22,0.0
2025-3-21,0:00,23,0.0
2025-3-21,0:00,24,0.0
2025-3-21,6:00,1,1521.3908
2025-3-21,6:00,2,3973.3146
2025-3-21,6:00,3,5640.331
2025-3-21,6:00,4,6868.0709
2025-3-21,6:00,5,8356.4263
2025-3-21,6:00,6,8906.5125
2025-3-21,6:00,7,8327.4351
2025-3-21,6:00,8,6976.2122
2025-3-21,6:00,9,5644.9135
2025-3-21,6:00,10,4314.975
2025-3-21,6:00,11,1952.729
2025-3-21,6:00,12,0.0
2025-3-21,6:00,13,0.0
2025-3-21,6:00,14,0.0
2025-3-21,6:00,15,0.0
2025-3-21,6:00,16,0.0
2025-3-21,6:00,17,0.0
2025-3-21,6:00,18,0.0
2025-3-21,6:00,19,0.0
2025-3-21,6:00,20,0.0
2025-3-21,6:00,21,0.0
2025-3-21,6:00,22,0.0
2025-3-21,6:00,23,0.0
2025-3-21,6:00,24,0.0
2025-3-21,12:00,1,7980.2505
2025-3-21,12:00,2,7186.9141
2025-3-21,12:00,3,5485.4359
2025-3-21,12:00,4,4067.2882
2025-3-21,12:00,5,1587.3817
2025-3-21,12:00,6,0.0
2025-3-21,12:00,7,0.0
2025-3-21,12:00,8,0.0
2025-3-21,12:00,9,0.0
2025-3-21,12:00,10,0.0
2025-3-21,12:00,11,0.0
2025-3-21,12:00,12,0.0
2025-3-21,12:00,13,0.0
2025-3-21,12:00,14,0.0
2025-3-21,12:00,15,0.0
2025-3-21,12:00,16,0.0
2025-3-21,12:00,17,0.0
2025-3-21,12:00,18,0.0
2025-3-21,12:00,19,1737.5318
2025-3-21,12:00,20,3747.2767
2025-3-21,12:00,21,5943.2895
2025-3-21,12:00,22,7264.9809
2025-3-21,12:00,23,8768.6625
2025-3-21,12:00,24,8906.5125
2025-3-21,18:00,1,0.0
2025-3-21,18:00,2,0.0
2025-3-21,18:00,3,0.0
2025-3-21,18:00,4,0.0
2025-3-21,18:00,5,0.0
2025-3-21,18:00,6,0.0
2025-3-21,18:00,7,0.0
2025-3-21,18:00,8,0.0
2025-3-21,18:00,9,0.0
2025-3-21,18:00,10,0.0
2025-3-21,18:00,11,0.0
2025-3-21,18:00,12,0.0
2025-3-21,18:00,13,1940.8901
2025-3-21,18:00,14,3989.5585
2025-3-21,18:00,15,5475.0024
2025-3-21,18:00,16,6084.3985
2025-3-21,18:00,17,8398.7651
2025-3-21,18:00,18,8699.2329
2025-3-21,18:00,19,8210.3942
2025-3-21,18:00,20,6367.7975
2025-3-21,18:00,21,5941.076
2025-3-21,18:00,22,3510.9693
2025-3-21,18:00,23,1680.5587
2025-3-21,18:00,24,0.0
2025-3-22,0:00,1,0.0
2025-3-22,0:00,2,0.0
2025-3-22,0:00,3,0.0
2025-3-22,0:00,4,0.0
2025-3-22,0:00,5,0.0
2025-3-22,0:00,6,0.0
2025-3-22,0:00,7,1557.2742
2025-3-22,0:00,8,3301.2244
2025-3-22,0:00,9,5164.8059
2025-3-22,0:00,10,6261.4924
2025-3-22,0:00,11,7595.4771
2025-3-22,0:00,12,8195.1124
2025-3-22,0:00,13,7029.4757
2025-3-22,0:00,14,5240.3274
2025-3-22,0:00,15,4706.0811
2025-3-22,0:00,16,3067.4943
2025-3-22,0:00,17,1427.7234
2025-3-22,0:00,18,0.0
2025-3-22,0:00,19,0.0
2025-3-22,0:00,20,0.0
2025-3-22,0:00,21,0.0
2025-3-22,0:00,22,0.0
2025-3-22,0:00,23,0.0
2025-3-22,0:00,24,0.0
2025-3-22,6:00,1,1687.8469
2025-3-22,6:00,2,3372.3054
2025-3-22,6:00,3,4849.4812
2025-3-22,6:00,4,6237.3155
2025-3-22,6:00,5,7875.8429
2025-3-22,6:00,6,8905.6012
2025-3-22,6:00,7,8748.3812
2025-3-22,6:00,8,6726.7084
2025-3-22,6:00,9,5435.6648
2025-3-22,6:00,10,3374.076
2025-3-22,6:00,11,1572.0836
2025-3-22,6:00,12,0.0
2025-3-22,6:00,13,0.0
2025-3-22,6:00,14,0.0
2025-3-22,6:00,15,0.0
2025-3-22,6:00,16,0.0
2025-3-22,6:00,17,0.0
2025-3-22,6:00,18,0.0
2025-3-22,6:00,19,0.0
2025-3-22,6:00,20,0.0
2025-3-22,6:00,21,0.0
2025-3-22,6:00,22,0.0
2025-3-22,6:00,23,0.0
2025-3-22,6:00,24,15.9052
2025-3-22,12:00,1,7674.3948
2025-3-22,12:00,2,6200.0933
2025-3-22,12:00,3,4959.839
2025-3-22,12:00,4,3303.1035
2025-3-22,12:00,5,1602.8055
2025-3-22,12:00,6,0.0
2025-3-22,12:00,7,0.0
2025-3-22,12:00,8,0.0
2025-3-22,12:00,9,0.0
2025-3-22,12:00,10,0.0
2025-3-22,12:00,11,0.0
2025-3-22,12:00,12,0.0
2025-3-22,12:00,13,0.0
2025-3-22,12:00,14,0.0
2025-3-22,12:00,15,0.0
2025-3-22,12:00,16,0.0
2025-3-22,12:00,17,0.0
2025-3-22,12:00,18,8.4407
2025-3-22,12:00,19,1239.5187
2025-3-22,12:00,20,2978.4204
2025-3-22,12:00,21,4611.8982
2025-3-22,12:00,22,6365.6322
2025-3-22,12:00,23,7651.5605
2025-3-22,12:00,24,8906.5125
2025-3-22,18:00,1,0.0
2025-3-22,18:00,2,0.0
2025-3-22,18:00,3,0.0
2025-3-22,18:00,4,0.0
2025-3-22,18:00,5,0.0
2025-3-22,18:00,6,0.0
2025-3-22,18:00,7,0.0
2025-3-22,18:00,8,0.0
2025-3-22,18:00,9,0.0
2025-3-22,18:00,10,0.0
2025-3-22,18:00,11,0.0
2025-3-22,18:00,12,11.411
2025-3-22,18:00,13,1490.4316
2025-3-22,18:00,14,2736.3531
2025-3-22,18:00,15,4809.6053
2025-3-22,18:00,16,5303.249
2025-3-22,18:00,17,5988.0913
2025-3-22,18:00,18,7788.6275
2025-3-22,18:00,19,7555.8356
2025-3-22,18:00,20,6447.8484
2025-3-22,18:00,21,4861.8374
2025-3-22,18:00,22,3235.0349
2025-3-22,18:00,23,1582.6371
2025-3-22,18:00,24,9.193
2025-3-23,0:00,1,0.0
2025-3-23,0:00,2,0.0
2025-3-23,0:00,3,0.0
2025-3-23,0:00,4,0.0
2025-3-23,0:00,5,0.0
2025-3-23,0:00,6,11.9566
2025-3-23,0:00,7,1677.3921
2025-3-23,0:00,8,2965.3411
2025-3-23,0:00,9,4756.4446
2025-3-23,0:00,10,6095.6502
2025-3-23,0:00,11,6819.003
2025-3-23,0:00,12,7758.0148
2025-3-23,0:00,13,7076.4243
2025-3-23,0:00,14,6871.8833
2025-3-23,0:00,15,3945.0321
2025-3-23,0:00,16,2876.1626
2025-3-23,0:00,17,1719.3075
2025-3-23,0:00,18,11.5175
2025-3-23,0:00,19,0.0
2025-3-23,0:00,20,0.0
2025-3-23,0:00,21,0.0
2025-3-23,0:00,22,0.0
2025-3-23,0:00,23,0.0
2025-3-23,0:00,24,0.0
2025-3-23,6:00,1,1662.9445
2025-3-23,6:00,2,3371.9857
2025-3-23,6:00,3,5245.32
2025-3-23,6:00,4,6246.074
2025-3-23,6:00,5,6619.2559
2025-3-23,6:00,6,7738.18
2025-3-23,6:00,7,7187.3878
2025-3-23,6:00,8,7081.1366
2025-3-23,6:00,9,5520.4798
2025-3-23,6:00,10,3791.335
2025-3-23,6:00,11,1762.714
2025-3-23,6:00,12,12.5949
2025-3-23,6:00,13,0.0
2025-3-23,6:00,14,0.0
2025-3-23,6:00,15,0.0
2025-3-23,6:00,16,0.0
2025-3-23,6:00,17,0.0
2025-3-23,6:00,18,0.0
2025-3-23,6:00,19,0.0
2025-3-23,6:00,20,0.0
2025-3-23,6:00,21,0.0
2025-3-23,6:00,22,0.0
2025-3-23,6:00,23,0.0
2025-3-23,6:00,24,33.9875
2025-3-23,12:00,1,7183.6897
2025-3-23,12:00,2,7484.4696
2025-3-23,12:00,3,5673.5787
2025-3-23,12:00,4,3755.9711
2025-3-23,12:00,5,1931.6327
2025-3-23,12:00,6,12.8847
2025-3-23,12:00,7,0.0
2025-3-23,12:00,8,0.0
2025-3-23,12:00,9,0.0
2025-3-23,12:00,10,0.0
2025-3-23,12:00,11,0.0
2025-3-23,12:00,12,0.0
2025-3-23,12:00,13,0.0
2025-3-23,12:00,14,0.0
2025-3-23,12:00,15,0.0
2025-3-23,12:00,16,0.0
2025-3-23,12:00,17,0.0
2025-3-23,12:00,18,22.2119
2025-3-23,12:00,19,1230.0984
2025-3-23,12:00,20,2045.3567
2025-3-23,12:00,21,3770.512
2025-3-23,12:00,22,7059.417
2025-3-23,12:00,23,7041.9628
2025-3-23,12:00,24,7109.9428
2025-3-23,18:00,1,0.0
2025-3-23,18:00,2,0.0
2025-3-23,18:00,3,0.0
2025-3-23,18:00,4,0.0
2025-3-23,18:00,5,0.0
2025-3-23,18:00,6,0.0
2025-3-23,18:00,7,0.0
2025-3-23,18:00,8,0.0
2025-3-23,18:00,9,0.0
2025-3-23,18:00,10,0.0
2025-3-23,18:00,11,0.0
2025-3-23,18:00,12,35.0824
2025-3-23,18:00,13,1729.8695
2025-3-23,18:00,14,3479.3878
2025-3-23,18:00,15,4557.2934
2025-3-23,18:00,16,5964.3227
2025-3-23,18:00,17,6596.4053
2025-3-23,18:00,18,6964.3271
2025-3-23,18:00,19,7049.653
2025-3-23,18:00,20,6865.7706
2025-3-23,18:00,21,5661.5151
2025-3-23,18:00,22,3704.6807
2025-3-23,18:00,23,1907.6029
2025-3-23,18:00,24,36.2406
2025-3-24,0:00,1,0.0
2025-3-24,0:00,2,0.0
2025-3-24,0:00,3,0.0
2025-3-24,0:00,4,0.0
2025-3-24,0:00,5,0.0
2025-3-24,0:00,6,30.4722
2025-3-24,0:00,7,1668.7092
2025-3-24,0:00,8,3353.7087
2025-3-24,0:00,9,5050.0297
2025-3-24,0:00,10,6716.3661
2025-3-24,0:00,11,6944.6239
2025-3-24,0:00,12,7870.1687
2025-3-24,0:00,13,7959.7295
2025-3-24,0:00,14,6222.5752
2025-3-24,0:00,15,5037.3763
2025-3-24,0:00,16,3873.1468
2025-3-24,0:00,17,1756.8672
2025-3-24,0:00,18,33.0137
2025-3-24,0:00,19,0.0
2025-3-24,0:00,20,0.0
2025-3-24,0:00,21,0.0
2025-3-24,0:00,22,0.0
2025-3-24,0:00,23,0.0
2025-3-24,0:00,24,0.0
2025-3-24,6:00,1,1701.3882
2025-3-24,6:00,2,3536.1297
2025-3-24,6:00,3,5457.7155
2025-3-24,6:00,4,7161.6306
2025-3-24,6:00,5,7663.7407
2025-3-24,6:00,6,8645.9791
2025-3-24,6:00,7,8219.5765
2025-3-24,6:00,8,6354.7218
2025-3-24,6:00,9,4686.8123
2025-3-24,6:00,10,3549.9542
2025-3-24,6:00,11,1742.7408
2025-3-24,6:00,12,30.4247
2025-3-24,6:00,13,0.0
2025-3-24,6:00,14,0.0
2025-3-24,6:00,15,0.0
2025-3-24,6:00,16,0.0
2025-3-24,6:00,17,0.0
2025-3-24,6:00,18,0.0
2025-3-24,6:00,19,0.0
2025-3-24,6:00,20,0.0
2025-3-24,6:00,21,0.0
2025-3-24,6:00,22,0.0
2025-3-24,6:00,23,0.0
2025-3-24,6:00,24,52.0712
2025-3-24,12:00,1,8341.7035
2025-3-24,12:00,2,6596.586
2025-3-24,12:00,3,4802.0465
2025-3-24,12:00,4,3388.8105
2025-3-24,12:00,5,1684.1721
2025-3-24,12:00,6,29.3614
2025-3-24,12:00,7,0.0
2025-3-24,12:00,8,0.0
2025-3-24,12:00,9,0.0
2025-3-24,12:00,10,0.0
2025-3-24,12:00,11,0.0
2025-3-24,12:00,12,0.0
2025-3-24,12:00,13,0.0
2025-3-24,12:00,14,0.0
2025-3-24,12:00,15,0.0
2025-3-24,12:00,16,0.0
2025-3-24,12:00,17,0.0
2025-3-24,12:00,18,44.9315
2025-3-24,12:00,19,1467.8396
2025-3-24,12:00,20,3452.9127
2025-3-24,12:00,21,4334.9763
2025-3-24,12:00,22,5092.5652
2025-3-24,12:00,23,5750.5916
2025-3-24,12:00,24,7757.882
2025-3-24,18:00,1,0.0
2025-3-24,18:00,2,0.0
2025-3-24,18:00,3,0.0
2025-3-24,18:00,4,0.0
2025-3-24,18:00,5,0.0
2025-3-24,18:00,6,0.0
2025-3-24,18:00,7,0.0
2025-3-24,18:00,8,0.0
2025-3-24,18:00,9,0.0
2025-3-24,18:00,10,0.0
2025-3-24,18:00,11,0.0
2025-3-24,18:00,12,51.0284
2025-3-24,18:00,13,1679.5008
2025-3-24,18:00,14,3412.9545
2025-3-24,18:00,15,4285.9167
2025-3-24,18:00,16,5186.1
2025-3-24,18:00,17,5235.9699
2025-3-24,18:00,18,5513.9006
2025-3-24,18:00,19,6816.856
2025-3-24,18:00,20,7893.2173
2025-3-24,18:00,21,5331.191
2025-3-24,18:00,22,4314.975
2025-3-24,18:00,23,2322.075
2025-3-24,18:00,24,61.536
2025-3-25,0:00,1,0.0
2025-3-25,0:00,2,0.0
2025-3-25,0:00,3,0.0
2025-3-25,0:00,4,0.0
2025-3-25,0:00,5,0.0
2025-3-25,0:00,6,46.8655
2025-3-25,0:00,7,1577.6401
2025-3-25,0:00,8,3485.2327
2025-3-25,0:00,9,5039.4857
2025-3-25,0:00,10,5281.6096
2025-3-25,0:00,11,5925.3718
2025-3-25,0:00,12,6851.1628
2025-3-25,0:00,13,5999.1913
2025-3-25,0:00,14,5652.054
2025-3-25,0:00,15,4472.8717
2025-3-25,0:00,16,3322.1796
2025-3-25,0:00,17,1577.884
2025-3-25,0:00,18,47.4081
2025-3-25,0:00,19,0.0
2025-3-25,0:00,20,0.0
2025-3-25,0:00,21,0.0
2025-3-25,0:00,22,0.0
2025-3-25,0:00,23,0.0
2025-3-25,0:00,24,0.0
2025-3-25,6:00,1,1611.8767
2025-3-25,6:00,2,3703.6742
2025-3-25,6:00,3,5210.0351
2025-3-25,6:00,4,6090.4818
2025-3-25,6:00,5,7049.5735
2025-3-25,6:00,6,8102.0023
2025-3-25,6:00,7,8501.301
2025-3-25,6:00,8,7993.7961
2025-3-25,6:00,9,5805.7075
2025-3-25,6:00,10,4149.3583
2025-3-25,6:00,11,1885.8622
2025-3-25,6:00,12,44.6362
2025-3-25,6:00,13,0.0
2025-3-25,6:00,14,0.0
2025-3-25,6:00,15,0.0
2025-3-25,6:00,16,0.0
2025-3-25,6:00,17,0.0
2025-3-25,6:00,18,0.0
2025-3-25,6:00,19,0.0
2025-3-25,6:00,20,0.0
2025-3-25,6:00,21,0.0
2025-3-25,6:00,22,0.0
2025-3-25,6:00,23,0.0
2025-3-25,6:00,24,45.316
2025-3-25,12:00,1,8030.3653
2025-3-25,12:00,2,7582.0853
2025-3-25,12:00,3,5258.707
2025-3-25,12:00,4,3716.6003
2025-3-25,12:00,5,1635.4413
2025-3-25,12:00,6,41.0666
2025-3-25,12:00,7,0.0
2025-3-25,12:00,8,0.0
2025-3-25,12:00,9,0.0
2025-3-25,12:00,10,0.0
2025-3-25,12:00,11,0.0
2025-3-25,12:00,12,0.0
2025-3-25,12:00,13,0.0
2025-3-25,12:00,14,0.0
2025-3-25,12:00,15,0.0
2025-3-25,12:00,16,0.0
2025-3-25,12:00,17,0.0
2025-3-25,12:00,18,63.9633
2025-3-25,12:00,19,1949.94
2025-3-25,12:00,20,4128.375
2025-3-25,12:00,21,5773.9583
2025-3-25,12:00,22,7915.9125
2025-3-25,12:00,23,8355.6617
2025-3-25,12:00,24,8419.0818
2025-3-25,18:00,1,0.0
2025-3-25,18:00,2,0.0
2025-3-25,18:00,3,0.0
2025-3-25,18:00,4,0.0
2025-3-25,18:00,5,0.0
2025-3-25,18:00,6,0.0
2025-3-25,18:00,7,0.0
2025-3-25,18:00,8,0.0
2025-3-25,18:00,9,0.0
2025-3-25,18:00,10,0.0
2025-3-25,18:00,11,0.0
2025-3-25,18:00,12,62.6231
2025-3-25,18:00,13,1908.208
2025-3-25,18:00,14,3798.9192
2025-3-25,18:00,15,5894.4123
2025-3-25,18:00,16,7915.9125
2025-3-25,18:00,17,8768.6625
2025-3-25,18:00,18,8974.575
2025-3-25,18:00,19,8852.925
2025-3-25,18:00,20,8057.7
2025-3-25,18:00,21,6239.1
2025-3-25,18:00,22,4266.1948
2025-3-25,18:00,23,2026.6677
2025-3-25,18:00,24,54.7105
2025-3-26,0:00,1,0.0
2025-3-26,0:00,2,0.0
2025-3-26,0:00,3,0.0
2025-3-26,0:00,4,0.0
2025-3-26,0:00,5,0.0
2025-3-26,0:00,6,66.8762
2025-3-26,0:00,7,1838.1562
2025-3-26,0:00,8,3941.7559
2025-3-26,0:00,9,5571.6928
2025-3-26,0:00,10,7915.9125
2025-3-26,0:00,11,8768.6625
2025-3-26,0:00,12,8913.0914
2025-3-26,0:00,13,6940.5848
2025-3-26,0:00,14,6768.9539
2025-3-26,0:00,15,4180.0476
2025-3-26,0:00,16,2996.277
2025-3-26,0:00,17,1625.831
2025-3-26,0:00,18,65.5087
2025-3-26,0:00,19,0.0
2025-3-26,0:00,20,0.0
2025-3-26,0:00,21,0.0
2025-3-26,0:00,22,0.0
2025-3-26,0:00,23,0.0
2025-3-26,0:00,24,0.0
2025-3-26,6:00,1,1703.6736
2025-3-26,6:00,2,3478.1579
2025-3-26,6:00,3,5346.1816
2025-3-26,6:00,4,7359.7021
2025-3-26,6:00,5,8492.0412
2025-3-26,6:00,6,8629.9719
2025-3-26,6:00,7,7814.2386
2025-3-26,6:00,8,6835.297
2025-3-26,6:00,9,5359.7698
2025-3-26,6:00,10,3434.3745
2025-3-26,6:00,11,1735.2883
2025-3-26,6:00,12,63.8219
2025-3-26,6:00,13,0.0
2025-3-26,6:00,14,0.0
2025-3-26,6:00,15,0.0
2025-3-26,6:00,16,0.0
2025-3-26,6:00,17,0.0
2025-3-26,6:00,18,0.0
2025-3-26,6:00,19,0.0
2025-3-26,6:00,20,0.0
2025-3-26,6:00,21,0.0
2025-3-26,6:00,22,0.0
2025-3-26,6:00,23,0.0
2025-3-26,6:00,24,110.4272
2025-3-26,12:00,1,8186.4703
2025-3-26,12:00,2,7101.746
2025-3-26,12:00,3,5581.1355
2025-3-26,12:00,4,3708.9573
2025-3-26,12:00,5,1776.2273
2025-3-26,12:00,6,65.7754
2025-3-26,12:00,7,0.0
2025-3-26,12:00,8,0.0
2025-3-26,12:00,9,0.0
2025-3-26,12:00,10,0.0
2025-3-26,12:00,11,0.0
2025-3-26,12:00,12,0.0
2025-3-26,12:00,13,0.0
2025-3-26,12:00,14,0.0
2025-3-26,12:00,15,0.0
2025-3-26,12:00,16,0.0
2025-3-26,12:00,17,0.0
2025-3-26,12:00,18,82.3932
2025-3-26,12:00,19,1485.1817
2025-3-26,12:00,20,3653.1835
2025-3-26,12:00,21,5981.1518
2025-3-26,12:00,22,7911.4082
2025-3-26,12:00,23,8768.6625
2025-3-26,12:00,24,8974.575
2025-3-26,18:00,1,0.0
2025-3-26,18:00,2,0.0
2025-3-26,18:00,3,0.0
2025-3-26,18:00,4,0.0
2025-3-26,18:00,5,0.0
2025-3-26,18:00,6,0.0
2025-3-26,18:00,7,0.0
2025-3-26,18:00,8,0.0
2025-3-26,18:00,9,0.0
2025-3-26,18:00,10,0.0
2025-3-26,18:00,11,0.0
2025-3-26,18:00,12,89.4279
2025-3-26,18:00,13,1879.9198
2025-3-26,18:00,14,3883.9709
2025-3-26,18:00,15,4394.6037
2025-3-26,18:00,16,5956.2277
2025-3-26,18:00,17,7693.2819
2025-3-26,18:00,18,8462.246
2025-3-26,18:00,19,8673.6665
2025-3-26,18:00,20,8125.1625
2025-3-26,18:00,21,6255.8625
2025-3-26,18:00,22,3871.914
2025-3-26,18:00,23,1995.7059
2025-3-26,18:00,24,80.6687
2025-3-27,0:00,1,0.0
2025-3-27,0:00,2,0.0
2025-3-27,0:00,3,0.0
2025-3-27,0:00,4,0.0
2025-3-27,0:00,5,0.0
2025-3-27,0:00,6,79.4132
2025-3-27,0:00,7,1589.1107
2025-3-27,0:00,8,3584.2465
2025-3-27,0:00,9,4751.4554
2025-3-27,0:00,10,6365.5463
2025-3-27,0:00,11,7261.1966
2025-3-27,0:00,12,8785.5787
2025-3-27,0:00,13,6965.5241
2025-3-27,0:00,14,6010.3907
2025-3-27,0:00,15,5116.8112
2025-3-27,0:00,16,3398.1058
2025-3-27,0:00,17,1708.0712
2025-3-27,0:00,18,83.1224
2025-3-27,0:00,19,0.0
2025-3-27,0:00,20,0.0
2025-3-27,0:00,21,0.0
2025-3-27,0:00,22,0.0
2025-3-27,0:00,23,0.0
2025-3-27,0:00,24,0.0
2025-3-27,6:00,1,1725.6972
2025-3-27,6:00,2,3960.941
2025-3-27,6:00,3,5304.4273
2025-3-27,6:00,4,7298.3512
2025-3-27,6:00,5,8006.5268
2025-3-27,6:00,6,8853.6051
2025-3-27,6:00,7,7250.2352
2025-3-27,6:00,8,6436.4301
2025-3-27,6:00,9,4816.3231
2025-3-27,6:00,10,3051.6862
2025-3-27,6:00,11,1420.528
2025-3-27,6:00,12,67.5204
2025-3-27,6:00,13,0.0
2025-3-27,6:00,14,0.0
2025-3-27,6:00,15,0.0
2025-3-27,6:00,16,0.0
2025-3-27,6:00,17,0.0
2025-3-27,6:00,18,0.0
2025-3-27,6:00,19,0.0
2025-3-27,6:00,20,0.0
2025-3-27,6:00,21,0.0
2025-3-27,6:00,22,0.0
2025-3-27,6:00,23,0.0
2025-3-27,6:00,24,87.2025
2025-3-27,12:00,1,7475.6289
2025-3-27,12:00,2,6800.3096
2025-3-27,12:00,3,5628.6475
2025-3-27,12:00,4,3594.082
2025-3-27,12:00,5,1722.1398
2025-3-27,12:00,6,87.0048
2025-3-27,12:00,7,0.0
2025-3-27,12:00,8,0.0
2025-3-27,12:00,9,0.0
2025-3-27,12:00,10,0.0
2025-3-27,12:00,11,0.0
2025-3-27,12:00,12,0.0
2025-3-27,12:00,13,0.0
2025-3-27,12:00,14,0.0
2025-3-27,12:00,15,0.0
2025-3-27,12:00,16,0.0
2025-3-27,12:00,17,0.0
2025-3-27,12:00,18,105.3859
2025-3-27,12:00,19,1473.7368
2025-3-27,12:00,20,3309.2949
2025-3-27,12:00,21,5171.1249
2025-3-27,12:00,22,7465.051
2025-3-27,12:00,23,8768.6625
2025-3-27,12:00,24,8974.575
2025-3-27,18:00,1,0.0
2025-3-27,18:00,2,0.0
2025-3-27,18:00,3,0.0
2025-3-27,18:00,4,0.0
2025-3-27,18:00,5,0.0
2025-3-27,18:00,6,0.0
2025-3-27,18:00,7,0.0
2025-3-27,18:00,8,0.0
2025-3-27,18:00,9,0.0
2025-3-27,18:00,10,0.0
2025-3-27,18:00,11,0.0
2025-3-27,18:00,12,96.3965
2025-3-27,18:00,13,1238.2749
2025-3-27,18:00,14,2614.1671
2025-3-27,18:00,15,3879.8094
2025-3-27,18:00,16,5023.6845
2025-3-27,18:00,17,6880.4748
2025-3-27,18:00,18,8974.575
2025-3-27,18:00,19,7787.0162
2025-3-27,18:00,20,7876.8869
2025-3-27,18:00,21,6255.8625
2025-3-27,18:00,22,4278.9452
2025-3-27,18:00,23,1768.4767
2025-3-27,18:00,24,123.4123
2025-3-28,0:00,1,0.0
2025-3-28,0:00,2,0.0
2025-3-28,0:00,3,0.0
2025-3-28,0:00,4,0.0
2025-3-28,0:00,5,0.0
2025-3-28,0:00,6,99.5306
2025-3-28,0:00,7,1532.92
2025-3-28,0:00,8,2839.5876
2025-3-28,0:00,9,4457.0265
2025-3-28,0:00,10,5569.4272
2025-3-28,0:00,11,6892.7403
2025-3-28,0:00,12,8439.6609
2025-3-28,0:00,13,8142.3184
2025-3-28,0:00,14,7914.5764
2025-3-28,0:00,15,6255.8625
2025-3-28,0:00,16,4127.9536
2025-3-28,0:00,17,1578.6515
2025-3-28,0:00,18,92.0976
2025-3-28,0:00,19,0.0
2025-3-28,0:00,20,0.0
2025-3-28,0:00,21,0.0
2025-3-28,0:00,22,0.0
2025-3-28,0:00,23,0.0
2025-3-28,0:00,24,0.0
2025-3-28,6:00,1,1687.102
2025-3-28,6:00,2,3325.2063
2025-3-28,6:00,3,5282.4753
2025-3-28,6:00,4,6930.4076
2025-3-28,6:00,5,8136.1953
2025-3-28,6:00,6,8974.575
2025-3-28,6:00,7,8693.6414
2025-3-28,6:00,8,7592.982
2025-3-28,6:00,9,5650.2209
2025-3-28,6:00,10,4058.0826
2025-3-28,6:00,11,1734.578
2025-3-28,6:00,12,110.6636
2025-3-28,6:00,13,0.0
2025-3-28,6:00,14,0.0
2025-3-28,6:00,15,0.0
2025-3-28,6:00,16,0.0
2025-3-28,6:00,17,0.0
2025-3-28,6:00,18,0.0
2025-3-28,6:00,19,0.0
2025-3-28,6:00,20,0.0
2025-3-28,6:00,21,0.0
2025-3-28,6:00,22,0.0
2025-3-28,6:00,23,0.0
2025-3-28,6:00,24,164.4616
2025-3-28,12:00,1,8100.6035
2025-3-28,12:00,2,7203.9201
2025-3-28,12:00,3,5611.1021
2025-3-28,12:00,4,3984.9178
2025-3-28,12:00,5,1688.5465
2025-3-28,12:00,6,101.2844
2025-3-28,12:00,7,0.0
2025-3-28,12:00,8,0.0
2025-3-28,12:00,9,0.0
2025-3-28,12:00,10,0.0
2025-3-28,12:00,11,0.0
2025-3-28,12:00,12,0.0
2025-3-28,12:00,13,0.0
2025-3-28,12:00,14,0.0
2025-3-28,12:00,15,0.0
2025-3-28,12:00,16,0.0
2025-3-28,12:00,17,0.0
2025-3-28,12:00,18,135.9986
2025-3-28,12:00,19,1670.7004
2025-3-28,12:00,20,3691.2953
2025-3-28,12:00,21,4808.092
2025-3-28,12:00,22,6090.5175
2025-3-28,12:00,23,8768.6625
2025-3-28,12:00,24,8974.575
2025-3-28,18:00,1,0.0
2025-3-28,18:00,2,0.0
2025-3-28,18:00,3,0.0
2025-3-28,18:00,4,0.0
2025-3-28,18:00,5,0.0
2025-3-28,18:00,6,0.0
2025-3-28,18:00,7,0.0
2025-3-28,18:00,8,0.0
2025-3-28,18:00,9,0.0
2025-3-28,18:00,10,0.0
2025-3-28,18:00,11,0.0
2025-3-28,18:00,12,130.2099
2025-3-28,18:00,13,1625.3227
2025-3-28,18:00,14,3155.4062
2025-3-28,18:00,15,4196.4323
2025-3-28,18:00,16,4226.3001
2025-3-28,18:00,17,6089.6652
2025-3-28,18:00,18,6746.5495
2025-3-28,18:00,19,8599.3378
2025-3-28,18:00,20,8125.1625
2025-3-28,18:00,21,6255.8625
2025-3-28,18:00,22,4002.9138
2025-3-28,18:00,23,2069.0887
2025-3-28,18:00,24,143.8108
2025-3-29,0:00,1,0.0
2025-3-29,0:00,2,0.0
2025-3-29,0:00,3,0.0
2025-3-29,0:00,4,0.0
2025-3-29,0:00,5,0.0
2025-3-29,0:00,6,126.2132
2025-3-29,0:00,7,1629.9508
2025-3-29,0:00,8,3850.3836
2025-3-29,0:00,9,4890.9824
2025-3-29,0:00,10,6434.914
2025-3-29,0:00,11,8022.6162
2025-3-29,0:00,12,8974.575
2025-3-29,0:00,13,8750.0286
2025-3-29,0:00,14,8125.1625
2025-3-29,0:00,15,6255.8625
2025-3-29,0:00,16,4073.6467
2025-3-29,0:00,17,2046.2531
2025-3-29,0:00,18,143.5194
2025-3-29,0:00,19,0.0
2025-3-29,0:00,20,0.0
2025-3-29,0:00,21,0.0
2025-3-29,0:00,22,0.0
2025-3-29,0:00,23,0.0
2025-3-29,0:00,24,0.0
2025-3-29,6:00,1,1796.7158
2025-3-29,6:00,2,3938.7499
2025-3-29,6:00,3,5651.6116
2025-3-29,6:00,4,6969.0885
2025-3-29,6:00,5,8678.0017
2025-3-29,6:00,6,8974.575
2025-3-29,6:00,7,9063.7279
2025-3-29,6:00,8,8125.1625
2025-3-29,6:00,9,6255.8625
2025-3-29,6:00,10,3772.6372
2025-3-29,6:00,11,1699.6149
2025-3-29,6:00,12,117.6351
2025-3-29,6:00,13,0.0
2025-3-29,6:00,14,0.0
2025-3-29,6:00,15,0.0
2025-3-29,6:00,16,0.0
2025-3-29,6:00,17,0.0
2025-3-29,6:00,18,0.0
2025-3-29,6:00,19,0.0
2025-3-29,6:00,20,0.0
2025-3-29,6:00,21,0.0
2025-3-29,6:00,22,0.0
2025-3-29,6:00,23,0.0
2025-3-29,6:00,24,144.5005
2025-3-29,12:00,1,8367.9577
2025-3-29,12:00,2,7900.8853
2025-3-29,12:00,3,6120.2871
2025-3-29,12:00,4,3602.1085
2025-3-29,12:00,5,1787.5463
2025-3-29,12:00,6,139.7233
2025-3-29,12:00,7,0.0
2025-3-29,12:00,8,0.0
2025-3-29,12:00,9,0.0
2025-3-29,12:00,10,0.0
2025-3-29,12:00,11,0.0
2025-3-29,12:00,12,0.0
2025-3-29,12:00,13,0.0
2025-3-29,12:00,14,0.0
2025-3-29,12:00,15,0.0
2025-3-29,12:00,16,0.0
2025-3-29,12:00,17,0.0
2025-3-29,12:00,18,169.6352
2025-3-29,12:00,19,2390.8246
2025-3-29,12:00,20,4296.6375
2025-3-29,12:00,21,6135.375
2025-3-29,12:00,22,7915.9125
2025-3-29,12:00,23,8768.6625
2025-3-29,12:00,24,8974.575
2025-3-29,18:00,1,0.0
2025-3-29,18:00,2,0.0
2025-3-29,18:00,3,0.0
2025-3-29,18:00,4,0.0
2025-3-29,18:00,5,0.0
2025-3-29,18:00,6,0.0
2025-3-29,18:00,7,0.0
2025-3-29,18:00,8,0.0
2025-3-29,18:00,9,0.0
2025-3-29,18:00,10,0.0
2025-3-29,18:00,11,0.0
2025-3-29,18:00,12,154.423
2025-3-29,18:00,13,2067.9976
2025-3-29,18:00,14,3647.3459
2025-3-29,18:00,15,5387.8468
2025-3-29,18:00,16,6880.06
2025-3-29,18:00,17,8565.6736
2025-3-29,18:00,18,7838.3566
2025-3-29,18:00,19,9098.625
2025-3-29,18:00,20,8125.1625
2025-3-29,18:00,21,6255.8625
2025-3-29,18:00,22,3895.0468
2025-3-29,18:00,23,2093.2333
2025-3-29,18:00,24,142.5496
2025-3-30,0:00,1,0.0
2025-3-30,0:00,2,0.0
2025-3-30,0:00,3,0.0
2025-3-30,0:00,4,0.0
2025-3-30,0:00,5,0.0
2025-3-30,0:00,6,158.2357
2025-3-30,0:00,7,2274.1535
2025-3-30,0:00,8,3918.2456
2025-3-30,0:00,9,4777.7647
2025-3-30,0:00,10,6047.3677
2025-3-30,0:00,11,6972.9912
2025-3-30,0:00,12,6951.6683
2025-3-30,0:00,13,7538.5639
2025-3-30,0:00,14,7037.8067
2025-3-30,0:00,15,5352.6328
2025-3-30,0:00,16,3552.1544
2025-3-30,0:00,17,1711.583
2025-3-30,0:00,18,155.8162
2025-3-30,0:00,19,0.0
2025-3-30,0:00,20,0.0
2025-3-30,0:00,21,0.0
2025-3-30,0:00,22,0.0
2025-3-30,0:00,23,0.0
2025-3-30,0:00,24,0.0
2025-3-30,6:00,1,2013.1694
2025-3-30,6:00,2,3835.6923
2025-3-30,6:00,3,5381.296
2025-3-30,6:00,4,7327.4292
2025-3-30,6:00,5,8575.025
2025-3-30,6:00,6,8749.9259
2025-3-30,6:00,7,8994.9907
2025-3-30,6:00,8,7118.5223
2025-3-30,6:00,9,5485.6386
2025-3-30,6:00,10,3957.6324
2025-3-30,6:00,11,2053.2264
2025-3-30,6:00,12,148.2344
2025-3-30,6:00,13,0.0
2025-3-30,6:00,14,0.0
2025-3-30,6:00,15,0.0
2025-3-30,6:00,16,0.0
2025-3-30,6:00,17,0.0
2025-3-30,6:00,18,0.0
2025-3-30,6:00,19,0.0
2025-3-30,6:00,20,0.0
2025-3-30,6:00,21,0.0
2025-3-30,6:00,22,0.0
2025-3-30,6:00,23,0.0
2025-3-30,6:00,24,276.3728
2025-3-30,12:00,1,8696.7034
2025-3-30,12:00,2,7440.7106
2025-3-30,12:00,3,5764.6394
2025-3-30,12:00,4,4203.3799
2025-3-30,12:00,5,2030.1915
2025-3-30,12:00,6,164.7639
2025-3-30,12:00,7,0.0
2025-3-30,12:00,8,0.0
2025-3-30,12:00,9,0.0
2025-3-30,12:00,10,0.0
2025-3-30,12:00,11,0.0
2025-3-30,12:00,12,0.0
2025-3-30,12:00,13,0.0
2025-3-30,12:00,14,0.0
2025-3-30,12:00,15,0.0
2025-3-30,12:00,16,0.0
2025-3-30,12:00,17,0.0
2025-3-30,12:00,18,159.2215
2025-3-30,12:00,19,1720.0865
2025-3-30,12:00,20,2862.2049
2025-3-30,12:00,21,2918.929
2025-3-30,12:00,22,3941.8892
2025-3-30,12:00,23,4758.4019
2025-3-30,12:00,24,3360.392
2025-3-30,18:00,1,0.0
2025-3-30,18:00,2,0.0
2025-3-30,18:00,3,0.0
2025-3-30,18:00,4,0.0
2025-3-30,18:00,5,0.0
2025-3-30,18:00,6,0.0
2025-3-30,18:00,7,0.0
2025-3-30,18:00,8,0.0
2025-3-30,18:00,9,0.0
2025-3-30,18:00,10,0.0
2025-3-30,18:00,11,0.0
2025-3-30,18:00,12,166.3275
2025-3-30,18:00,13,1720.4187
2025-3-30,18:00,14,3496.3779
2025-3-30,18:00,15,5749.6623
2025-3-30,18:00,16,6604.1384
2025-3-30,18:00,17,7185.9676
2025-3-30,18:00,18,8150.1322
2025-3-30,18:00,19,7763.576
2025-3-30,18:00,20,6398.457
2025-3-30,18:00,21,4961.5991
2025-3-30,18:00,22,4260.8655
2025-3-30,18:00,23,1971.1479
2025-3-30,18:00,24,162.6831
2025-3-31,0:00,1,0.0
2025-3-31,0:00,2,0.0
2025-3-31,0:00,3,0.0
2025-3-31,0:00,4,0.0
2025-3-31,0:00,5,0.0
2025-3-31,0:00,6,183.0874
2025-3-31,0:00,7,2125.3816
2025-3-31,0:00,8,4235.2213
2025-3-31,0:00,9,6302.6154
2025-3-31,0:00,10,7720.561
2025-3-31,0:00,11,8872.8
2025-3-31,0:00,12,9025.275
2025-3-31,0:00,13,8099.5004
2025-3-31,0:00,14,7318.0388
2025-3-31,0:00,15,5643.4244
2025-3-31,0:00,16,3793.5581
2025-3-31,0:00,17,1653.8323
2025-3-31,0:00,18,159.7266
2025-3-31,0:00,19,0.0
2025-3-31,0:00,20,0.0
2025-3-31,0:00,21,0.0
2025-3-31,0:00,22,0.0
2025-3-31,0:00,23,0.0
2025-3-31,0:00,24,0.0
2025-3-31,6:00,1,1972.2276
2025-3-31,6:00,2,4025.7244
2025-3-31,6:00,3,6071.8812
2025-3-31,6:00,4,7142.4487
2025-3-31,6:00,5,8404.6163
2025-3-31,6:00,6,8161.508
2025-3-31,6:00,7,6984.8927
2025-3-31,6:00,8,5557.5188
2025-3-31,6:00,9,4241.6666
2025-3-31,6:00,10,3047.4728
2025-3-31,6:00,11,1503.1091
2025-3-31,6:00,12,130.4231
2025-3-31,6:00,13,0.0
2025-3-31,6:00,14,0.0
2025-3-31,6:00,15,0.0
2025-3-31,6:00,16,0.0
2025-3-31,6:00,17,0.0
2025-3-31,6:00,18,0.0
2025-3-31,6:00,19,0.0
2025-3-31,6:00,20,0.0
2025-3-31,6:00,21,0.0
2025-3-31,6:00,22,0.0
2025-3-31,6:00,23,0.0
2025-3-31,6:00,24,216.5432
2025-3-31,12:00,1,7354.417
2025-3-31,12:00,2,6420.5809
2025-3-31,12:00,3,5374.7739
2025-3-31,12:00,4,3926.4147
2025-3-31,12:00,5,1799.3802
2025-3-31,12:00,6,150.2099
2025-3-31,12:00,7,0.0
2025-3-31,12:00,8,0.0
2025-3-31,12:00,9,0.0
2025-3-31,12:00,10,0.0
2025-3-31,12:00,11,0.0
2025-3-31,12:00,12,0.0
2025-3-31,12:00,13,0.0
2025-3-31,12:00,14,0.0
2025-3-31,12:00,15,0.0
2025-3-31,12:00,16,0.0
2025-3-31,12:00,17,0.0
2025-3-31,12:00,18,234.6872
2025-3-31,12:00,19,2462.3625
2025-3-31,12:00,20,4296.6375
2025-3-31,12:00,21,6675.2625
2025-3-31,12:00,22,7792.604
2025-3-31,12:00,23,8872.8
2025-3-31,12:00,24,8672.8234
2025-3-31,18:00,1,0.0
2025-3-31,18:00,2,0.0
2025-3-31,18:00,3,0.0
2025-3-31,18:00,4,0.0
2025-3-31,18:00,5,0.0
2025-3-31,18:00,6,0.0
2025-3-31,18:00,7,0.0
2025-3-31,18:00,8,0.0
2025-3-31,18:00,9,0.0
2025-3-31,18:00,10,0.0
2025-3-31,18:00,11,0.0
2025-3-31,18:00,12,209.0651
2025-3-31,18:00,13,2003.1526
2025-3-31,18:00,14,4296.6375
2025-3-31,18:00,15,6357.659
2025-3-31,18:00,16,7576.0197
2025-3-31,18:00,17,7720.7881
2025-3-31,18:00,18,7979.8934
2025-3-31,18:00,19,7140.7067
2025-3-31,18:00,20,8125.1625
2025-3-31,18:00,21,6255.8625
2025-3-31,18:00,22,4481.9625
2025-3-31,18:00,23,2412.4854
2025-3-31,18:00,24,302.2048
2025-4-1,0:00,1,0.0
2025-4-1,0:00,2,0.0
2025-4-1,0:00,3,0.0
2025-4-1,0:00,4,0.0
2025-4-1,0:00,5,0.0
2025-4-1,0:00,6,207.5384
2025-4-1,0:00,7,2031.3438
2025-4-1,0:00,8,3989.1199
2025-4-1,0:00,9,5413.6097
2025-4-1,0:00,10,5508.4618
2025-4-1,0:00,11,5674.5579
2025-4-1,0:00,12,5633.2207
2025-4-1,0:00,13,5730.3706
2025-4-1,0:00,14,6737.8032
2025-4-1,0:00,15,5836.4182
2025-4-1,0:00,16,3817.312
2025-4-1,0:00,17,1763.6894
2025-4-1,0:00,18,160.1502
2025-4-1,0:00,19,0.0
2025-4-1,0:00,20,0.0
2025-4-1,0:00,21,0.0
2025-4-1,0:00,22,0.0
2025-4-1,0:00,23,0.0
2025-4-1,0:00,24,0.0
2025-4-1,6:00,1,2036.5532
2025-4-1,6:00,2,4126.3477
2025-4-1,6:00,3,5798.1076
2025-4-1,6:00,4,6235.0859
2025-4-1,6:00,5,7008.8655
2025-4-1,6:00,6,6489.7364
2025-4-1,6:00,7,6472.4976
2025-4-1,6:00,8,6056.3994
2025-4-1,6:00,9,5191.366
2025-4-1,6:00,10,3557.5316
2025-4-1,6:00,11,1822.8312
2025-4-1,6:00,12,188.1191
2025-4-1,6:00,13,0.0
2025-4-1,6:00,14,0.0
2025-4-1,6:00,15,0.0
2025-4-1,6:00,16,0.0
2025-4-1,6:00,17,0.0
2025-4-1,6:00,18,0.0
2025-4-1,6:00,19,0.0
2025-4-1,6:00,20,0.0
2025-4-1,6:00,21,0.0
2025-4-1,6:00,22,0.0
2025-4-1,6:00,23,0.0
2025-4-1,6:00,24,203.9176
2025-4-1,12:00,1,6820.5917
2025-4-1,12:00,2,6749.519
2025-4-1,12:00,3,5528.6519
2025-4-1,12:00,4,3637.9473
2025-4-1,12:00,5,1829.0046
2025-4-1,12:00,6,192.9985
2025-4-1,12:00,7,0.0
2025-4-1,12:00,8,0.0
2025-4-1,12:00,9,0.0
2025-4-1,12:00,10,0.0
2025-4-1,12:00,11,0.0
2025-4-1,12:00,12,0.0
2025-4-1,12:00,13,0.0
2025-4-1,12:00,14,0.0
2025-4-1,12:00,15,0.0
2025-4-1,12:00,16,0.0
2025-4-1,12:00,17,0.0
2025-4-1,12:00,18,188.0084
2025-4-1,12:00,19,2000.8882
2025-4-1,12:00,20,3403.0089
2025-4-1,12:00,21,5211.6479
2025-4-1,12:00,22,7226.2864
2025-4-1,12:00,23,8872.8
2025-4-1,12:00,24,9025.275
2025-4-1,18:00,1,0.0
2025-4-1,18:00,2,0.0
2025-4-1,18:00,3,0.0
2025-4-1,18:00,4,0.0
2025-4-1,18:00,5,0.0
2025-4-1,18:00,6,0.0
2025-4-1,18:00,7,0.0
2025-4-1,18:00,8,0.0
2025-4-1,18:00,9,0.0
2025-4-1,18:00,10,0.0
2025-4-1,18:00,11,0.0
2025-4-1,18:00,12,180.5046
2025-4-1,18:00,13,1822.817
2025-4-1,18:00,14,2979.2126
2025-4-1,18:00,15,4234.8112
2025-4-1,18:00,16,3526.5849
2025-4-1,18:00,17,4841.3894
2025-4-1,18:00,18,4493.3566
2025-4-1,18:00,19,4105.4089
2025-4-1,18:00,20,4273.3607
2025-4-1,18:00,21,3701.3371
2025-4-1,18:00,22,3464.4467
2025-4-1,18:00,23,1711.1691
2025-4-1,18:00,24,200.1324
2025-4-2,0:00,1,0.0
2025-4-2,0:00,2,0.0
2025-4-2,0:00,3,0.0
2025-4-2,0:00,4,0.0
2025-4-2,0:00,5,0.0
2025-4-2,0:00,6,194.554
2025-4-2,0:00,7,1964.4813
2025-4-2,0:00,8,3300.0341
2025-4-2,0:00,9,4756.2845
2025-4-2,0:00,10,4605.6556
2025-4-2,0:00,11,6502.7332
2025-4-2,0:00,12,7092.0212
2025-4-2,0:00,13,7331.7701
2025-4-2,0:00,14,7388.3461
2025-4-2,0:00,15,6255.8625
2025-4-2,0:00,16,4481.9625
2025-4-2,0:00,17,2081.9585
2025-4-2,0:00,18,246.5309
2025-4-2,0:00,19,0.0
2025-4-2,0:00,20,0.0
2025-4-2,0:00,21,0.0
2025-4-2,0:00,22,0.0
2025-4-2,0:00,23,0.0
2025-4-2,0:00,24,0.0
2025-4-2,6:00,1,1951.8735
2025-4-2,6:00,2,3195.7451
2025-4-2,6:00,3,4841.378
2025-4-2,6:00,4,5325.3598
2025-4-2,6:00,5,6909.0888
2025-4-2,6:00,6,7239.958
2025-4-2,6:00,7,6948.539
2025-4-2,6:00,8,6758.3822
2025-4-2,6:00,9,5792.5133
2025-4-2,6:00,10,3888.2942
2025-4-2,6:00,11,1908.0785
2025-4-2,6:00,12,204.425
2025-4-2,6:00,13,0.0
2025-4-2,6:00,14,0.0
2025-4-2,6:00,15,0.0
2025-4-2,6:00,16,0.0
2025-4-2,6:00,17,0.0
2025-4-2,6:00,18,0.0
2025-4-2,6:00,19,0.0
2025-4-2,6:00,20,0.0
2025-4-2,6:00,21,0.0
2025-4-2,6:00,22,0.0
2025-4-2,6:00,23,0.0
2025-4-2,6:00,24,189.3742
2025-4-2,12:00,1,7059.7836
2025-4-2,12:00,2,7026.2988
2025-4-2,12:00,3,5897.4929
2025-4-2,12:00,4,4465.2943
2025-4-2,12:00,5,2164.6309
2025-4-2,12:00,6,242.5804
2025-4-2,12:00,7,0.0
2025-4-2,12:00,8,0.0
2025-4-2,12:00,9,0.0
2025-4-2,12:00,10,0.0
2025-4-2,12:00,11,0.0
2025-4-2,12:00,12,0.0
2025-4-2,12:00,13,0.0
2025-4-2,12:00,14,0.0
2025-4-2,12:00,15,0.0
2025-4-2,12:00,16,0.0
2025-4-2,12:00,17,0.0
2025-4-2,12:00,18,220.4348
2025-4-2,12:00,19,1792.3186
2025-4-2,12:00,20,3805.541
2025-4-2,12:00,21,5993.1612
2025-4-2,12:00,22,7968.2055
2025-4-2,12:00,23,8872.8
2025-4-2,12:00,24,9025.275
2025-4-2,18:00,1,0.0
2025-4-2,18:00,2,0.0
2025-4-2,18:00,3,0.0
2025-4-2,18:00,4,0.0
2025-4-2,18:00,5,0.0
2025-4-2,18:00,6,0.0
2025-4-2,18:00,7,0.0
2025-4-2,18:00,8,0.0
2025-4-2,18:00,9,0.0
2025-4-2,18:00,10,0.0
2025-4-2,18:00,11,0.0
2025-4-2,18:00,12,233.6746
2025-4-2,18:00,13,1773.0269
2025-4-2,18:00,14,3512.7562
2025-4-2,18:00,15,5594.9463
2025-4-2,18:00,16,8260.9875
2025-4-2,18:00,17,8872.8
2025-4-2,18:00,18,9025.275
2025-4-2,18:00,19,9098.625
2025-4-2,18:00,20,6743.3601
2025-4-2,18:00,21,5894.2795
2025-4-2,18:00,22,3504.9102
2025-4-2,18:00,23,1769.5129
2025-4-2,18:00,24,266.169
2025-4-3,0:00,1,0.0
2025-4-3,0:00,2,0.0
2025-4-3,0:00,3,0.0
2025-4-3,0:00,4,0.0
2025-4-3,0:00,5,0.0
2025-4-3,0:00,6,206.058
2025-4-3,0:00,7,1773.2064
2025-4-3,0:00,8,3180.9327
2025-4-3,0:00,9,4458.2687
2025-4-3,0:00,10,6311.4409
2025-4-3,0:00,11,8032.0945
2025-4-3,0:00,12,7926.3275
2025-4-3,0:00,13,7831.2887
2025-4-3,0:00,14,5898.6141
2025-4-3,0:00,15,5095.7849
2025-4-3,0:00,16,2798.0589
2025-4-3,0:00,17,1520.8055
2025-4-3,0:00,18,197.163
2025-4-3,0:00,19,0.0
2025-4-3,0:00,20,0.0
2025-4-3,0:00,21,0.0
2025-4-3,0:00,22,0.0
2025-4-3,0:00,23,0.0
2025-4-3,0:00,24,0.0
2025-4-3,6:00,1,1843.5047
2025-4-3,6:00,2,3394.304
2025-4-3,6:00,3,5073.3138
2025-4-3,6:00,4,7283.9268
2025-4-3,6:00,5,8184.6509
2025-4-3,6:00,6,8236.8527
2025-4-3,6:00,7,8742.8045
2025-4-3,6:00,8,6393.6594
2025-4-3,6:00,9,5759.9182
2025-4-3,6:00,10,3894.0775
2025-4-3,6:00,11,1972.5236
2025-4-3,6:00,12,240.4557
2025-4-3,6:00,13,0.0
2025-4-3,6:00,14,0.0
2025-4-3,6:00,15,0.0
2025-4-3,6:00,16,0.0
2025-4-3,6:00,17,0.0
2025-4-3,6:00,18,0.0
2025-4-3,6:00,19,0.0
2025-4-3,6:00,20,0.0
2025-4-3,6:00,21,0.0
2025-4-3,6:00,22,0.0
2025-4-3,6:00,23,0.0
2025-4-3,6:00,24,239.769
2025-4-3,12:00,1,8766.7916
2025-4-3,12:00,2,6380.6879
2025-4-3,12:00,3,5538.5692
2025-4-3,12:00,4,3709.0206
2025-4-3,12:00,5,1870.1478
2025-4-3,12:00,6,235.3875
2025-4-3,12:00,7,0.0
2025-4-3,12:00,8,0.0
2025-4-3,12:00,9,0.0
2025-4-3,12:00,10,0.0
2025-4-3,12:00,11,0.0
2025-4-3,12:00,12,0.0
2025-4-3,12:00,13,0.0
2025-4-3,12:00,14,0.0
2025-4-3,12:00,15,0.0
2025-4-3,12:00,16,0.0
2025-4-3,12:00,17,0.0
2025-4-3,12:00,18,279.9215
2025-4-3,12:00,19,1874.7376
2025-4-3,12:00,20,3464.7089
2025-4-3,12:00,21,5935.3778
2025-4-3,12:00,22,7095.1425
2025-4-3,12:00,23,7770.0162
2025-4-3,12:00,24,9025.275
2025-4-3,18:00,1,0.0
2025-4-3,18:00,2,0.0
2025-4-3,18:00,3,0.0
2025-4-3,18:00,4,0.0
2025-4-3,18:00,5,0.0
2025-4-3,18:00,6,0.0
2025-4-3,18:00,7,0.0
2025-4-3,18:00,8,0.0
2025-4-3,18:00,9,0.0
2025-4-3,18:00,10,0.0
2025-4-3,18:00,11,0.0
2025-4-3,18:00,12,275.8121
2025-4-3,18:00,13,1979.0233
2025-4-3,18:00,14,3924.5217
2025-4-3,18:00,15,5610.4073
2025-4-3,18:00,16,8260.9875
2025-4-3,18:00,17,8872.8
2025-4-3,18:00,18,9025.275
2025-4-3,18:00,19,9098.625
2025-4-3,18:00,20,8230.4625
2025-4-3,18:00,21,6255.8625
2025-4-3,18:00,22,4481.9625
2025-4-3,18:00,23,2270.4283
2025-4-3,18:00,24,323.7282
2025-4-4,0:00,1,0.0
2025-4-4,0:00,2,0.0
2025-4-4,0:00,3,0.0
2025-4-4,0:00,4,0.0
2025-4-4,0:00,5,0.0
2025-4-4,0:00,6,261.0242
2025-4-4,0:00,7,1891.7416
2025-4-4,0:00,8,3759.0319
2025-4-4,0:00,9,5012.1731
2025-4-4,0:00,10,6495.5214
2025-4-4,0:00,11,8219.1388
2025-4-4,0:00,12,8568.6238
2025-4-4,0:00,13,9098.625
2025-4-4,0:00,14,8230.4625
2025-4-4,0:00,15,6255.8625
2025-4-4,0:00,16,3966.0689
2025-4-4,0:00,17,2091.5184
2025-4-4,0:00,18,273.9721
2025-4-4,0:00,19,0.0
2025-4-4,0:00,20,0.0
2025-4-4,0:00,21,0.0
2025-4-4,0:00,22,0.0
2025-4-4,0:00,23,0.0
2025-4-4,0:00,24,0.0
2025-4-4,6:00,1,1970.3005
2025-4-4,6:00,2,3895.0006
2025-4-4,6:00,3,5585.3507
2025-4-4,6:00,4,7473.0921
2025-4-4,6:00,5,8872.8
2025-4-4,6:00,6,9025.275
2025-4-4,6:00,7,9098.625
2025-4-4,6:00,8,8230.4625
2025-4-4,6:00,9,6255.8625
2025-4-4,6:00,10,4481.9625
2025-4-4,6:00,11,2307.7878
2025-4-4,6:00,12,335.3615
2025-4-4,6:00,13,0.0
2025-4-4,6:00,14,0.0
2025-4-4,6:00,15,0.0
2025-4-4,6:00,16,0.0
2025-4-4,6:00,17,0.0
2025-4-4,6:00,18,0.0
2025-4-4,6:00,19,0.0
2025-4-4,6:00,20,0.0
2025-4-4,6:00,21,0.0
2025-4-4,6:00,22,0.0
2025-4-4,6:00,23,0.0
2025-4-4,6:00,24,398.2759
2025-4-4,12:00,1,8756.6851
2025-4-4,12:00,2,7864.2202
2025-4-4,12:00,3,6168.7475
2025-4-4,12:00,4,4011.4756
2025-4-4,12:00,5,2010.2063
2025-4-4,12:00,6,294.3461
2025-4-4,12:00,7,0.0
2025-4-4,12:00,8,0.0
2025-4-4,12:00,9,0.0
2025-4-4,12:00,10,0.0
2025-4-4,12:00,11,0.0
2025-4-4,12:00,12,0.0
2025-4-4,12:00,13,0.0
2025-4-4,12:00,14,0.0
2025-4-4,12:00,15,0.0
2025-4-4,12:00,16,0.0
2025-4-4,12:00,17,0.0
2025-4-4,12:00,18,325.8145
2025-4-4,12:00,19,2081.1758
2025-4-4,12:00,20,3222.6937
2025-4-4,12:00,21,4310.7238
2025-4-4,12:00,22,5082.0552
2025-4-4,12:00,23,4438.2666
2025-4-4,12:00,24,5338.2219
2025-4-4,18:00,1,0.0
2025-4-4,18:00,2,0.0
2025-4-4,18:00,3,0.0
2025-4-4,18:00,4,0.0
2025-4-4,18:00,5,0.0
2025-4-4,18:00,6,0.0
2025-4-4,18:00,7,0.0
2025-4-4,18:00,8,0.0
2025-4-4,18:00,9,0.0
2025-4-4,18:00,10,0.0
2025-4-4,18:00,11,0.0
2025-4-4,18:00,12,302.8548
2025-4-4,18:00,13,2097.6422
2025-4-4,18:00,14,4016.3809
2025-4-4,18:00,15,4909.8145
2025-4-4,18:00,16,5500.9442
2025-4-4,18:00,17,5015.3517
2025-4-4,18:00,18,6118.7959
2025-4-4,18:00,19,6745.3429
2025-4-4,18:00,20,5298.5714
2025-4-4,18:00,21,4178.5361
2025-4-4,18:00,22,3098.965
2025-4-4,18:00,23,1676.6136
2025-4-4,18:00,24,190.5184
2025-4-5,0:00,1,0.0
2025-4-5,0:00,2,0.0
2025-4-5,0:00,3,0.0
2025-4-5,0:00,4,0.0
2025-4-5,0:00,5,0.0
2025-4-5,0:00,6,313.9234
2025-4-5,0:00,7,2197.2841
2025-4-5,0:00,8,4105.2009
2025-4-5,0:00,9,5519.9865
2025-4-5,0:00,10,6182.5767
2025-4-5,0:00,11,6830.6002
2025-4-5,0:00,12,8102.811
2025-4-5,0:00,13,8815.0852
2025-4-5,0:00,14,8052.2199
2025-4-5,0:00,15,6387.6375
2025-4-5,0:00,16,4154.3379
2025-4-5,0:00,17,2191.1948
2025-4-5,0:00,18,283.9802
2025-4-5,0:00,19,0.0
2025-4-5,0:00,20,0.0
2025-4-5,0:00,21,0.0
2025-4-5,0:00,22,0.0
2025-4-5,0:00,23,0.0
2025-4-5,0:00,24,0.0
2025-4-5,6:00,1,2081.6369
2025-4-5,6:00,2,4003.9715
2025-4-5,6:00,3,5532.6431
2025-4-5,6:00,4,6746.9014
2025-4-5,6:00,5,7284.0976
2025-4-5,6:00,6,9025.275
2025-4-5,6:00,7,8706.692
2025-4-5,6:00,8,7294.6498
2025-4-5,6:00,9,5733.6086
2025-4-5,6:00,10,4001.7531
2025-4-5,6:00,11,2207.378
2025-4-5,6:00,12,316.8042
2025-4-5,6:00,13,0.0
2025-4-5,6:00,14,0.0
2025-4-5,6:00,15,0.0
2025-4-5,6:00,16,0.0
2025-4-5,6:00,17,0.0
2025-4-5,6:00,18,0.0
2025-4-5,6:00,19,0.0
2025-4-5,6:00,20,0.0
2025-4-5,6:00,21,0.0
2025-4-5,6:00,22,0.0
2025-4-5,6:00,23,0.0
2025-4-5,6:00,24,339.8784
2025-4-5,12:00,1,8423.5816
2025-4-5,12:00,2,7314.2575
2025-4-5,12:00,3,5657.1093
2025-4-5,12:00,4,3915.0479
2025-4-5,12:00,5,2134.6785
2025-4-5,12:00,6,315.1706
2025-4-5,12:00,7,0.0
2025-4-5,12:00,8,0.0
2025-4-5,12:00,9,0.0
2025-4-5,12:00,10,0.0
2025-4-5,12:00,11,0.0
2025-4-5,12:00,12,0.0
2025-4-5,12:00,13,0.0
2025-4-5,12:00,14,0.0
2025-4-5,12:00,15,0.0
2025-4-5,12:00,16,0.0
2025-4-5,12:00,17,0.0
2025-4-5,12:00,18,197.1468
2025-4-5,12:00,19,1303.644
2025-4-5,12:00,20,2249.1217
2025-4-5,12:00,21,2161.0445
2025-4-5,12:00,22,3259.3802
2025-4-5,12:00,23,3596.6453
2025-4-5,12:00,24,3502.8006
2025-4-5,18:00,1,0.0
2025-4-5,18:00,2,0.0
2025-4-5,18:00,3,0.0
2025-4-5,18:00,4,0.0
2025-4-5,18:00,5,0.0
2025-4-5,18:00,6,0.0
2025-4-5,18:00,7,0.0
2025-4-5,18:00,8,0.0
2025-4-5,18:00,9,0.0
2025-4-5,18:00,10,0.0
2025-4-5,18:00,11,0.0
2025-4-5,18:00,12,336.0006
2025-4-5,18:00,13,2097.1441
2025-4-5,18:00,14,3872.8614
2025-4-5,18:00,15,5603.8666
2025-4-5,18:00,16,6963.0189
2025-4-5,18:00,17,8555.4416
2025-4-5,18:00,18,8509.2233
2025-4-5,18:00,19,9257.9331
2025-4-5,18:00,20,6814.5848
2025-4-5,18:00,21,5179.4481
2025-4-5,18:00,22,3505.4629
2025-4-5,18:00,23,1814.3304
2025-4-5,18:00,24,272.2694
2025-4-6,0:00,1,0.0
2025-4-6,0:00,2,0.0
2025-4-6,0:00,3,0.0
2025-4-6,0:00,4,0.0
2025-4-6,0:00,5,0.0
2025-4-6,0:00,6,314.572
2025-4-6,0:00,7,1895.575
2025-4-6,0:00,8,3645.9565
2025-4-6,0:00,9,5660.6033
2025-4-6,0:00,10,6772.3392
2025-4-6,0:00,11,7191.4926
2025-4-6,0:00,12,6966.6833
2025-4-6,0:00,13,7930.1943
2025-4-6,0:00,14,6227.1822
2025-4-6,0:00,15,5430.8221
2025-4-6,0:00,16,3928.8826
2025-4-6,0:00,17,2407.879
2025-4-6,0:00,18,339.6103
2025-4-6,0:00,19,0.0
2025-4-6,0:00,20,0.0
2025-4-6,0:00,21,0.0
2025-4-6,0:00,22,0.0
2025-4-6,0:00,23,0.0
2025-4-6,0:00,24,0.0
2025-4-6,6:00,1,1972.649
2025-4-6,6:00,2,3699.4504
2025-4-6,6:00,3,5598.6615
2025-4-6,6:00,4,7203.4709
2025-4-6,6:00,5,8091.6321
2025-4-6,6:00,6,8376.907
2025-4-6,6:00,7,9060.1375
2025-4-6,6:00,8,7471.31
2025-4-6,6:00,9,5682.1558
2025-4-6,6:00,10,4162.503
2025-4-6,6:00,11,2163.7822
2025-4-6,6:00,12,282.6948
2025-4-6,6:00,13,0.0
2025-4-6,6:00,14,0.0
2025-4-6,6:00,15,0.0
2025-4-6,6:00,16,0.0
2025-4-6,6:00,17,0.0
2025-4-6,6:00,18,0.0
2025-4-6,6:00,19,0.0
2025-4-6,6:00,20,0.0
2025-4-6,6:00,21,0.0
2025-4-6,6:00,22,0.0
2025-4-6,6:00,23,0.0
2025-4-6,6:00,24,280.9832
2025-4-6,12:00,1,8624.586
2025-4-6,12:00,2,7018.6952
2025-4-6,12:00,3,5436.1723
2025-4-6,12:00,4,3713.2288
2025-4-6,12:00,5,1932.3499
2025-4-6,12:00,6,276.113
2025-4-6,12:00,7,0.0
2025-4-6,12:00,8,0.0
2025-4-6,12:00,9,0.0
2025-4-6,12:00,10,0.0
2025-4-6,12:00,11,0.0
2025-4-6,12:00,12,0.0
2025-4-6,12:00,13,0.0
2025-4-6,12:00,14,0.0
2025-4-6,12:00,15,0.0
2025-4-6,12:00,16,0.0
2025-4-6,12:00,17,0.0
2025-4-6,12:00,18,405.7771
2025-4-6,12:00,19,2198.3953
2025-4-6,12:00,20,4288.887
2025-4-6,12:00,21,6292.243
2025-4-6,12:00,22,8064.3959
2025-4-6,12:00,23,8196.9297
2025-4-6,12:00,24,8173.3795
2025-4-6,18:00,1,0.0
2025-4-6,18:00,2,0.0
2025-4-6,18:00,3,0.0
2025-4-6,18:00,4,0.0
2025-4-6,18:00,5,0.0
2025-4-6,18:00,6,0.0
2025-4-6,18:00,7,0.0
2025-4-6,18:00,8,0.0
2025-4-6,18:00,9,0.0
2025-4-6,18:00,10,0.0
2025-4-6,18:00,11,0.0
2025-4-6,18:00,12,357.4096
2025-4-6,18:00,13,2086.6105
2025-4-6,18:00,14,4425.9908
2025-4-6,18:00,15,6675.2625
2025-4-6,18:00,16,8260.9875
2025-4-6,18:00,17,8872.8
2025-4-6,18:00,18,9120.5625
2025-4-6,18:00,19,8173.8232
2025-4-6,18:00,20,7225.1722
2025-4-6,18:00,21,5797.2511
2025-4-6,18:00,22,3972.301
2025-4-6,18:00,23,2027.0965
2025-4-6,18:00,24,271.0021
2025-4-7,0:00,1,0.0
2025-4-7,0:00,2,0.0
2025-4-7,0:00,3,0.0
2025-4-7,0:00,4,0.0
2025-4-7,0:00,5,0.0
2025-4-7,0:00,6,367.4629
2025-4-7,0:00,7,1974.8811
2025-4-7,0:00,8,3701.3754
2025-4-7,0:00,9,5806.1291
2025-4-7,0:00,10,7477.7481
2025-4-7,0:00,11,8435.6934
2025-4-7,0:00,12,8487.8912
2025-4-7,0:00,13,7990.9893
2025-4-7,0:00,14,8230.4625
2025-4-7,0:00,15,6387.6375
2025-4-7,0:00,16,4585.275
2025-4-7,0:00,17,2475.8664
2025-4-7,0:00,18,313.4846
2025-4-7,0:00,19,0.0
2025-4-7,0:00,20,0.0
2025-4-7,0:00,21,0.0
2025-4-7,0:00,22,0.0
2025-4-7,0:00,23,0.0
2025-4-7,0:00,24,0.0
2025-4-7,6:00,1,2190.8662
2025-4-7,6:00,2,3942.3337
2025-4-7,6:00,3,6322.3908
2025-4-7,6:00,4,8243.9815
2025-4-7,6:00,5,8872.8
2025-4-7,6:00,6,7917.4499
2025-4-7,6:00,7,7227.8934
2025-4-7,6:00,8,6776.9186
2025-4-7,6:00,9,5200.2044
2025-4-7,6:00,10,3746.7618
2025-4-7,6:00,11,2116.8653
2025-4-7,6:00,12,263.1481
2025-4-7,6:00,13,0.0
2025-4-7,6:00,14,0.0
2025-4-7,6:00,15,0.0
2025-4-7,6:00,16,0.0
2025-4-7,6:00,17,0.0
2025-4-7,6:00,18,0.0
2025-4-7,6:00,19,0.0
2025-4-7,6:00,20,0.0
2025-4-7,6:00,21,0.0
2025-4-7,6:00,22,0.0
2025-4-7,6:00,23,0.0
2025-4-7,6:00,24,329.7926
2025-4-7,12:00,1,7259.1302
2025-4-7,12:00,2,7108.4353
2025-4-7,12:00,3,5422.8153
2025-4-7,12:00,4,4070.3048
2025-4-7,12:00,5,2249.926
2025-4-7,12:00,6,318.8057
2025-4-7,12:00,7,0.0
2025-4-7,12:00,8,0.0
2025-4-7,12:00,9,0.0
2025-4-7,12:00,10,0.0
2025-4-7,12:00,11,0.0
2025-4-7,12:00,12,0.0
2025-4-7,12:00,13,0.0
2025-4-7,12:00,14,0.0
2025-4-7,12:00,15,0.0
2025-4-7,12:00,16,0.0
2025-4-7,12:00,17,0.0
2025-4-7,12:00,18,430.9689
2025-4-7,12:00,19,2148.3371
2025-4-7,12:00,20,3694.0728
2025-4-7,12:00,21,4697.755
2025-4-7,12:00,22,5310.6952
2025-4-7,12:00,23,4459.6021
2025-4-7,12:00,24,5720.8429
2025-4-7,18:00,1,0.0
2025-4-7,18:00,2,0.0
2025-4-7,18:00,3,0.0
2025-4-7,18:00,4,0.0
2025-4-7,18:00,5,0.0
2025-4-7,18:00,6,0.0
2025-4-7,18:00,7,0.0
2025-4-7,18:00,8,0.0
2025-4-7,18:00,9,0.0
2025-4-7,18:00,10,0.0
2025-4-7,18:00,11,0.0
2025-4-7,18:00,12,337.5675
2025-4-7,18:00,13,2036.1774
2025-4-7,18:00,14,4205.1333
2025-4-7,18:00,15,6675.2625
2025-4-7,18:00,16,8260.9875
2025-4-7,18:00,17,8872.8
2025-4-7,18:00,18,8861.3733
2025-4-7,18:00,19,8334.2903
2025-4-7,18:00,20,6149.7411
2025-4-7,18:00,21,4831.4901
2025-4-7,18:00,22,3538.2061
2025-4-7,18:00,23,1956.9349
2025-4-7,18:00,24,339.7057
2025-4-8,0:00,1,0.0
2025-4-8,0:00,2,0.0
2025-4-8,0:00,3,0.0
2025-4-8,0:00,4,0.0
2025-4-8,0:00,5,0.0
2025-4-8,0:00,6,299.3125
2025-4-8,0:00,7,1649.7187
2025-4-8,0:00,8,3408.8421
2025-4-8,0:00,9,5003.2672
2025-4-8,0:00,10,6912.6566
2025-4-8,0:00,11,8332.0961
2025-4-8,0:00,12,7824.1237
2025-4-8,0:00,13,7547.6016
2025-4-8,0:00,14,6317.921
2025-4-8,0:00,15,4957.5855
2025-4-8,0:00,16,3240.2015
2025-4-8,0:00,17,1946.7494
2025-4-8,0:00,18,331.8966
2025-4-8,0:00,19,0.0
2025-4-8,0:00,20,0.0
2025-4-8,0:00,21,0.0
2025-4-8,0:00,22,0.0
2025-4-8,0:00,23,0.0
2025-4-8,0:00,24,0.0
2025-4-8,6:00,1,1872.5261
2025-4-8,6:00,2,3667.9892
2025-4-8,6:00,3,5300.8122
2025-4-8,6:00,4,6860.0683
2025-4-8,6:00,5,8058.0059
2025-4-8,6:00,6,8438.4201
2025-4-8,6:00,7,8923.6778
2025-4-8,6:00,8,7791.6661
2025-4-8,6:00,9,5816.8721
2025-4-8,6:00,10,3573.6321
2025-4-8,6:00,11,1661.8227
2025-4-8,6:00,12,267.786
2025-4-8,6:00,13,0.0
2025-4-8,6:00,14,0.0
2025-4-8,6:00,15,0.0
2025-4-8,6:00,16,0.0
2025-4-8,6:00,17,0.0
2025-4-8,6:00,18,0.0
2025-4-8,6:00,19,0.0
2025-4-8,6:00,20,0.0
2025-4-8,6:00,21,0.0
2025-4-8,6:00,22,0.0
2025-4-8,6:00,23,0.0
2025-4-8,6:00,24,452.8977
2025-4-8,12:00,1,8627.5353
2025-4-8,12:00,2,7420.5566
2025-4-8,12:00,3,6177.7912
2025-4-8,12:00,4,3808.9653
2025-4-8,12:00,5,1842.3633
2025-4-8,12:00,6,329.7786
2025-4-8,12:00,7,0.0
2025-4-8,12:00,8,0.0
2025-4-8,12:00,9,0.0
2025-4-8,12:00,10,0.0
2025-4-8,12:00,11,0.0
2025-4-8,12:00,12,0.0
2025-4-8,12:00,13,0.0
2025-4-8,12:00,14,0.0
2025-4-8,12:00,15,0.0
2025-4-8,12:00,16,0.0
2025-4-8,12:00,17,0.0
2025-4-8,12:00,18,354.4532
2025-4-8,12:00,19,1661.0789
2025-4-8,12:00,20,2990.1991
2025-4-8,12:00,21,5033.1339
2025-4-8,12:00,22,7095.1962
2025-4-8,12:00,23,7283.1036
2025-4-8,12:00,24,8116.354
2025-4-8,18:00,1,0.0
2025-4-8,18:00,2,0.0
2025-4-8,18:00,3,0.0
2025-4-8,18:00,4,0.0
2025-4-8,18:00,5,0.0
2025-4-8,18:00,6,0.0
2025-4-8,18:00,7,0.0
2025-4-8,18:00,8,0.0
2025-4-8,18:00,9,0.0
2025-4-8,18:00,10,0.0
2025-4-8,18:00,11,0.0
2025-4-8,18:00,12,369.5968
2025-4-8,18:00,13,1959.2213
2025-4-8,18:00,14,3436.1545
2025-4-8,18:00,15,5404.8614
2025-4-8,18:00,16,7296.3813
2025-4-8,18:00,17,7556.9772
2025-4-8,18:00,18,8330.9963
2025-4-8,18:00,19,7287.017
2025-4-8,18:00,20,6470.4827
2025-4-8,18:00,21,5013.9737
2025-4-8,18:00,22,3266.2878
2025-4-8,18:00,23,1874.0073
2025-4-8,18:00,24,333.8052
2025-4-9,0:00,1,0.0
2025-4-9,0:00,2,0.0
2025-4-9,0:00,3,0.0
2025-4-9,0:00,4,0.0
2025-4-9,0:00,5,0.0
2025-4-9,0:00,6,368.6368
2025-4-9,0:00,7,1980.2125
2025-4-9,0:00,8,3580.1804
2025-4-9,0:00,9,5468.3083
2025-4-9,0:00,10,7601.83
2025-4-9,0:00,11,7990.5282
2025-4-9,0:00,12,8162.3885
2025-4-9,0:00,13,7400.459
2025-4-9,0:00,14,6439.3437
2025-4-9,0:00,15,4452.5658
2025-4-9,0:00,16,3164.8942
2025-4-9,0:00,17,2379.7228
2025-4-9,0:00,18,392.087
2025-4-9,0:00,19,0.0
2025-4-9,0:00,20,0.0
2025-4-9,0:00,21,0.0
2025-4-9,0:00,22,0.0
2025-4-9,0:00,23,0.0
2025-4-9,0:00,24,0.0
2025-4-9,6:00,1,1996.8023
2025-4-9,6:00,2,3585.1439
2025-4-9,6:00,3,5490.8545
2025-4-9,6:00,4,6962.8445
2025-4-9,6:00,5,7256.5813
2025-4-9,6:00,6,7523.0367
2025-4-9,6:00,7,7033.7353
2025-4-9,6:00,8,6253.4211
2025-4-9,6:00,9,4866.6121
2025-4-9,6:00,10,3706.7404
2025-4-9,6:00,11,2288.341
2025-4-9,6:00,12,395.8462
2025-4-9,6:00,13,0.0
2025-4-9,6:00,14,0.0
2025-4-9,6:00,15,0.0
2025-4-9,6:00,16,0.0
2025-4-9,6:00,17,0.0
2025-4-9,6:00,18,0.0
2025-4-9,6:00,19,0.0
2025-4-9,6:00,20,0.0
2025-4-9,6:00,21,0.0
2025-4-9,6:00,22,0.0
2025-4-9,6:00,23,0.0
2025-4-9,6:00,24,321.2394
2025-4-9,12:00,1,6974.7182
2025-4-9,12:00,2,6399.8047
2025-4-9,12:00,3,5260.1097
2025-4-9,12:00,4,3725.4765
2025-4-9,12:00,5,2253.302
2025-4-9,12:00,6,380.6646
2025-4-9,12:00,7,0.0
2025-4-9,12:00,8,0.0
2025-4-9,12:00,9,0.0
2025-4-9,12:00,10,0.0
2025-4-9,12:00,11,0.0
2025-4-9,12:00,12,0.0
2025-4-9,12:00,13,0.0
2025-4-9,12:00,14,0.0
2025-4-9,12:00,15,0.0
2025-4-9,12:00,16,0.0
2025-4-9,12:00,17,0.0
2025-4-9,12:00,18,325.0086
2025-4-9,12:00,19,1256.2258
2025-4-9,12:00,20,2114.4073
2025-4-9,12:00,21,2201.2739
2025-4-9,12:00,22,3371.5784
2025-4-9,12:00,23,3941.3588
2025-4-9,12:00,24,6538.8681
2025-4-9,18:00,1,0.0
2025-4-9,18:00,2,0.0
2025-4-9,18:00,3,0.0
2025-4-9,18:00,4,0.0
2025-4-9,18:00,5,0.0
2025-4-9,18:00,6,0.0
2025-4-9,18:00,7,0.0
2025-4-9,18:00,8,0.0
2025-4-9,18:00,9,0.0
2025-4-9,18:00,10,0.0
2025-4-9,18:00,11,0.0
2025-4-9,18:00,12,337.9372
2025-4-9,18:00,13,2027.6803
2025-4-9,18:00,14,3526.2017
2025-4-9,18:00,15,4391.5498
2025-4-9,18:00,16,5512.3586
2025-4-9,18:00,17,8710.1965
2025-4-9,18:00,18,9023.5396
2025-4-9,18:00,19,8199.323
2025-4-9,18:00,20,8230.4625
2025-4-9,18:00,21,6012.0331
2025-4-9,18:00,22,3681.6824
2025-4-9,18:00,23,2023.3763
2025-4-9,18:00,24,396.9194
2025-4-10,0:00,1,0.0
2025-4-10,0:00,2,0.0
2025-4-10,0:00,3,0.0
2025-4-10,0:00,4,0.0
2025-4-10,0:00,5,0.0
2025-4-10,0:00,6,375.267
2025-4-10,0:00,7,2179.9231
2025-4-10,0:00,8,3731.3815
2025-4-10,0:00,9,5498.4275
2025-4-10,0:00,10,6265.5465
2025-4-10,0:00,11,8195.9245
2025-4-10,0:00,12,8699.2814
2025-4-10,0:00,13,8398.6861
2025-4-10,0:00,14,7649.4553
2025-4-10,0:00,15,5513.2826
2025-4-10,0:00,16,2903.6948
2025-4-10,0:00,17,1379.9731
2025-4-10,0:00,18,291.551
2025-4-10,0:00,19,0.0
2025-4-10,0:00,20,0.0
2025-4-10,0:00,21,0.0
2025-4-10,0:00,22,0.0
2025-4-10,0:00,23,0.0
2025-4-10,0:00,24,0.0
2025-4-10,6:00,1,2166.0485
2025-4-10,6:00,2,3957.1983
2025-4-10,6:00,3,5736.6321
2025-4-10,6:00,4,6307.6231
2025-4-10,6:00,5,7661.0697
2025-4-10,6:00,6,8209.7119
2025-4-10,6:00,7,7321.8801
2025-4-10,6:00,8,7129.5163
2025-4-10,6:00,9,5163.1991
2025-4-10,6:00,10,3370.377
2025-4-10,6:00,11,1823.1645
2025-4-10,6:00,12,362.2386
2025-4-10,6:00,13,0.0
2025-4-10,6:00,14,0.0
2025-4-10,6:00,15,0.0
2025-4-10,6:00,16,0.0
2025-4-10,6:00,17,0.0
2025-4-10,6:00,18,0.0
2025-4-10,6:00,19,0.0
2025-4-10,6:00,20,0.0
2025-4-10,6:00,21,0.0
2025-4-10,6:00,22,0.0
2025-4-10,6:00,23,0.0
2025-4-10,6:00,24,290.9189
2025-4-10,12:00,1,8049.0484
2025-4-10,12:00,2,7498.1153
2025-4-10,12:00,3,5736.6339
2025-4-10,12:00,4,3845.2041
2025-4-10,12:00,5,2091.7481
2025-4-10,12:00,6,403.0024
2025-4-10,12:00,7,0.0
2025-4-10,12:00,8,0.0
2025-4-10,12:00,9,0.0
2025-4-10,12:00,10,0.0
2025-4-10,12:00,11,0.0
2025-4-10,12:00,12,0.0
2025-4-10,12:00,13,0.0
2025-4-10,12:00,14,0.0
2025-4-10,12:00,15,0.0
2025-4-10,12:00,16,0.0
2025-4-10,12:00,17,0.0
2025-4-10,12:00,18,325.1694
2025-4-10,12:00,19,1967.8722
2025-4-10,12:00,20,3529.379
2025-4-10,12:00,21,4610.9043
2025-4-10,12:00,22,5611.1263
2025-4-10,12:00,23,6852.5569
2025-4-10,12:00,24,6962.4227
2025-4-10,18:00,1,0.0
2025-4-10,18:00,2,0.0
2025-4-10,18:00,3,0.0
2025-4-10,18:00,4,0.0
2025-4-10,18:00,5,0.0
2025-4-10,18:00,6,0.0
2025-4-10,18:00,7,0.0
2025-4-10,18:00,8,0.0
2025-4-10,18:00,9,0.0
2025-4-10,18:00,10,0.0
2025-4-10,18:00,11,0.0
2025-4-10,18:00,12,374.5184
2025-4-10,18:00,13,2130.7749
2025-4-10,18:00,14,3951.1956
2025-4-10,18:00,15,6670.5618
2025-4-10,18:00,16,7203.7841
2025-4-10,18:00,17,8672.8618
2025-4-10,18:00,18,9995.8875
2025-4-10,18:00,19,9642.0
2025-4-10,18:00,20,8230.4625
2025-4-10,18:00,21,6878.6032
2025-4-10,18:00,22,4891.1016
2025-4-10,18:00,23,2551.3042
2025-4-10,18:00,24,494.9642
2025-4-11,0:00,1,0.0
2025-4-11,0:00,2,0.0
2025-4-11,0:00,3,0.0
2025-4-11,0:00,4,0.0
2025-4-11,0:00,5,0.0
2025-4-11,0:00,6,424.8959
2025-4-11,0:00,7,2531.6116
2025-4-11,0:00,8,4518.2409
2025-4-11,0:00,9,6667.1226
2025-4-11,0:00,10,7324.8683
2025-4-11,0:00,11,8595.2606
2025-4-11,0:00,12,9939.1864
2025-4-11,0:00,13,9642.0
2025-4-11,0:00,14,8230.4625
2025-4-11,0:00,15,6964.8
2025-4-11,0:00,16,4771.6705
2025-4-11,0:00,17,2440.5903
2025-4-11,0:00,18,498.9846
2025-4-11,0:00,19,0.0
2025-4-11,0:00,20,0.0
2025-4-11,0:00,21,0.0
2025-4-11,0:00,22,0.0
2025-4-11,0:00,23,0.0
2025-4-11,0:00,24,0.0
2025-4-11,6:00,1,2334.4134
2025-4-11,6:00,2,3936.8836
2025-4-11,6:00,3,5975.3702
2025-4-11,6:00,4,7380.3385
2025-4-11,6:00,5,8480.7053
2025-4-11,6:00,6,8969.6059
2025-4-11,6:00,7,9600.9059
2025-4-11,6:00,8,8230.4625
2025-4-11,6:00,9,6045.3386
2025-4-11,6:00,10,4246.1975
2025-4-11,6:00,11,2121.8551
2025-4-11,6:00,12,414.3433
2025-4-11,6:00,13,0.0
2025-4-11,6:00,14,0.0
2025-4-11,6:00,15,0.0
2025-4-11,6:00,16,0.0
2025-4-11,6:00,17,0.0
2025-4-11,6:00,18,0.0
2025-4-11,6:00,19,0.0
2025-4-11,6:00,20,0.0
2025-4-11,6:00,21,0.0
2025-4-11,6:00,22,0.0
2025-4-11,6:00,23,0.0
2025-4-11,6:00,24,568.0968
2025-4-11,12:00,1,9136.5776
2025-4-11,12:00,2,8196.5001
2025-4-11,12:00,3,6417.3417
2025-4-11,12:00,4,4521.2166
2025-4-11,12:00,5,2397.1735
2025-4-11,12:00,6,477.5317
2025-4-11,12:00,7,0.0
2025-4-11,12:00,8,0.0
2025-4-11,12:00,9,0.0
2025-4-11,12:00,10,0.0
2025-4-11,12:00,11,0.0
2025-4-11,12:00,12,0.0
2025-4-11,12:00,13,0.0
2025-4-11,12:00,14,0.0
2025-4-11,12:00,15,0.0
2025-4-11,12:00,16,0.0
2025-4-11,12:00,17,0.0
2025-4-11,12:00,18,456.8191
2025-4-11,12:00,19,2325.6597
2025-4-11,12:00,20,4099.133
2025-4-11,12:00,21,6021.1532
2025-4-11,12:00,22,8207.8498
2025-4-11,12:00,23,8769.8919
2025-4-11,12:00,24,8724.2189
2025-4-11,18:00,1,0.0
2025-4-11,18:00,2,0.0
2025-4-11,18:00,3,0.0
2025-4-11,18:00,4,0.0
2025-4-11,18:00,5,0.0
2025-4-11,18:00,6,0.0
2025-4-11,18:00,7,0.0
2025-4-11,18:00,8,0.0
2025-4-11,18:00,9,0.0
2025-4-11,18:00,10,0.0
2025-4-11,18:00,11,0.0
2025-4-11,18:00,12,447.801
2025-4-11,18:00,13,1982.8262
2025-4-11,18:00,14,2766.8211
2025-4-11,18:00,15,4785.9836
2025-4-11,18:00,16,5516.0931
2025-4-11,18:00,17,6809.1044
2025-4-11,18:00,18,7414.5527
2025-4-11,18:00,19,6951.6253
2025-4-11,18:00,20,5810.6857
2025-4-11,18:00,21,5714.4788
2025-4-11,18:00,22,4158.5408
2025-4-11,18:00,23,2420.2826
2025-4-11,18:00,24,563.6433
2025-4-12,0:00,1,0.0
2025-4-12,0:00,2,0.0
2025-4-12,0:00,3,0.0
2025-4-12,0:00,4,0.0
2025-4-12,0:00,5,0.0
2025-4-12,0:00,6,487.1662
2025-4-12,0:00,7,2372.1259
2025-4-12,0:00,8,3895.1933
2025-4-12,0:00,9,5326.4551
2025-4-12,0:00,10,6792.7073
2025-4-12,0:00,11,6878.5692
2025-4-12,0:00,12,7093.2997
2025-4-12,0:00,13,7317.5194
2025-4-12,0:00,14,5625.4147
2025-4-12,0:00,15,4419.0307
2025-4-12,0:00,16,3411.1002
2025-4-12,0:00,17,1935.1455
2025-4-12,0:00,18,369.5026
2025-4-12,0:00,19,0.0
2025-4-12,0:00,20,0.0
2025-4-12,0:00,21,0.0
2025-4-12,0:00,22,0.0
2025-4-12,0:00,23,0.0
2025-4-12,0:00,24,0.0
2025-4-12,6:00,1,2465.8999
2025-4-12,6:00,2,4268.9503
2025-4-12,6:00,3,5964.7684
2025-4-12,6:00,4,7191.3392
2025-4-12,6:00,5,7307.3003
2025-4-12,6:00,6,7686.5075
2025-4-12,6:00,7,8079.8022
2025-4-12,6:00,8,6735.3193
2025-4-12,6:00,9,5654.5761
2025-4-12,6:00,10,4445.6723
2025-4-12,6:00,11,2318.4986
2025-4-12,6:00,12,428.2825
2025-4-12,6:00,13,0.0
2025-4-12,6:00,14,0.0
2025-4-12,6:00,15,0.0
2025-4-12,6:00,16,0.0
2025-4-12,6:00,17,0.0
2025-4-12,6:00,18,0.0
2025-4-12,6:00,19,0.0
2025-4-12,6:00,20,0.0
2025-4-12,6:00,21,0.0
2025-4-12,6:00,22,0.0
2025-4-12,6:00,23,0.0
2025-4-12,6:00,24,222.2344
2025-4-12,12:00,1,8211.2884
2025-4-12,12:00,2,6568.5709
2025-4-12,12:00,3,5474.1071
2025-4-12,12:00,4,4244.7249
2025-4-12,12:00,5,2235.0204
2025-4-12,12:00,6,366.8778
2025-4-12,12:00,7,0.0
2025-4-12,12:00,8,0.0
2025-4-12,12:00,9,0.0
2025-4-12,12:00,10,0.0
2025-4-12,12:00,11,0.0
2025-4-12,12:00,12,0.0
2025-4-12,12:00,13,0.0
2025-4-12,12:00,14,0.0
2025-4-12,12:00,15,0.0
2025-4-12,12:00,16,0.0
2025-4-12,12:00,17,0.0
2025-4-12,12:00,18,415.1937
2025-4-12,12:00,19,2148.7945
2025-4-12,12:00,20,4292.5184
2025-4-12,12:00,21,6184.2123
2025-4-12,12:00,22,8260.9875
2025-4-12,12:00,23,9209.775
2025-4-12,12:00,24,9995.8875
2025-4-12,18:00,1,0.0
2025-4-12,18:00,2,0.0
2025-4-12,18:00,3,0.0
2025-4-12,18:00,4,0.0
2025-4-12,18:00,5,0.0
2025-4-12,18:00,6,0.0
2025-4-12,18:00,7,0.0
2025-4-12,18:00,8,0.0
2025-4-12,18:00,9,0.0
2025-4-12,18:00,10,0.0
2025-4-12,18:00,11,0.0
2025-4-12,18:00,12,369.1391
2025-4-12,18:00,13,2237.2635
2025-4-12,18:00,14,4733.1
2025-4-12,18:00,15,6675.2625
2025-4-12,18:00,16,8260.9875
2025-4-12,18:00,17,8558.4078
2025-4-12,18:00,18,6371.5118
2025-4-12,18:00,19,5380.8121
2025-4-12,18:00,20,4566.4539
2025-4-12,18:00,21,3108.7171
2025-4-12,18:00,22,2266.0659
2025-4-12,18:00,23,1375.4642
2025-4-12,18:00,24,262.8598
2025-4-13,0:00,1,0.0
2025-4-13,0:00,2,0.0
2025-4-13,0:00,3,0.0
2025-4-13,0:00,4,0.0
2025-4-13,0:00,5,0.0
2025-4-13,0:00,6,381.5945
2025-4-13,0:00,7,1993.7767
2025-4-13,0:00,8,4093.4627
2025-4-13,0:00,9,5575.7615
2025-4-13,0:00,10,6458.8382
2025-4-13,0:00,11,7376.8299
2025-4-13,0:00,12,7977.2636
2025-4-13,0:00,13,8051.1179
2025-4-13,0:00,14,8079.8457
2025-4-13,0:00,15,6949.9485
2025-4-13,0:00,16,4229.1627
2025-4-13,0:00,17,2040.7559
2025-4-13,0:00,18,338.6337
2025-4-13,0:00,19,0.0
2025-4-13,0:00,20,0.0
2025-4-13,0:00,21,0.0
2025-4-13,0:00,22,0.0
2025-4-13,0:00,23,0.0
2025-4-13,0:00,24,0.0
2025-4-13,6:00,1,1993.9075
2025-4-13,6:00,2,4012.8309
2025-4-13,6:00,3,5797.1954
2025-4-13,6:00,4,6857.2519
2025-4-13,6:00,5,8137.8313
2025-4-13,6:00,6,8167.9306
2025-4-13,6:00,7,7817.2883
2025-4-13,6:00,8,7597.8025
2025-4-13,6:00,9,6825.9246
2025-4-13,6:00,10,4243.8598
2025-4-13,6:00,11,2429.9894
2025-4-13,6:00,12,537.199
2025-4-13,6:00,13,0.0
2025-4-13,6:00,14,0.0
2025-4-13,6:00,15,0.0
2025-4-13,6:00,16,0.0
2025-4-13,6:00,17,0.0
2025-4-13,6:00,18,0.0
2025-4-13,6:00,19,0.0
2025-4-13,6:00,20,0.0
2025-4-13,6:00,21,0.0
2025-4-13,6:00,22,0.0
2025-4-13,6:00,23,0.0
2025-4-13,6:00,24,623.9514
2025-4-13,12:00,1,7967.0812
2025-4-13,12:00,2,7369.8221
2025-4-13,12:00,3,6400.4071
2025-4-13,12:00,4,4162.8569
2025-4-13,12:00,5,1994.9136
2025-4-13,12:00,6,421.7684
2025-4-13,12:00,7,0.0
2025-4-13,12:00,8,0.0
2025-4-13,12:00,9,0.0
2025-4-13,12:00,10,0.0
2025-4-13,12:00,11,0.0
2025-4-13,12:00,12,0.0
2025-4-13,12:00,13,0.0
2025-4-13,12:00,14,0.0
2025-4-13,12:00,15,0.0
2025-4-13,12:00,16,0.0
2025-4-13,12:00,17,0.0
2025-4-13,12:00,18,486.3453
2025-4-13,12:00,19,2250.1511
2025-4-13,12:00,20,3389.9475
2025-4-13,12:00,21,4628.0599
2025-4-13,12:00,22,5816.8917
2025-4-13,12:00,23,5644.3764
2025-4-13,12:00,24,4318.5951
2025-4-13,18:00,1,0.0
2025-4-13,18:00,2,0.0
2025-4-13,18:00,3,0.0
2025-4-13,18:00,4,0.0
2025-4-13,18:00,5,0.0
2025-4-13,18:00,6,0.0
2025-4-13,18:00,7,0.0
2025-4-13,18:00,8,0.0
2025-4-13,18:00,9,0.0
2025-4-13,18:00,10,0.0
2025-4-13,18:00,11,0.0
2025-4-13,18:00,12,351.9427
2025-4-13,18:00,13,1706.9902
2025-4-13,18:00,14,3984.8314
2025-4-13,18:00,15,5196.6579
2025-4-13,18:00,16,7212.6533
2025-4-13,18:00,17,8238.7628
2025-4-13,18:00,18,8678.3253
2025-4-13,18:00,19,8043.1107
2025-4-13,18:00,20,7161.3532
2025-4-13,18:00,21,6173.5635
2025-4-13,18:00,22,4278.7831
2025-4-13,18:00,23,2408.2349
2025-4-13,18:00,24,547.9601
2025-4-14,0:00,1,0.0
2025-4-14,0:00,2,0.0
2025-4-14,0:00,3,0.0
2025-4-14,0:00,4,0.0
2025-4-14,0:00,5,0.0
2025-4-14,0:00,6,427.7958
2025-4-14,0:00,7,1797.3227
2025-4-14,0:00,8,3589.5928
2025-4-14,0:00,9,5017.8843
2025-4-14,0:00,10,6635.6139
2025-4-14,0:00,11,8267.6941
2025-4-14,0:00,12,8346.4353
2025-4-14,0:00,13,8147.6347
2025-4-14,0:00,14,7234.3421
2025-4-14,0:00,15,5129.0388
2025-4-14,0:00,16,3147.2098
2025-4-14,0:00,17,1866.2428
2025-4-14,0:00,18,420.1267
2025-4-14,0:00,19,0.0
2025-4-14,0:00,20,0.0
2025-4-14,0:00,21,0.0
2025-4-14,0:00,22,0.0
2025-4-14,0:00,23,0.0
2025-4-14,0:00,24,0.0
2025-4-14,6:00,1,2110.3804
2025-4-14,6:00,2,4205.6476
2025-4-14,6:00,3,5824.3976
2025-4-14,6:00,4,7188.2367
2025-4-14,6:00,5,8151.7294
2025-4-14,6:00,6,8652.4876
2025-4-14,6:00,7,9144.0077
2025-4-14,6:00,8,7913.8145
2025-4-14,6:00,9,6931.3735
2025-4-14,6:00,10,4900.8375
2025-4-14,6:00,11,2525.7675
2025-4-14,6:00,12,553.2075
2025-4-14,6:00,13,0.0
2025-4-14,6:00,14,0.0
2025-4-14,6:00,15,0.0
2025-4-14,6:00,16,0.0
2025-4-14,6:00,17,0.0
2025-4-14,6:00,18,0.0
2025-4-14,6:00,19,0.0
2025-4-14,6:00,20,0.0
2025-4-14,6:00,21,0.0
2025-4-14,6:00,22,0.0
2025-4-14,6:00,23,0.0
2025-4-14,6:00,24,715.9356
2025-4-14,12:00,1,8793.2194
2025-4-14,12:00,2,7557.4126
2025-4-14,12:00,3,6342.1567
2025-4-14,12:00,4,4807.2917
2025-4-14,12:00,5,2630.8435
2025-4-14,12:00,6,559.0098
2025-4-14,12:00,7,0.0
2025-4-14,12:00,8,0.0
2025-4-14,12:00,9,0.0
2025-4-14,12:00,10,0.0
2025-4-14,12:00,11,0.0
2025-4-14,12:00,12,0.0
2025-4-14,12:00,13,0.0
2025-4-14,12:00,14,0.0
2025-4-14,12:00,15,0.0
2025-4-14,12:00,16,0.0
2025-4-14,12:00,17,0.0
2025-4-14,12:00,18,455.4713
2025-4-14,12:00,19,2001.1534
2025-4-14,12:00,20,4109.561
2025-4-14,12:00,21,6841.3875
2025-4-14,12:00,22,8260.9875
2025-4-14,12:00,23,9209.775
2025-4-14,12:00,24,9995.8875
2025-4-14,18:00,1,0.0
2025-4-14,18:00,2,0.0
2025-4-14,18:00,3,0.0
2025-4-14,18:00,4,0.0
2025-4-14,18:00,5,0.0
2025-4-14,18:00,6,0.0
2025-4-14,18:00,7,0.0
2025-4-14,18:00,8,0.0
2025-4-14,18:00,9,0.0
2025-4-14,18:00,10,0.0
2025-4-14,18:00,11,0.0
2025-4-14,18:00,12,674.147
2025-4-14,18:00,13,2641.6192
2025-4-14,18:00,14,4924.7625
2025-4-14,18:00,15,6841.3875
2025-4-14,18:00,16,8260.9875
2025-4-14,18:00,17,9209.775
2025-4-14,18:00,18,9995.8875
2025-4-14,18:00,19,8637.0379
2025-4-14,18:00,20,6830.005
2025-4-14,18:00,21,5043.6948
2025-4-14,18:00,22,3017.8091
2025-4-14,18:00,23,1668.3634
2025-4-14,18:00,24,310.2354
2025-4-15,0:00,1,0.0
2025-4-15,0:00,2,0.0
2025-4-15,0:00,3,0.0
2025-4-15,0:00,4,0.0
2025-4-15,0:00,5,0.0
2025-4-15,0:00,6,512.4029
2025-4-15,0:00,7,2143.2046
2025-4-15,0:00,8,4025.7768
2025-4-15,0:00,9,6125.1147
2025-4-15,0:00,10,7859.2176
2025-4-15,0:00,11,8684.4765
2025-4-15,0:00,12,9329.1232
2025-4-15,0:00,13,7948.3084
2025-4-15,0:00,14,7477.272
2025-4-15,0:00,15,6576.7613
2025-4-15,0:00,16,4674.9629
2025-4-15,0:00,17,2589.8609
2025-4-15,0:00,18,708.8735
2025-4-15,0:00,19,0.0
2025-4-15,0:00,20,0.0
2025-4-15,0:00,21,0.0
2025-4-15,0:00,22,0.0
2025-4-15,0:00,23,0.0
2025-4-15,0:00,24,0.0
2025-4-15,6:00,1,2229.846
2025-4-15,6:00,2,4140.3642
2025-4-15,6:00,3,6551.9961
2025-4-15,6:00,4,8001.1755
2025-4-15,6:00,5,8658.5483
2025-4-15,6:00,6,8481.693
2025-4-15,6:00,7,7850.3065
2025-4-15,6:00,8,6553.6098
2025-4-15,6:00,9,5182.4503
2025-4-15,6:00,10,3851.2362
2025-4-15,6:00,11,2410.5958
2025-4-15,6:00,12,591.1902
2025-4-15,6:00,13,0.0
2025-4-15,6:00,14,0.0
2025-4-15,6:00,15,0.0
2025-4-15,6:00,16,0.0
2025-4-15,6:00,17,0.0
2025-4-15,6:00,18,0.0
2025-4-15,6:00,19,0.0
2025-4-15,6:00,20,0.0
2025-4-15,6:00,21,0.0
2025-4-15,6:00,22,0.0
2025-4-15,6:00,23,0.0
2025-4-15,6:00,24,667.8275
2025-4-15,12:00,1,8130.3629
2025-4-15,12:00,2,6648.4615
2025-4-15,12:00,3,5829.2277
2025-4-15,12:00,4,4235.8847
2025-4-15,12:00,5,2527.4043
2025-4-15,12:00,6,654.878
2025-4-15,12:00,7,0.0
2025-4-15,12:00,8,0.0
2025-4-15,12:00,9,0.0
2025-4-15,12:00,10,0.0
2025-4-15,12:00,11,0.0
2025-4-15,12:00,12,0.0
2025-4-15,12:00,13,0.0
2025-4-15,12:00,14,0.0
2025-4-15,12:00,15,0.0
2025-4-15,12:00,16,0.0
2025-4-15,12:00,17,0.0
2025-4-15,12:00,18,435.1884
2025-4-15,12:00,19,1816.7443
2025-4-15,12:00,20,3577.175
2025-4-15,12:00,21,5232.9932
2025-4-15,12:00,22,5924.7561
2025-4-15,12:00,23,7776.206
2025-4-15,12:00,24,7202.4089
2025-4-15,18:00,1,0.0
2025-4-15,18:00,2,0.0
2025-4-15,18:00,3,0.0
2025-4-15,18:00,4,0.0
2025-4-15,18:00,5,0.0
2025-4-15,18:00,6,0.0
2025-4-15,18:00,7,0.0
2025-4-15,18:00,8,0.0
2025-4-15,18:00,9,0.0
2025-4-15,18:00,10,0.0
2025-4-15,18:00,11,0.0
2025-4-15,18:00,12,584.3937
2025-4-15,18:00,13,2534.4515
2025-4-15,18:00,14,4716.2138
2025-4-15,18:00,15,6251.1754
2025-4-15,18:00,16,7234.1244
2025-4-15,18:00,17,8152.4523
2025-4-15,18:00,18,6627.9697
2025-4-15,18:00,19,6896.1405
2025-4-15,18:00,20,5453.4069
2025-4-15,18:00,21,4336.408
2025-4-15,18:00,22,3224.7626
2025-4-15,18:00,23,1968.1063
2025-4-15,18:00,24,389.7539
2025-4-16,0:00,1,0.0
2025-4-16,0:00,2,0.0
2025-4-16,0:00,3,0.0
2025-4-16,0:00,4,0.0
2025-4-16,0:00,5,0.0
2025-4-16,0:00,6,525.7515
2025-4-16,0:00,7,2183.139
2025-4-16,0:00,8,3710.5994
2025-4-16,0:00,9,5617.263
2025-4-16,0:00,10,6451.586
2025-4-16,0:00,11,7310.8129
2025-4-16,0:00,12,7059.7565
2025-4-16,0:00,13,8340.6816
2025-4-16,0:00,14,7196.4334
2025-4-16,0:00,15,6193.4373
2025-4-16,0:00,16,4179.4274
2025-4-16,0:00,17,2698.7481
2025-4-16,0:00,18,641.2451
2025-4-16,0:00,19,0.0
2025-4-16,0:00,20,0.0
2025-4-16,0:00,21,0.0
2025-4-16,0:00,22,0.0
2025-4-16,0:00,23,0.0
2025-4-16,0:00,24,0.0
2025-4-16,6:00,1,2362.2548
2025-4-16,6:00,2,4113.7689
2025-4-16,6:00,3,6058.773
2025-4-16,6:00,4,6643.1212
2025-4-16,6:00,5,7704.9277
2025-4-16,6:00,6,7236.4248
2025-4-16,6:00,7,7808.4492
2025-4-16,6:00,8,6235.1761
2025-4-16,6:00,9,5185.5881
2025-4-16,6:00,10,3810.9943
2025-4-16,6:00,11,2080.629
2025-4-16,6:00,12,479.972
2025-4-16,6:00,13,0.0
2025-4-16,6:00,14,0.0
2025-4-16,6:00,15,0.0
2025-4-16,6:00,16,0.0
2025-4-16,6:00,17,0.0
2025-4-16,6:00,18,0.0
2025-4-16,6:00,19,0.0
2025-4-16,6:00,20,0.0
2025-4-16,6:00,21,0.0
2025-4-16,6:00,22,0.0
2025-4-16,6:00,23,0.0
2025-4-16,6:00,24,450.8058
2025-4-16,12:00,1,8377.4433
2025-4-16,12:00,2,6849.7374
2025-4-16,12:00,3,5765.7948
2025-4-16,12:00,4,3958.3084
2025-4-16,12:00,5,2306.5595
2025-4-16,12:00,6,519.1882
2025-4-16,12:00,7,0.0
2025-4-16,12:00,8,0.0
2025-4-16,12:00,9,0.0
2025-4-16,12:00,10,0.0
2025-4-16,12:00,11,0.0
2025-4-16,12:00,12,0.0
2025-4-16,12:00,13,0.0
2025-4-16,12:00,14,0.0
2025-4-16,12:00,15,0.0
2025-4-16,12:00,16,0.0
2025-4-16,12:00,17,0.0
2025-4-16,12:00,18,696.5918
2025-4-16,12:00,19,2785.4625
2025-4-16,12:00,20,4924.7625
2025-4-16,12:00,21,6841.3875
2025-4-16,12:00,22,8260.9875
2025-4-16,12:00,23,9209.775
2025-4-16,12:00,24,9995.8875
2025-4-16,18:00,1,0.0
2025-4-16,18:00,2,0.0
2025-4-16,18:00,3,0.0
2025-4-16,18:00,4,0.0
2025-4-16,18:00,5,0.0
2025-4-16,18:00,6,0.0
2025-4-16,18:00,7,0.0
2025-4-16,18:00,8,0.0
2025-4-16,18:00,9,0.0
2025-4-16,18:00,10,0.0
2025-4-16,18:00,11,0.0
2025-4-16,18:00,12,499.1529
2025-4-16,18:00,13,2179.4888
2025-4-16,18:00,14,3951.5627
2025-4-16,18:00,15,6619.4805
2025-4-16,18:00,16,7317.7398
2025-4-16,18:00,17,6591.608
2025-4-16,18:00,18,7795.1483
2025-4-16,18:00,19,6396.1265
2025-4-16,18:00,20,5197.515
2025-4-16,18:00,21,4106.5418
2025-4-16,18:00,22,3195.2875
2025-4-16,18:00,23,1478.9049
2025-4-16,18:00,24,359.5422
2025-4-17,0:00,1,0.0
2025-4-17,0:00,2,0.0
2025-4-17,0:00,3,0.0
2025-4-17,0:00,4,0.0
2025-4-17,0:00,5,0.0
2025-4-17,0:00,6,580.8612
2025-4-17,0:00,7,2385.0979
2025-4-17,0:00,8,4203.6894
2025-4-17,0:00,9,6687.7578
2025-4-17,0:00,10,7989.1831
2025-4-17,0:00,11,8288.4215
2025-4-17,0:00,12,9755.5604
2025-4-17,0:00,13,8752.8961
2025-4-17,0:00,14,7273.5594
2025-4-17,0:00,15,5872.9603
2025-4-17,0:00,16,3876.9473
2025-4-17,0:00,17,2173.0364
2025-4-17,0:00,18,464.4889
2025-4-17,0:00,19,0.0
2025-4-17,0:00,20,0.0
2025-4-17,0:00,21,0.0
2025-4-17,0:00,22,0.0
2025-4-17,0:00,23,0.0
2025-4-17,0:00,24,0.0
2025-4-17,6:00,1,2380.732
2025-4-17,6:00,2,4083.0786
2025-4-17,6:00,3,5960.9194
2025-4-17,6:00,4,7646.1123
2025-4-17,6:00,5,7490.111
2025-4-17,6:00,6,8350.3067
2025-4-17,6:00,7,7724.3031
2025-4-17,6:00,8,6815.8493
2025-4-17,6:00,9,5404.3619
2025-4-17,6:00,10,4080.3826
2025-4-17,6:00,11,2215.8989
2025-4-17,6:00,12,581.1956
2025-4-17,6:00,13,0.0
2025-4-17,6:00,14,0.0
2025-4-17,6:00,15,0.0
2025-4-17,6:00,16,0.0
2025-4-17,6:00,17,0.0
2025-4-17,6:00,18,0.0
2025-4-17,6:00,19,0.0
2025-4-17,6:00,20,0.0
2025-4-17,6:00,21,0.0
2025-4-17,6:00,22,0.0
2025-4-17,6:00,23,0.0
2025-4-17,6:00,24,471.6734
2025-4-17,12:00,1,8361.3633
2025-4-17,12:00,2,7176.6285
2025-4-17,12:00,3,5726.4139
2025-4-17,12:00,4,4193.9841
2025-4-17,12:00,5,2259.9553
2025-4-17,12:00,6,550.4038
2025-4-17,12:00,7,0.0
2025-4-17,12:00,8,0.0
2025-4-17,12:00,9,0.0
2025-4-17,12:00,10,0.0
2025-4-17,12:00,11,0.0
2025-4-17,12:00,12,0.0
2025-4-17,12:00,13,0.0
2025-4-17,12:00,14,0.0
2025-4-17,12:00,15,0.0
2025-4-17,12:00,16,0.0
2025-4-17,12:00,17,0.0
2025-4-17,12:00,18,465.1221
2025-4-17,12:00,19,1808.904
2025-4-17,12:00,20,3877.2639
2025-4-17,12:00,21,5101.5559
2025-4-17,12:00,22,7407.0972
2025-4-17,12:00,23,9030.3812
2025-4-17,12:00,24,9995.8875
2025-4-17,18:00,1,0.0
2025-4-17,18:00,2,0.0
2025-4-17,18:00,3,0.0
2025-4-17,18:00,4,0.0
2025-4-17,18:00,5,0.0
2025-4-17,18:00,6,0.0
2025-4-17,18:00,7,0.0
2025-4-17,18:00,8,0.0
2025-4-17,18:00,9,0.0
2025-4-17,18:00,10,0.0
2025-4-17,18:00,11,0.0
2025-4-17,18:00,12,412.8085
2025-4-17,18:00,13,2202.4327
2025-4-17,18:00,14,4599.8764
2025-4-17,18:00,15,5835.0231
2025-4-17,18:00,16,8260.9875
2025-4-17,18:00,17,9209.775
2025-4-17,18:00,18,9605.2915
2025-4-17,18:00,19,9016.8819
2025-4-17,18:00,20,8230.4625
2025-4-17,18:00,21,5543.9957
2025-4-17,18:00,22,4725.4039
2025-4-17,18:00,23,2748.3942
2025-4-17,18:00,24,672.2081
2025-4-18,0:00,1,0.0
2025-4-18,0:00,2,0.0
2025-4-18,0:00,3,0.0
2025-4-18,0:00,4,0.0
2025-4-18,0:00,5,0.0
2025-4-18,0:00,6,522.5087
2025-4-18,0:00,7,2457.0309
2025-4-18,0:00,8,4437.0015
2025-4-18,0:00,9,5143.5272
2025-4-18,0:00,10,6853.1009
2025-4-18,0:00,11,8042.4326
2025-4-18,0:00,12,8464.5205
2025-4-18,0:00,13,8900.5879
2025-4-18,0:00,14,8230.4625
2025-4-18,0:00,15,6959.3877
2025-4-18,0:00,16,4429.0011
2025-4-18,0:00,17,2468.4073
2025-4-18,0:00,18,543.4688
2025-4-18,0:00,19,0.0
2025-4-18,0:00,20,0.0
2025-4-18,0:00,21,0.0
2025-4-18,0:00,22,0.0
2025-4-18,0:00,23,0.0
2025-4-18,0:00,24,0.0
2025-4-18,6:00,1,2378.197
2025-4-18,6:00,2,4321.5161
2025-4-18,6:00,3,5517.5014
2025-4-18,6:00,4,7081.987
2025-4-18,6:00,5,7781.0583
2025-4-18,6:00,6,8260.2927
2025-4-18,6:00,7,8637.052
2025-4-18,6:00,8,8230.4625
2025-4-18,6:00,9,5847.1812
2025-4-18,6:00,10,4644.3151
2025-4-18,6:00,11,2545.0216
2025-4-18,6:00,12,612.0717
2025-4-18,6:00,13,0.0
2025-4-18,6:00,14,0.0
2025-4-18,6:00,15,0.0
2025-4-18,6:00,16,0.0
2025-4-18,6:00,17,0.0
2025-4-18,6:00,18,0.0
2025-4-18,6:00,19,0.0
2025-4-18,6:00,20,0.0
2025-4-18,6:00,21,0.0
2025-4-18,6:00,22,0.0
2025-4-18,6:00,23,0.0
2025-4-18,6:00,24,587.9394
2025-4-18,12:00,1,8514.2879
2025-4-18,12:00,2,8230.4625
2025-4-18,12:00,3,5920.7311
2025-4-18,12:00,4,4567.1481
2025-4-18,12:00,5,2408.2072
2025-4-18,12:00,6,556.6927
2025-4-18,12:00,7,0.0
2025-4-18,12:00,8,0.0
2025-4-18,12:00,9,0.0
2025-4-18,12:00,10,0.0
2025-4-18,12:00,11,0.0
2025-4-18,12:00,12,0.0
2025-4-18,12:00,13,0.0
2025-4-18,12:00,14,0.0
2025-4-18,12:00,15,0.0
2025-4-18,12:00,16,0.0
2025-4-18,12:00,17,0.0
2025-4-18,12:00,18,643.3396
2025-4-18,12:00,19,2031.5454
2025-4-18,12:00,20,3514.1773
2025-4-18,12:00,21,5609.8454
2025-4-18,12:00,22,6478.9223
2025-4-18,12:00,23,6870.5937
2025-4-18,12:00,24,8477.6493
2025-4-18,18:00,1,0.0
2025-4-18,18:00,2,0.0
2025-4-18,18:00,3,0.0
2025-4-18,18:00,4,0.0
2025-4-18,18:00,5,0.0
2025-4-18,18:00,6,0.0
2025-4-18,18:00,7,0.0
2025-4-18,18:00,8,0.0
2025-4-18,18:00,9,0.0
2025-4-18,18:00,10,0.0
2025-4-18,18:00,11,0.0
2025-4-18,18:00,12,633.9932
2025-4-18,18:00,13,2055.2568
2025-4-18,18:00,14,3504.2997
2025-4-18,18:00,15,5882.7082
2025-4-18,18:00,16,6931.2337
2025-4-18,18:00,17,7634.8045
2025-4-18,18:00,18,8664.9201
2025-4-18,18:00,19,6499.671
2025-4-18,18:00,20,4865.0312
2025-4-18,18:00,21,4174.407
2025-4-18,18:00,22,3042.5862
2025-4-18,18:00,23,1856.5959
2025-4-18,18:00,24,597.7855
2025-4-19,0:00,1,0.0
2025-4-19,0:00,2,0.0
2025-4-19,0:00,3,0.0
2025-4-19,0:00,4,0.0
2025-4-19,0:00,5,0.0
2025-4-19,0:00,6,587.6566
2025-4-19,0:00,7,2217.9671
2025-4-19,0:00,8,3698.6181
2025-4-19,0:00,9,4722.772
2025-4-19,0:00,10,5838.0624
2025-4-19,0:00,11,6475.6943
2025-4-19,0:00,12,7649.7149
2025-4-19,0:00,13,8180.9471
2025-4-19,0:00,14,8069.4202
2025-4-19,0:00,15,6896.0633
2025-4-19,0:00,16,4865.4141
2025-4-19,0:00,17,2845.3793
2025-4-19,0:00,18,721.3823
2025-4-19,0:00,19,0.0
2025-4-19,0:00,20,0.0
2025-4-19,0:00,21,0.0
2025-4-19,0:00,22,0.0
2025-4-19,0:00,23,0.0
2025-4-19,0:00,24,0.0
2025-4-19,6:00,1,2318.6484
2025-4-19,6:00,2,3806.9736
2025-4-19,6:00,3,5352.2988
2025-4-19,6:00,4,6401.0983
2025-4-19,6:00,5,7620.0486
2025-4-19,6:00,6,8484.6132
2025-4-19,6:00,7,8556.1713
2025-4-19,6:00,8,7871.5329
2025-4-19,6:00,9,6901.2107
2025-4-19,6:00,10,4720.6176
2025-4-19,6:00,11,2847.15
2025-4-19,6:00,12,843.4553
2025-4-19,6:00,13,0.0
2025-4-19,6:00,14,0.0
2025-4-19,6:00,15,0.0
2025-4-19,6:00,16,0.0
2025-4-19,6:00,17,0.0
2025-4-19,6:00,18,0.0
2025-4-19,6:00,19,0.0
2025-4-19,6:00,20,0.0
2025-4-19,6:00,21,0.0
2025-4-19,6:00,22,0.0
2025-4-19,6:00,23,0.0
2025-4-19,6:00,24,599.5975
2025-4-19,12:00,1,8438.5926
2025-4-19,12:00,2,7554.833
2025-4-19,12:00,3,6051.1206
2025-4-19,12:00,4,3887.3771
2025-4-19,12:00,5,2436.9822
2025-4-19,12:00,6,593.3888
2025-4-19,12:00,7,0.0
2025-4-19,12:00,8,0.0
2025-4-19,12:00,9,0.0
2025-4-19,12:00,10,0.0
2025-4-19,12:00,11,0.0
2025-4-19,12:00,12,0.0
2025-4-19,12:00,13,0.0
2025-4-19,12:00,14,0.0
2025-4-19,12:00,15,0.0
2025-4-19,12:00,16,0.0
2025-4-19,12:00,17,0.0
2025-4-19,12:00,18,520.339
2025-4-19,12:00,19,2256.1155
2025-4-19,12:00,20,4134.0271
2025-4-19,12:00,21,5576.4959
2025-4-19,12:00,22,7452.2683
2025-4-19,12:00,23,9209.775
2025-4-19,12:00,24,9995.8875
2025-4-19,18:00,1,0.0
2025-4-19,18:00,2,0.0
2025-4-19,18:00,3,0.0
2025-4-19,18:00,4,0.0
2025-4-19,18:00,5,0.0
2025-4-19,18:00,6,0.0
2025-4-19,18:00,7,0.0
2025-4-19,18:00,8,0.0
2025-4-19,18:00,9,0.0
2025-4-19,18:00,10,0.0
2025-4-19,18:00,11,0.0
2025-4-19,18:00,12,705.6951
2025-4-19,18:00,13,2661.1097
2025-4-19,18:00,14,4602.6745
2025-4-19,18:00,15,5298.8395
2025-4-19,18:00,16,7248.8781
2025-4-19,18:00,17,8842.3563
2025-4-19,18:00,18,9104.4753
2025-4-19,18:00,19,8473.5921
2025-4-19,18:00,20,8220.0444
2025-4-19,18:00,21,6964.8
2025-4-19,18:00,22,4661.5393
2025-4-19,18:00,23,2447.3628
2025-4-19,18:00,24,696.5912
2025-4-20,0:00,1,0.0
2025-4-20,0:00,2,0.0
2025-4-20,0:00,3,0.0
2025-4-20,0:00,4,0.0
2025-4-20,0:00,5,0.0
2025-4-20,0:00,6,639.9964
2025-4-20,0:00,7,2591.8553
2025-4-20,0:00,8,3898.5758
2025-4-20,0:00,9,5507.1448
2025-4-20,0:00,10,7225.8354
2025-4-20,0:00,11,7367.5981
2025-4-20,0:00,12,8386.7706
2025-4-20,0:00,13,9480.8099
2025-4-20,0:00,14,8036.617
2025-4-20,0:00,15,6748.0082
2025-4-20,0:00,16,4398.5876
2025-4-20,0:00,17,2035.9496
2025-4-20,0:00,18,590.6091
2025-4-20,0:00,19,0.0
2025-4-20,0:00,20,0.0
2025-4-20,0:00,21,0.0
2025-4-20,0:00,22,0.0
2025-4-20,0:00,23,0.0
2025-4-20,0:00,24,0.0
2025-4-20,6:00,1,2496.9157
2025-4-20,6:00,2,4064.4277
2025-4-20,6:00,3,5537.7804
2025-4-20,6:00,4,7525.8753
2025-4-20,6:00,5,8424.7051
2025-4-20,6:00,6,8400.4614
2025-4-20,6:00,7,8101.6352
2025-4-20,6:00,8,7194.6772
2025-4-20,6:00,9,6515.0653
2025-4-20,6:00,10,4166.4694
2025-4-20,6:00,11,2143.7111
2025-4-20,6:00,12,586.9549
2025-4-20,6:00,13,0.0
2025-4-20,6:00,14,0.0
2025-4-20,6:00,15,0.0
2025-4-20,6:00,16,0.0
2025-4-20,6:00,17,0.0
2025-4-20,6:00,18,0.0
2025-4-20,6:00,19,0.0
2025-4-20,6:00,20,0.0
2025-4-20,6:00,21,0.0
2025-4-20,6:00,22,0.0
2025-4-20,6:00,23,0.0
2025-4-20,6:00,24,967.8375
2025-4-20,12:00,1,8332.8442
2025-4-20,12:00,2,7164.0525
2025-4-20,12:00,3,6255.8141
2025-4-20,12:00,4,3948.6824
2025-4-20,12:00,5,1983.9188
2025-4-20,12:00,6,537.2966
2025-4-20,12:00,7,0.0
2025-4-20,12:00,8,0.0
2025-4-20,12:00,9,0.0
2025-4-20,12:00,10,0.0
2025-4-20,12:00,11,0.0
2025-4-20,12:00,12,0.0
2025-4-20,12:00,13,0.0
2025-4-20,12:00,14,0.0
2025-4-20,12:00,15,0.0
2025-4-20,12:00,16,0.0
2025-4-20,12:00,17,0.0
2025-4-20,12:00,18,523.1789
2025-4-20,12:00,19,2278.5532
2025-4-20,12:00,20,4476.105
2025-4-20,12:00,21,6841.3875
2025-4-20,12:00,22,8260.9875
2025-4-20,12:00,23,9209.775
2025-4-20,12:00,24,9995.8875
2025-4-20,18:00,1,0.0
2025-4-20,18:00,2,0.0
2025-4-20,18:00,3,0.0
2025-4-20,18:00,4,0.0
2025-4-20,18:00,5,0.0
2025-4-20,18:00,6,0.0
2025-4-20,18:00,7,0.0
2025-4-20,18:00,8,0.0
2025-4-20,18:00,9,0.0
2025-4-20,18:00,10,0.0
2025-4-20,18:00,11,0.0
2025-4-20,18:00,12,712.3741
2025-4-20,18:00,13,2715.9507
2025-4-20,18:00,14,4924.7625
2025-4-20,18:00,15,6598.3525
2025-4-20,18:00,16,6536.3683
2025-4-20,18:00,17,7428.8782
2025-4-20,18:00,18,8486.4144
2025-4-20,18:00,19,9642.0
2025-4-20,18:00,20,8230.4625
2025-4-20,18:00,21,6964.8
2025-4-20,18:00,22,4900.8375
2025-4-20,18:00,23,2847.15
2025-4-20,18:00,24,893.4
2025-4-21,0:00,1,0.0
2025-4-21,0:00,2,0.0
2025-4-21,0:00,3,0.0
2025-4-21,0:00,4,0.0
2025-4-21,0:00,5,0.0
2025-4-21,0:00,6,741.5476
2025-4-21,0:00,7,2670.0945
2025-4-21,0:00,8,4567.1201
2025-4-21,0:00,9,6148.598
2025-4-21,0:00,10,6618.6103
2025-4-21,0:00,11,7733.3774
2025-4-21,0:00,12,7689.8438
2025-4-21,0:00,13,7967.9599
2025-4-21,0:00,14,6234.8967
2025-4-21,0:00,15,5764.6386
2025-4-21,0:00,16,4021.8312
2025-4-21,0:00,17,2356.3983
2025-4-21,0:00,18,594.0206
2025-4-21,0:00,19,0.0
2025-4-21,0:00,20,0.0
2025-4-21,0:00,21,0.0
2025-4-21,0:00,22,0.0
2025-4-21,0:00,23,0.0
2025-4-21,0:00,24,0.0
2025-4-21,6:00,1,2654.5941
2025-4-21,6:00,2,4620.1777
2025-4-21,6:00,3,6727.7585
2025-4-21,6:00,4,7421.652
2025-4-21,6:00,5,8757.1426
2025-4-21,6:00,6,9190.3774
2025-4-21,6:00,7,9642.0
2025-4-21,6:00,8,7694.1052
2025-4-21,6:00,9,6670.2857
2025-4-21,6:00,10,4825.824
2025-4-21,6:00,11,2847.15
2025-4-21,6:00,12,741.6704
2025-4-21,6:00,13,0.0
2025-4-21,6:00,14,0.0
2025-4-21,6:00,15,0.0
2025-4-21,6:00,16,0.0
2025-4-21,6:00,17,0.0
2025-4-21,6:00,18,0.0
2025-4-21,6:00,19,0.0
2025-4-21,6:00,20,0.0
2025-4-21,6:00,21,0.0
2025-4-21,6:00,22,0.0
2025-4-21,6:00,23,0.0
2025-4-21,6:00,24,264.1158
2025-4-21,12:00,1,9601.3099
2025-4-21,12:00,2,7724.3831
2025-4-21,12:00,3,6287.2463
2025-4-21,12:00,4,4467.5704
2025-4-21,12:00,5,2764.1564
2025-4-21,12:00,6,692.7028
2025-4-21,12:00,7,0.0
2025-4-21,12:00,8,0.0
2025-4-21,12:00,9,0.0
2025-4-21,12:00,10,0.0
2025-4-21,12:00,11,0.0
2025-4-21,12:00,12,0.0
2025-4-21,12:00,13,0.0
2025-4-21,12:00,14,0.0
2025-4-21,12:00,15,0.0
2025-4-21,12:00,16,0.0
2025-4-21,12:00,17,0.0
2025-4-21,12:00,18,686.2505
2025-4-21,12:00,19,2722.1385
2025-4-21,12:00,20,4924.7625
2025-4-21,12:00,21,6841.3875
2025-4-21,12:00,22,8260.9875
2025-4-21,12:00,23,8796.7996
2025-4-21,12:00,24,7572.3624
2025-4-21,18:00,1,0.0
2025-4-21,18:00,2,0.0
2025-4-21,18:00,3,0.0
2025-4-21,18:00,4,0.0
2025-4-21,18:00,5,0.0
2025-4-21,18:00,6,0.0
2025-4-21,18:00,7,0.0
2025-4-21,18:00,8,0.0
2025-4-21,18:00,9,0.0
2025-4-21,18:00,10,0.0
2025-4-21,18:00,11,0.0
2025-4-21,18:00,12,682.4401
2025-4-21,18:00,13,2476.1476
2025-4-21,18:00,14,4538.9954
2025-4-21,18:00,15,6011.0089
2025-4-21,18:00,16,8260.9875
2025-4-21,18:00,17,9209.775
2025-4-21,18:00,18,8499.3505
2025-4-21,18:00,19,9642.0
2025-4-21,18:00,20,8230.4625
2025-4-21,18:00,21,6215.2345
2025-4-21,18:00,22,4727.4385
2025-4-21,18:00,23,2707.5315
2025-4-21,18:00,24,518.4851
2025-4-22,0:00,1,0.0
2025-4-22,0:00,2,0.0
2025-4-22,0:00,3,0.0
2025-4-22,0:00,4,0.0
2025-4-22,0:00,5,0.0
2025-4-22,0:00,6,579.5913
2025-4-22,0:00,7,2071.3698
2025-4-22,0:00,8,3797.0382
2025-4-22,0:00,9,5523.7464
2025-4-22,0:00,10,7808.2406
2025-4-22,0:00,11,9209.775
2025-4-22,0:00,12,9099.8947
2025-4-22,0:00,13,9565.5846
2025-4-22,0:00,14,8230.4625
2025-4-22,0:00,15,6289.1152
2025-4-22,0:00,16,4791.7284
2025-4-22,0:00,17,2847.15
2025-4-22,0:00,18,793.7146
2025-4-22,0:00,19,0.0
2025-4-22,0:00,20,0.0
2025-4-22,0:00,21,0.0
2025-4-22,0:00,22,0.0
2025-4-22,0:00,23,0.0
2025-4-22,0:00,24,0.0
2025-4-22,6:00,1,2313.2935
2025-4-22,6:00,2,4266.1607
2025-4-22,6:00,3,6142.7523
2025-4-22,6:00,4,7592.0991
2025-4-22,6:00,5,8223.6379
2025-4-22,6:00,6,7645.5382
2025-4-22,6:00,7,7749.8236
2025-4-22,6:00,8,7374.2531
2025-4-22,6:00,9,5282.0597
2025-4-22,6:00,10,4274.1253
2025-4-22,6:00,11,2363.3375
2025-4-22,6:00,12,625.4599
2025-4-22,6:00,13,0.0
2025-4-22,6:00,14,0.0
2025-4-22,6:00,15,0.0
2025-4-22,6:00,16,0.0
2025-4-22,6:00,17,0.0
2025-4-22,6:00,18,0.0
2025-4-22,6:00,19,0.0
2025-4-22,6:00,20,0.0
2025-4-22,6:00,21,0.0
2025-4-22,6:00,22,0.0
2025-4-22,6:00,23,0.0
2025-4-22,6:00,24,483.684
2025-4-22,12:00,1,8164.0086
2025-4-22,12:00,2,7449.7782
2025-4-22,12:00,3,5814.0765
2025-4-22,12:00,4,4424.7319
2025-4-22,12:00,5,2487.608
2025-4-22,12:00,6,636.7544
2025-4-22,12:00,7,0.0
2025-4-22,12:00,8,0.0
2025-4-22,12:00,9,0.0
2025-4-22,12:00,10,0.0
2025-4-22,12:00,11,0.0
2025-4-22,12:00,12,0.0
2025-4-22,12:00,13,0.0
2025-4-22,12:00,14,0.0
2025-4-22,12:00,15,0.0
2025-4-22,12:00,16,0.0
2025-4-22,12:00,17,0.0
2025-4-22,12:00,18,586.3162
2025-4-22,12:00,19,2113.1233
2025-4-22,12:00,20,4085.2688
2025-4-22,12:00,21,6841.3875
2025-4-22,12:00,22,8260.9875
2025-4-22,12:00,23,9209.775
2025-4-22,12:00,24,9995.8875
2025-4-22,18:00,1,0.0
2025-4-22,18:00,2,0.0
2025-4-22,18:00,3,0.0
2025-4-22,18:00,4,0.0
2025-4-22,18:00,5,0.0
2025-4-22,18:00,6,0.0
2025-4-22,18:00,7,0.0
2025-4-22,18:00,8,0.0
2025-4-22,18:00,9,0.0
2025-4-22,18:00,10,0.0
2025-4-22,18:00,11,0.0
2025-4-22,18:00,12,780.4385
2025-4-22,18:00,13,2829.1125
2025-4-22,18:00,14,4840.8631
2025-4-22,18:00,15,6841.3875
2025-4-22,18:00,16,8033.1783
2025-4-22,18:00,17,9190.9292
2025-4-22,18:00,18,9122.4711
2025-4-22,18:00,19,9220.7698
2025-4-22,18:00,20,6635.7493
2025-4-22,18:00,21,4921.8529
2025-4-22,18:00,22,4328.444
2025-4-22,18:00,23,2166.199
2025-4-22,18:00,24,499.5835
2025-4-23,0:00,1,0.0
2025-4-23,0:00,2,0.0
2025-4-23,0:00,3,0.0
2025-4-23,0:00,4,0.0
2025-4-23,0:00,5,0.0
2025-4-23,0:00,6,738.7055
2025-4-23,0:00,7,2689.9617
2025-4-23,0:00,8,4229.4962
2025-4-23,0:00,9,6095.7646
2025-4-23,0:00,10,7973.8537
2025-4-23,0:00,11,9209.775
2025-4-23,0:00,12,8599.5418
2025-4-23,0:00,13,9330.6169
2025-4-23,0:00,14,8230.4625
2025-4-23,0:00,15,6964.8
2025-4-23,0:00,16,4900.8375
2025-4-23,0:00,17,2907.825
2025-4-23,0:00,18,708.8997
2025-4-23,0:00,19,0.0
2025-4-23,0:00,20,0.0
2025-4-23,0:00,21,0.0
2025-4-23,0:00,22,0.0
2025-4-23,0:00,23,0.0
2025-4-23,0:00,24,0.0
2025-4-23,6:00,1,2568.23
2025-4-23,6:00,2,4211.4709
2025-4-23,6:00,3,5891.9183
2025-4-23,6:00,4,7436.1217
2025-4-23,6:00,5,8269.3461
2025-4-23,6:00,6,7894.4737
2025-4-23,6:00,7,8110.9542
2025-4-23,6:00,8,7560.4051
2025-4-23,6:00,9,6401.2842
2025-4-23,6:00,10,4707.5171
2025-4-23,6:00,11,2473.0762
2025-4-23,6:00,12,662.5492
2025-4-23,6:00,13,0.0
2025-4-23,6:00,14,0.0
2025-4-23,6:00,15,0.0
2025-4-23,6:00,16,0.0
2025-4-23,6:00,17,0.0
2025-4-23,6:00,18,0.0
2025-4-23,6:00,19,0.0
2025-4-23,6:00,20,0.0
2025-4-23,6:00,21,0.0
2025-4-23,6:00,22,0.0
2025-4-23,6:00,23,0.0
2025-4-23,6:00,24,433.4344
2025-4-23,12:00,1,7976.014
2025-4-23,12:00,2,7055.0496
2025-4-23,12:00,3,6096.0927
2025-4-23,12:00,4,4679.5812
2025-4-23,12:00,5,2611.7156
2025-4-23,12:00,6,702.8653
2025-4-23,12:00,7,0.0
2025-4-23,12:00,8,0.0
2025-4-23,12:00,9,0.0
2025-4-23,12:00,10,0.0
2025-4-23,12:00,11,0.0
2025-4-23,12:00,12,0.0
2025-4-23,12:00,13,0.0
2025-4-23,12:00,14,0.0
2025-4-23,12:00,15,0.0
2025-4-23,12:00,16,0.0
2025-4-23,12:00,17,0.0
2025-4-23,12:00,18,622.6609
2025-4-23,12:00,19,2829.1125
2025-4-23,12:00,20,4924.7625
2025-4-23,12:00,21,6841.3875
2025-4-23,12:00,22,8260.9875
2025-4-23,12:00,23,8944.0475
2025-4-23,12:00,24,8468.4631
2025-4-23,18:00,1,0.0
2025-4-23,18:00,2,0.0
2025-4-23,18:00,3,0.0
2025-4-23,18:00,4,0.0
2025-4-23,18:00,5,0.0
2025-4-23,18:00,6,0.0
2025-4-23,18:00,7,0.0
2025-4-23,18:00,8,0.0
2025-4-23,18:00,9,0.0
2025-4-23,18:00,10,0.0
2025-4-23,18:00,11,0.0
2025-4-23,18:00,12,709.2369
2025-4-23,18:00,13,2829.1125
2025-4-23,18:00,14,4924.7625
2025-4-23,18:00,15,6014.968
2025-4-23,18:00,16,6781.4095
2025-4-23,18:00,17,7420.9745
2025-4-23,18:00,18,7318.741
2025-4-23,18:00,19,7316.1956
2025-4-23,18:00,20,7013.8601
2025-4-23,18:00,21,6912.3505
2025-4-23,18:00,22,4513.1461
2025-4-23,18:00,23,2480.5751
2025-4-23,18:00,24,772.1366
2025-4-24,0:00,1,0.0
2025-4-24,0:00,2,0.0
2025-4-24,0:00,3,0.0
2025-4-24,0:00,4,0.0
2025-4-24,0:00,5,0.0
2025-4-24,0:00,6,681.1624
2025-4-24,0:00,7,2625.5436
2025-4-24,0:00,8,4153.5421
2025-4-24,0:00,9,5583.1986
2025-4-24,0:00,10,7360.9567
2025-4-24,0:00,11,8262.1365
2025-4-24,0:00,12,9258.7386
2025-4-24,0:00,13,9642.0
2025-4-24,0:00,14,8230.4625
2025-4-24,0:00,15,6964.8
2025-4-24,0:00,16,4754.1831
2025-4-24,0:00,17,2603.0313
2025-4-24,0:00,18,750.3967
2025-4-24,0:00,19,0.0
2025-4-24,0:00,20,0.0
2025-4-24,0:00,21,0.0
2025-4-24,0:00,22,0.0
2025-4-24,0:00,23,0.0
2025-4-24,0:00,24,0.0
2025-4-24,6:00,1,2755.5276
2025-4-24,6:00,2,4592.439
2025-4-24,6:00,3,6333.8503
2025-4-24,6:00,4,7519.17
2025-4-24,6:00,5,8787.9075
2025-4-24,6:00,6,8975.2471
2025-4-24,6:00,7,9642.0
2025-4-24,6:00,8,8230.4625
2025-4-24,6:00,9,6964.8
2025-4-24,6:00,10,4562.4521
2025-4-24,6:00,11,2551.4306
2025-4-24,6:00,12,708.6285
2025-4-24,6:00,13,0.0
2025-4-24,6:00,14,0.0
2025-4-24,6:00,15,0.0
2025-4-24,6:00,16,0.0
2025-4-24,6:00,17,0.0
2025-4-24,6:00,18,0.0
2025-4-24,6:00,19,0.0
2025-4-24,6:00,20,0.0
2025-4-24,6:00,21,0.0
2025-4-24,6:00,22,0.0
2025-4-24,6:00,23,0.0
2025-4-24,6:00,24,975.9077
2025-4-24,12:00,1,8798.6667
2025-4-24,12:00,2,7842.708
2025-4-24,12:00,3,6751.8251
2025-4-24,12:00,4,4219.7656
2025-4-24,12:00,5,2223.0312
2025-4-24,12:00,6,645.5312
2025-4-24,12:00,7,0.0
2025-4-24,12:00,8,0.0
2025-4-24,12:00,9,0.0
2025-4-24,12:00,10,0.0
2025-4-24,12:00,11,0.0
2025-4-24,12:00,12,0.0
2025-4-24,12:00,13,0.0
2025-4-24,12:00,14,0.0
2025-4-24,12:00,15,0.0
2025-4-24,12:00,16,0.0
2025-4-24,12:00,17,0.0
2025-4-24,12:00,18,829.3294
2025-4-24,12:00,19,2829.1125
2025-4-24,12:00,20,4924.7625
2025-4-24,12:00,21,6841.3875
2025-4-24,12:00,22,8260.9875
2025-4-24,12:00,23,9209.775
2025-4-24,12:00,24,9184.1832
2025-4-24,18:00,1,0.0
2025-4-24,18:00,2,0.0
2025-4-24,18:00,3,0.0
2025-4-24,18:00,4,0.0
2025-4-24,18:00,5,0.0
2025-4-24,18:00,6,0.0
2025-4-24,18:00,7,0.0
2025-4-24,18:00,8,0.0
2025-4-24,18:00,9,0.0
2025-4-24,18:00,10,0.0
2025-4-24,18:00,11,0.0
2025-4-24,18:00,12,905.0065
2025-4-24,18:00,13,2829.1125
2025-4-24,18:00,14,4793.8866
2025-4-24,18:00,15,5872.7505
2025-4-24,18:00,16,6479.8354
2025-4-24,18:00,17,7221.3157
2025-4-24,18:00,18,6791.0241
2025-4-24,18:00,19,6929.664
2025-4-24,18:00,20,7188.7236
2025-4-24,18:00,21,6571.7089
2025-4-24,18:00,22,4900.8375
2025-4-24,18:00,23,2907.825
2025-4-24,18:00,24,959.8875
2025-4-25,0:00,1,0.0
2025-4-25,0:00,2,0.0
2025-4-25,0:00,3,0.0
2025-4-25,0:00,4,0.0
2025-4-25,0:00,5,0.0
2025-4-25,0:00,6,809.4784
2025-4-25,0:00,7,2829.1125
2025-4-25,0:00,8,4705.889
2025-4-25,0:00,9,6577.5276
2025-4-25,0:00,10,8018.0515
2025-4-25,0:00,11,9209.775
2025-4-25,0:00,12,9995.8875
2025-4-25,0:00,13,8656.8344
2025-4-25,0:00,14,7896.6434
2025-4-25,0:00,15,6236.1312
2025-4-25,0:00,16,4563.625
2025-4-25,0:00,17,2171.675
2025-4-25,0:00,18,695.6388
2025-4-25,0:00,19,0.0
2025-4-25,0:00,20,0.0
2025-4-25,0:00,21,0.0
2025-4-25,0:00,22,0.0
2025-4-25,0:00,23,0.0
2025-4-25,0:00,24,0.0
2025-4-25,6:00,1,2790.0602
2025-4-25,6:00,2,4259.4426
2025-4-25,6:00,3,6025.0915
2025-4-25,6:00,4,7868.2731
2025-4-25,6:00,5,8892.8576
2025-4-25,6:00,6,9482.8311
2025-4-25,6:00,7,8436.7931
2025-4-25,6:00,8,8035.3514
2025-4-25,6:00,9,6799.0313
2025-4-25,6:00,10,4660.7256
2025-4-25,6:00,11,2290.7341
2025-4-25,6:00,12,643.8916
2025-4-25,6:00,13,0.0
2025-4-25,6:00,14,0.0
2025-4-25,6:00,15,0.0
2025-4-25,6:00,16,0.0
2025-4-25,6:00,17,0.0
2025-4-25,6:00,18,0.0
2025-4-25,6:00,19,0.0
2025-4-25,6:00,20,0.0
2025-4-25,6:00,21,0.0
2025-4-25,6:00,22,0.0
2025-4-25,6:00,23,0.0
2025-4-25,6:00,24,964.8182
2025-4-25,12:00,1,8000.7599
2025-4-25,12:00,2,7722.0268
2025-4-25,12:00,3,6964.8
2025-4-25,12:00,4,4900.8375
2025-4-25,12:00,5,2636.873
2025-4-25,12:00,6,801.7042
2025-4-25,12:00,7,0.0
2025-4-25,12:00,8,0.0
2025-4-25,12:00,9,0.0
2025-4-25,12:00,10,0.0
2025-4-25,12:00,11,0.0
2025-4-25,12:00,12,0.0
2025-4-25,12:00,13,0.0
2025-4-25,12:00,14,0.0
2025-4-25,12:00,15,0.0
2025-4-25,12:00,16,0.0
2025-4-25,12:00,17,0.0
2025-4-25,12:00,18,780.6301
2025-4-25,12:00,19,2568.1203
2025-4-25,12:00,20,4175.8196
2025-4-25,12:00,21,6841.3875
2025-4-25,12:00,22,8260.9875
2025-4-25,12:00,23,9209.775
2025-4-25,12:00,24,9995.8875
2025-4-25,18:00,1,0.0
2025-4-25,18:00,2,0.0
2025-4-25,18:00,3,0.0
2025-4-25,18:00,4,0.0
2025-4-25,18:00,5,0.0
2025-4-25,18:00,6,0.0
2025-4-25,18:00,7,0.0
2025-4-25,18:00,8,0.0
2025-4-25,18:00,9,0.0
2025-4-25,18:00,10,0.0
2025-4-25,18:00,11,0.0
2025-4-25,18:00,12,746.0164
2025-4-25,18:00,13,2637.7743
2025-4-25,18:00,14,4267.432
2025-4-25,18:00,15,6078.7812
2025-4-25,18:00,16,8137.1251
2025-4-25,18:00,17,9209.775
2025-4-25,18:00,18,9995.8875
2025-4-25,18:00,19,8781.7783
2025-4-25,18:00,20,6509.1974
2025-4-25,18:00,21,5448.4419
2025-4-25,18:00,22,4381.205
2025-4-25,18:00,23,2427.098
2025-4-25,18:00,24,873.6315
2025-4-26,0:00,1,0.0
2025-4-26,0:00,2,0.0
2025-4-26,0:00,3,0.0
2025-4-26,0:00,4,0.0
2025-4-26,0:00,5,0.0
2025-4-26,0:00,6,833.6155
2025-4-26,0:00,7,2829.1125
2025-4-26,0:00,8,4924.7625
2025-4-26,0:00,9,6652.8587
2025-4-26,0:00,10,8260.9875
2025-4-26,0:00,11,8559.2018
2025-4-26,0:00,12,9470.8682
2025-4-26,0:00,13,8666.6436
2025-4-26,0:00,14,8230.4625
2025-4-26,0:00,15,6079.4878
2025-4-26,0:00,16,4799.6981
2025-4-26,0:00,17,2349.0756
2025-4-26,0:00,18,717.412
2025-4-26,0:00,19,0.0
2025-4-26,0:00,20,0.0
2025-4-26,0:00,21,0.0
2025-4-26,0:00,22,0.0
2025-4-26,0:00,23,0.0
2025-4-26,0:00,24,0.0
2025-4-26,6:00,1,2768.6169
2025-4-26,6:00,2,4792.5574
2025-4-26,6:00,3,6499.8665
2025-4-26,6:00,4,7796.5102
2025-4-26,6:00,5,9209.775
2025-4-26,6:00,6,9995.8875
2025-4-26,6:00,7,9122.2022
2025-4-26,6:00,8,7703.9141
2025-4-26,6:00,9,6802.7061
2025-4-26,6:00,10,4641.3626
2025-4-26,6:00,11,2428.3385
2025-4-26,6:00,12,821.9981
2025-4-26,6:00,13,0.0
2025-4-26,6:00,14,0.0
2025-4-26,6:00,15,0.0
2025-4-26,6:00,16,0.0
2025-4-26,6:00,17,0.0
2025-4-26,6:00,18,0.0
2025-4-26,6:00,19,0.0
2025-4-26,6:00,20,0.0
2025-4-26,6:00,21,0.0
2025-4-26,6:00,22,0.0
2025-4-26,6:00,23,0.0
2025-4-26,6:00,24,695.3793
2025-4-26,12:00,1,8824.4783
2025-4-26,12:00,2,7108.043
2025-4-26,12:00,3,5889.115
2025-4-26,12:00,4,4222.6874
2025-4-26,12:00,5,2237.0167
2025-4-26,12:00,6,727.6666
2025-4-26,12:00,7,0.0
2025-4-26,12:00,8,0.0
2025-4-26,12:00,9,0.0
2025-4-26,12:00,10,0.0
2025-4-26,12:00,11,0.0
2025-4-26,12:00,12,0.0
2025-4-26,12:00,13,0.0
2025-4-26,12:00,14,0.0
2025-4-26,12:00,15,0.0
2025-4-26,12:00,16,0.0
2025-4-26,12:00,17,0.0
2025-4-26,12:00,18,682.7409
2025-4-26,12:00,19,2646.7109
2025-4-26,12:00,20,4692.7831
2025-4-26,12:00,21,5499.6851
2025-4-26,12:00,22,6720.1822
2025-4-26,12:00,23,6369.3622
2025-4-26,12:00,24,4885.2944
2025-4-26,18:00,1,0.0
2025-4-26,18:00,2,0.0
2025-4-26,18:00,3,0.0
2025-4-26,18:00,4,0.0
2025-4-26,18:00,5,0.0
2025-4-26,18:00,6,0.0
2025-4-26,18:00,7,0.0
2025-4-26,18:00,8,0.0
2025-4-26,18:00,9,0.0
2025-4-26,18:00,10,0.0
2025-4-26,18:00,11,0.0
2025-4-26,18:00,12,604.1254
2025-4-26,18:00,13,1860.1566
2025-4-26,18:00,14,3620.0779
2025-4-26,18:00,15,5945.8693
2025-4-26,18:00,16,8260.9875
2025-4-26,18:00,17,9209.775
2025-4-26,18:00,18,9995.8875
2025-4-26,18:00,19,9561.1058
2025-4-26,18:00,20,7094.5033
2025-4-26,18:00,21,5439.9708
2025-4-26,18:00,22,4301.0517
2025-4-26,18:00,23,2207.4052
2025-4-26,18:00,24,754.9714
2025-4-27,0:00,1,0.0
2025-4-27,0:00,2,0.0
2025-4-27,0:00,3,0.0
2025-4-27,0:00,4,0.0
2025-4-27,0:00,5,0.0
2025-4-27,0:00,6,714.9352
2025-4-27,0:00,7,2407.05
2025-4-27,0:00,8,4700.4757
2025-4-27,0:00,9,6667.8397
2025-4-27,0:00,10,8260.9875
2025-4-27,0:00,11,9209.775
2025-4-27,0:00,12,9831.9288
2025-4-27,0:00,13,8131.4821
2025-4-27,0:00,14,7374.0682
2025-4-27,0:00,15,6432.3531
2025-4-27,0:00,16,4341.8881
2025-4-27,0:00,17,2657.0117
2025-4-27,0:00,18,922.9859
2025-4-27,0:00,19,0.0
2025-4-27,0:00,20,0.0
2025-4-27,0:00,21,0.0
2025-4-27,0:00,22,0.0
2025-4-27,0:00,23,0.0
2025-4-27,0:00,24,0.0
2025-4-27,6:00,1,2420.2601
2025-4-27,6:00,2,4283.4945
2025-4-27,6:00,3,5672.6914
2025-4-27,6:00,4,7398.837
2025-4-27,6:00,5,7961.7806
2025-4-27,6:00,6,8400.8218
2025-4-27,6:00,7,8593.2475
2025-4-27,6:00,8,7739.1329
2025-4-27,6:00,9,6796.9063
2025-4-27,6:00,10,4469.3638
2025-4-27,6:00,11,2482.7124
2025-4-27,6:00,12,699.4508
2025-4-27,6:00,13,0.0
2025-4-27,6:00,14,0.0
2025-4-27,6:00,15,0.0
2025-4-27,6:00,16,0.0
2025-4-27,6:00,17,0.0
2025-4-27,6:00,18,0.0
2025-4-27,6:00,19,0.0
2025-4-27,6:00,20,0.0
2025-4-27,6:00,21,0.0
2025-4-27,6:00,22,0.0
2025-4-27,6:00,23,0.0
2025-4-27,6:00,24,785.2861
2025-4-27,12:00,1,8636.2499
2025-4-27,12:00,2,7464.3074
2025-4-27,12:00,3,6392.1738
2025-4-27,12:00,4,4359.2691
2025-4-27,12:00,5,2294.712
2025-4-27,12:00,6,694.3616
2025-4-27,12:00,7,0.0
2025-4-27,12:00,8,0.0
2025-4-27,12:00,9,0.0
2025-4-27,12:00,10,0.0
2025-4-27,12:00,11,0.0
2025-4-27,12:00,12,0.0
2025-4-27,12:00,13,0.0
2025-4-27,12:00,14,0.0
2025-4-27,12:00,15,0.0
2025-4-27,12:00,16,0.0
2025-4-27,12:00,17,0.0
2025-4-27,12:00,18,694.5366
2025-4-27,12:00,19,3135.5625
2025-4-27,12:00,20,4913.3969
2025-4-27,12:00,21,6810.5441
2025-4-27,12:00,22,8185.6468
2025-4-27,12:00,23,9204.3984
2025-4-27,12:00,24,8803.3918
2025-4-27,18:00,1,0.0
2025-4-27,18:00,2,0.0
2025-4-27,18:00,3,0.0
2025-4-27,18:00,4,0.0
2025-4-27,18:00,5,0.0
2025-4-27,18:00,6,0.0
2025-4-27,18:00,7,0.0
2025-4-27,18:00,8,0.0
2025-4-27,18:00,9,0.0
2025-4-27,18:00,10,0.0
2025-4-27,18:00,11,0.0
2025-4-27,18:00,12,677.6985
2025-4-27,18:00,13,2561.0529
2025-4-27,18:00,14,3752.4654
2025-4-27,18:00,15,4876.1123
2025-4-27,18:00,16,5995.289
2025-4-27,18:00,17,5438.1433
2025-4-27,18:00,18,6328.2289
2025-4-27,18:00,19,7119.3542
2025-4-27,18:00,20,4851.3131
2025-4-27,18:00,21,4933.7635
2025-4-27,18:00,22,3579.3028
2025-4-27,18:00,23,2080.2573
2025-4-27,18:00,24,729.0429
2025-4-28,0:00,1,0.0
2025-4-28,0:00,2,0.0
2025-4-28,0:00,3,0.0
2025-4-28,0:00,4,0.0
2025-4-28,0:00,5,0.0
2025-4-28,0:00,6,685.134
2025-4-28,0:00,7,2816.3605
2025-4-28,0:00,8,4618.5376
2025-4-28,0:00,9,5566.3746
2025-4-28,0:00,10,6872.3742
2025-4-28,0:00,11,7309.3283
2025-4-28,0:00,12,6751.0526
2025-4-28,0:00,13,7118.9082
2025-4-28,0:00,14,6453.9199
2025-4-28,0:00,15,5466.4204
2025-4-28,0:00,16,3509.3804
2025-4-28,0:00,17,2572.5447
2025-4-28,0:00,18,841.4825
2025-4-28,0:00,19,0.0
2025-4-28,0:00,20,0.0
2025-4-28,0:00,21,0.0
2025-4-28,0:00,22,0.0
2025-4-28,0:00,23,0.0
2025-4-28,0:00,24,0.0
2025-4-28,6:00,1,2726.6626
2025-4-28,6:00,2,4419.3749
2025-4-28,6:00,3,5290.2056
2025-4-28,6:00,4,6533.6874
2025-4-28,6:00,5,6405.9907
2025-4-28,6:00,6,6401.9484
2025-4-28,6:00,7,7181.9884
2025-4-28,6:00,8,6036.1867
2025-4-28,6:00,9,5271.2518
2025-4-28,6:00,10,3831.2644
2025-4-28,6:00,11,2495.1318
2025-4-28,6:00,12,758.8863
2025-4-28,6:00,13,0.0
2025-4-28,6:00,14,0.0
2025-4-28,6:00,15,0.0
2025-4-28,6:00,16,0.0
2025-4-28,6:00,17,0.0
2025-4-28,6:00,18,0.0
2025-4-28,6:00,19,0.0
2025-4-28,6:00,20,0.0
2025-4-28,6:00,21,0.0
2025-4-28,6:00,22,0.0
2025-4-28,6:00,23,0.0
2025-4-28,6:00,24,808.845
2025-4-28,12:00,1,7965.9937
2025-4-28,12:00,2,6512.4304
2025-4-28,12:00,3,5612.0472
2025-4-28,12:00,4,3876.7031
2025-4-28,12:00,5,2424.3656
2025-4-28,12:00,6,762.2342
2025-4-28,12:00,7,0.0
2025-4-28,12:00,8,0.0
2025-4-28,12:00,9,0.0
2025-4-28,12:00,10,0.0
2025-4-28,12:00,11,0.0
2025-4-28,12:00,12,0.0
2025-4-28,12:00,13,0.0
2025-4-28,12:00,14,0.0
2025-4-28,12:00,15,0.0
2025-4-28,12:00,16,0.0
2025-4-28,12:00,17,0.0
2025-4-28,12:00,18,997.0379
2025-4-28,12:00,19,3135.5625
2025-4-28,12:00,20,5368.275
2025-4-28,12:00,21,6688.1357
2025-4-28,12:00,22,8260.9875
2025-4-28,12:00,23,9209.775
2025-4-28,12:00,24,7835.3
2025-4-28,18:00,1,0.0
2025-4-28,18:00,2,0.0
2025-4-28,18:00,3,0.0
2025-4-28,18:00,4,0.0
2025-4-28,18:00,5,0.0
2025-4-28,18:00,6,0.0
2025-4-28,18:00,7,0.0
2025-4-28,18:00,8,0.0
2025-4-28,18:00,9,0.0
2025-4-28,18:00,10,0.0
2025-4-28,18:00,11,0.0
2025-4-28,18:00,12,873.891
2025-4-28,18:00,13,2772.8205
2025-4-28,18:00,14,4882.4206
2025-4-28,18:00,15,5903.5707
2025-4-28,18:00,16,7093.7911
2025-4-28,18:00,17,6109.1361
2025-4-28,18:00,18,5990.6995
2025-4-28,18:00,19,7964.143
2025-4-28,18:00,20,8230.4625
2025-4-28,18:00,21,5602.3325
2025-4-28,18:00,22,4201.0852
2025-4-28,18:00,23,2526.8952
2025-4-28,18:00,24,609.9286
2025-4-29,0:00,1,0.0
2025-4-29,0:00,2,0.0
2025-4-29,0:00,3,0.0
2025-4-29,0:00,4,0.0
2025-4-29,0:00,5,0.0
2025-4-29,0:00,6,812.0536
2025-4-29,0:00,7,2789.1859
2025-4-29,0:00,8,5338.1737
2025-4-29,0:00,9,6841.3875
2025-4-29,0:00,10,8260.9875
2025-4-29,0:00,11,9209.775
2025-4-29,0:00,12,7783.1246
2025-4-29,0:00,13,7228.8757
2025-4-29,0:00,14,7681.4161
2025-4-29,0:00,15,6005.2898
2025-4-29,0:00,16,4512.7422
2025-4-29,0:00,17,2748.7912
2025-4-29,0:00,18,849.1407
2025-4-29,0:00,19,0.0
2025-4-29,0:00,20,0.0
2025-4-29,0:00,21,0.0
2025-4-29,0:00,22,0.0
2025-4-29,0:00,23,0.0
2025-4-29,0:00,24,0.0
2025-4-29,6:00,1,2713.1392
2025-4-29,6:00,2,4779.1771
2025-4-29,6:00,3,6609.1131
2025-4-29,6:00,4,7820.6835
2025-4-29,6:00,5,8517.8816
2025-4-29,6:00,6,8260.3528
2025-4-29,6:00,7,8850.7943
2025-4-29,6:00,8,8184.7275
2025-4-29,6:00,9,6155.0061
2025-4-29,6:00,10,4118.3172
2025-4-29,6:00,11,2497.0471
2025-4-29,6:00,12,710.9974
2025-4-29,6:00,13,0.0
2025-4-29,6:00,14,0.0
2025-4-29,6:00,15,0.0
2025-4-29,6:00,16,0.0
2025-4-29,6:00,17,0.0
2025-4-29,6:00,18,0.0
2025-4-29,6:00,19,0.0
2025-4-29,6:00,20,0.0
2025-4-29,6:00,21,0.0
2025-4-29,6:00,22,0.0
2025-4-29,6:00,23,0.0
2025-4-29,6:00,24,1054.869
2025-4-29,12:00,1,8711.4287
2025-4-29,12:00,2,7904.7389
2025-4-29,12:00,3,5821.2758
2025-4-29,12:00,4,3940.7642
2025-4-29,12:00,5,2338.8861
2025-4-29,12:00,6,736.7774
2025-4-29,12:00,7,0.0
2025-4-29,12:00,8,0.0
2025-4-29,12:00,9,0.0
2025-4-29,12:00,10,0.0
2025-4-29,12:00,11,0.0
2025-4-29,12:00,12,0.0
2025-4-29,12:00,13,0.0
2025-4-29,12:00,14,0.0
2025-4-29,12:00,15,0.0
2025-4-29,12:00,16,0.0
2025-4-29,12:00,17,0.0
2025-4-29,12:00,18,1047.5576
2025-4-29,12:00,19,2720.5719
2025-4-29,12:00,20,4756.0906
2025-4-29,12:00,21,6234.9389
2025-4-29,12:00,22,8260.9875
2025-4-29,12:00,23,6337.0902
2025-4-29,12:00,24,9995.8875
2025-4-29,18:00,1,0.0
2025-4-29,18:00,2,0.0
2025-4-29,18:00,3,0.0
2025-4-29,18:00,4,0.0
2025-4-29,18:00,5,0.0
2025-4-29,18:00,6,0.0
2025-4-29,18:00,7,0.0
2025-4-29,18:00,8,0.0
2025-4-29,18:00,9,0.0
2025-4-29,18:00,10,0.0
2025-4-29,18:00,11,0.0
2025-4-29,18:00,12,785.0261
2025-4-29,18:00,13,2532.98
2025-4-29,18:00,14,4387.5303
2025-4-29,18:00,15,6182.3967
2025-4-29,18:00,16,7668.73
2025-4-29,18:00,17,7548.5246
2025-4-29,18:00,18,6098.1522
2025-4-29,18:00,19,4951.4671
2025-4-29,18:00,20,6099.7257
2025-4-29,18:00,21,5166.1288
2025-4-29,18:00,22,3381.7634
2025-4-29,18:00,23,2729.3023
2025-4-29,18:00,24,929.7318
2025-4-30,0:00,1,0.0
2025-4-30,0:00,2,0.0
2025-4-30,0:00,3,0.0
2025-4-30,0:00,4,0.0
2025-4-30,0:00,5,0.0
2025-4-30,0:00,6,939.6816
2025-4-30,0:00,7,3080.0657
2025-4-30,0:00,8,5136.1983
2025-4-30,0:00,9,6841.3875
2025-4-30,0:00,10,8260.9875
2025-4-30,0:00,11,8992.5907
2025-4-30,0:00,12,8553.411
2025-4-30,0:00,13,8586.2116
2025-4-30,0:00,14,8230.4625
2025-4-30,0:00,15,6964.8
2025-4-30,0:00,16,4364.321
2025-4-30,0:00,17,2681.795
2025-4-30,0:00,18,714.9589
2025-4-30,0:00,19,0.0
2025-4-30,0:00,20,0.0
2025-4-30,0:00,21,0.0
2025-4-30,0:00,22,0.0
2025-4-30,0:00,23,0.0
2025-4-30,0:00,24,0.0
2025-4-30,6:00,1,2685.9281
2025-4-30,6:00,2,4796.3137
2025-4-30,6:00,3,6841.3875
2025-4-30,6:00,4,8260.9875
2025-4-30,6:00,5,8438.6444
2025-4-30,6:00,6,8425.0632
2025-4-30,6:00,7,7883.8793
2025-4-30,6:00,8,7775.944
2025-4-30,6:00,9,6275.4249
2025-4-30,6:00,10,4512.3707
2025-4-30,6:00,11,2907.825
2025-4-30,6:00,12,940.7719
2025-4-30,6:00,13,0.0
2025-4-30,6:00,14,0.0
2025-4-30,6:00,15,0.0
2025-4-30,6:00,16,0.0
2025-4-30,6:00,17,0.0
2025-4-30,6:00,18,0.0
2025-4-30,6:00,19,0.0
2025-4-30,6:00,20,0.0
2025-4-30,6:00,21,0.0
2025-4-30,6:00,22,0.0
2025-4-30,6:00,23,0.0
2025-4-30,6:00,24,1088.0472
2025-4-30,12:00,1,7945.6792
2025-4-30,12:00,2,8052.8235
2025-4-30,12:00,3,6605.7228
2025-4-30,12:00,4,4829.144
2025-4-30,12:00,5,2907.825
2025-4-30,12:00,6,896.1665
2025-4-30,12:00,7,0.0
2025-4-30,12:00,8,0.0
2025-4-30,12:00,9,0.0
2025-4-30,12:00,10,0.0
2025-4-30,12:00,11,0.0
2025-4-30,12:00,12,0.0
2025-4-30,12:00,13,0.0
2025-4-30,12:00,14,0.0
2025-4-30,12:00,15,0.0
2025-4-30,12:00,16,0.0
2025-4-30,12:00,17,0.0
2025-4-30,12:00,18,813.4087
2025-4-30,12:00,19,1792.1604
2025-4-30,12:00,20,3861.7257
2025-4-30,12:00,21,6124.9423
2025-4-30,12:00,22,8205.3375
2025-4-30,12:00,23,9209.775
2025-4-30,12:00,24,9995.8875
2025-4-30,18:00,1,0.0
2025-4-30,18:00,2,0.0
2025-4-30,18:00,3,0.0
2025-4-30,18:00,4,0.0
2025-4-30,18:00,5,0.0
2025-4-30,18:00,6,0.0
2025-4-30,18:00,7,0.0
2025-4-30,18:00,8,0.0
2025-4-30,18:00,9,0.0
2025-4-30,18:00,10,0.0
2025-4-30,18:00,11,0.0
2025-4-30,18:00,12,841.2014
2025-4-30,18:00,13,2219.8439
2025-4-30,18:00,14,3434.4017
2025-4-30,18:00,15,5683.6002
2025-4-30,18:00,16,8205.3375
2025-4-30,18:00,17,9209.775
2025-4-30,18:00,18,9995.8875
2025-4-30,18:00,19,9642.0
2025-4-30,18:00,20,8230.4625
2025-4-30,18:00,21,6964.8
2025-4-30,18:00,22,4951.8
2025-4-30,18:00,23,2914.875
2025-4-30,18:00,24,1003.1881
2025-5-1,0:00,1,0.0
2025-5-1,0:00,2,0.0
2025-5-1,0:00,3,0.0
2025-5-1,0:00,4,0.0
2025-5-1,0:00,5,0.0
2025-5-1,0:00,6,832.451
2025-5-1,0:00,7,2455.4095
2025-5-1,0:00,8,4412.8263
2025-5-1,0:00,9,6841.3875
2025-5-1,0:00,10,8205.3375
2025-5-1,0:00,11,9209.775
2025-5-1,0:00,12,9112.979
2025-5-1,0:00,13,8488.5339
2025-5-1,0:00,14,7500.1878
2025-5-1,0:00,15,6201.0023
2025-5-1,0:00,16,4193.6137
2025-5-1,0:00,17,2514.6472
2025-5-1,0:00,18,760.5643
2025-5-1,0:00,19,0.0
2025-5-1,0:00,20,0.0
2025-5-1,0:00,21,0.0
2025-5-1,0:00,22,0.0
2025-5-1,0:00,23,0.0
2025-5-1,0:00,24,0.0
2025-5-1,6:00,1,2275.9833
2025-5-1,6:00,2,3745.8717
2025-5-1,6:00,3,5817.8956
2025-5-1,6:00,4,7736.6044
2025-5-1,6:00,5,8866.072
2025-5-1,6:00,6,9471.9828
2025-5-1,6:00,7,9242.0144
2025-5-1,6:00,8,8230.4625
2025-5-1,6:00,9,6750.3901
2025-5-1,6:00,10,4012.0849
2025-5-1,6:00,11,2425.1943
2025-5-1,6:00,12,718.1976
2025-5-1,6:00,13,0.0
2025-5-1,6:00,14,0.0
2025-5-1,6:00,15,0.0
2025-5-1,6:00,16,0.0
2025-5-1,6:00,17,0.0
2025-5-1,6:00,18,0.0
2025-5-1,6:00,19,0.0
2025-5-1,6:00,20,0.0
2025-5-1,6:00,21,0.0
2025-5-1,6:00,22,0.0
2025-5-1,6:00,23,0.0
2025-5-1,6:00,24,590.116
2025-5-1,12:00,1,8628.3626
2025-5-1,12:00,2,8100.2447
2025-5-1,12:00,3,6029.754
2025-5-1,12:00,4,4080.7076
2025-5-1,12:00,5,2491.0785
2025-5-1,12:00,6,778.0233
2025-5-1,12:00,7,0.0
2025-5-1,12:00,8,0.0
2025-5-1,12:00,9,0.0
2025-5-1,12:00,10,0.0
2025-5-1,12:00,11,0.0
2025-5-1,12:00,12,0.0
2025-5-1,12:00,13,0.0
2025-5-1,12:00,14,0.0
2025-5-1,12:00,15,0.0
2025-5-1,12:00,16,0.0
2025-5-1,12:00,17,0.0
2025-5-1,12:00,18,923.1713
2025-5-1,12:00,19,2470.248
2025-5-1,12:00,20,3542.6352
2025-5-1,12:00,21,5970.504
2025-5-1,12:00,22,7127.9187
2025-5-1,12:00,23,7541.2761
2025-5-1,12:00,24,8731.7755
2025-5-1,18:00,1,0.0
2025-5-1,18:00,2,0.0
2025-5-1,18:00,3,0.0
2025-5-1,18:00,4,0.0
2025-5-1,18:00,5,0.0
2025-5-1,18:00,6,0.0
2025-5-1,18:00,7,0.0
2025-5-1,18:00,8,0.0
2025-5-1,18:00,9,0.0
2025-5-1,18:00,10,0.0
2025-5-1,18:00,11,0.0
2025-5-1,18:00,12,686.9211
2025-5-1,18:00,13,2272.1214
2025-5-1,18:00,14,3601.0278
2025-5-1,18:00,15,5631.6971
2025-5-1,18:00,16,6533.8166
2025-5-1,18:00,17,5938.5482
2025-5-1,18:00,18,5751.5271
2025-5-1,18:00,19,4921.9271
2025-5-1,18:00,20,5589.0806
2025-5-1,18:00,21,4445.3023
2025-5-1,18:00,22,4746.0579
2025-5-1,18:00,23,2589.9869
2025-5-1,18:00,24,908.9097
2025-5-2,0:00,1,0.0
2025-5-2,0:00,2,0.0
2025-5-2,0:00,3,0.0
2025-5-2,0:00,4,0.0
2025-5-2,0:00,5,0.0
2025-5-2,0:00,6,716.8564
2025-5-2,0:00,7,2234.0574
2025-5-2,0:00,8,3737.339
2025-5-2,0:00,9,5372.0751
2025-5-2,0:00,10,6639.0612
2025-5-2,0:00,11,7067.5248
2025-5-2,0:00,12,6891.1169
2025-5-2,0:00,13,7504.5028
2025-5-2,0:00,14,7961.0904
2025-5-2,0:00,15,4855.1756
2025-5-2,0:00,16,3887.3218
2025-5-2,0:00,17,2055.525
2025-5-2,0:00,18,491.7888
2025-5-2,0:00,19,0.0
2025-5-2,0:00,20,0.0
2025-5-2,0:00,21,0.0
2025-5-2,0:00,22,0.0
2025-5-2,0:00,23,0.0
2025-5-2,0:00,24,0.0
2025-5-2,6:00,1,2313.9241
2025-5-2,6:00,2,3814.5045
2025-5-2,6:00,3,5493.6451
2025-5-2,6:00,4,6307.2033
2025-5-2,6:00,5,7122.0752
2025-5-2,6:00,6,7140.9514
2025-5-2,6:00,7,6362.1228
2025-5-2,6:00,8,6705.3313
2025-5-2,6:00,9,5275.9792
2025-5-2,6:00,10,3956.1963
2025-5-2,6:00,11,1957.3524
2025-5-2,6:00,12,583.5126
2025-5-2,6:00,13,0.0
2025-5-2,6:00,14,0.0
2025-5-2,6:00,15,0.0
2025-5-2,6:00,16,0.0
2025-5-2,6:00,17,0.0
2025-5-2,6:00,18,0.0
2025-5-2,6:00,19,0.0
2025-5-2,6:00,20,0.0
2025-5-2,6:00,21,0.0
2025-5-2,6:00,22,0.0
2025-5-2,6:00,23,0.0
2025-5-2,6:00,24,167.2914
2025-5-2,12:00,1,6973.505
2025-5-2,12:00,2,6977.9351
2025-5-2,12:00,3,5089.2755
2025-5-2,12:00,4,3910.7093
2025-5-2,12:00,5,2124.7058
2025-5-2,12:00,6,619.9872
2025-5-2,12:00,7,0.0
2025-5-2,12:00,8,0.0
2025-5-2,12:00,9,0.0
2025-5-2,12:00,10,0.0
2025-5-2,12:00,11,0.0
2025-5-2,12:00,12,0.0
2025-5-2,12:00,13,0.0
2025-5-2,12:00,14,0.0
2025-5-2,12:00,15,0.0
2025-5-2,12:00,16,0.0
2025-5-2,12:00,17,0.0
2025-5-2,12:00,18,944.4278
2025-5-2,12:00,19,2905.7488
2025-5-2,12:00,20,5368.275
2025-5-2,12:00,21,6841.3875
2025-5-2,12:00,22,8205.3375
2025-5-2,12:00,23,9209.775
2025-5-2,12:00,24,9458.166
2025-5-2,18:00,1,0.0
2025-5-2,18:00,2,0.0
2025-5-2,18:00,3,0.0
2025-5-2,18:00,4,0.0
2025-5-2,18:00,5,0.0
2025-5-2,18:00,6,0.0
2025-5-2,18:00,7,0.0
2025-5-2,18:00,8,0.0
2025-5-2,18:00,9,0.0
2025-5-2,18:00,10,0.0
2025-5-2,18:00,11,0.0
2025-5-2,18:00,12,715.0177
2025-5-2,18:00,13,1896.46
2025-5-2,18:00,14,3572.0149
2025-5-2,18:00,15,5284.8663
2025-5-2,18:00,16,6568.7064
2025-5-2,18:00,17,9209.775
2025-5-2,18:00,18,9156.0095
2025-5-2,18:00,19,9575.3243
2025-5-2,18:00,20,8230.4625
2025-5-2,18:00,21,6964.8
2025-5-2,18:00,22,4951.8
2025-5-2,18:00,23,3003.675
2025-5-2,18:00,24,1132.2825
2025-5-3,0:00,1,0.0
2025-5-3,0:00,2,0.0
2025-5-3,0:00,3,0.0
2025-5-3,0:00,4,0.0
2025-5-3,0:00,5,0.0
2025-5-3,0:00,6,753.5473
2025-5-3,0:00,7,2322.2601
2025-5-3,0:00,8,4140.4898
2025-5-3,0:00,9,6439.6847
2025-5-3,0:00,10,7343.8733
2025-5-3,0:00,11,8674.3912
2025-5-3,0:00,12,7509.4014
2025-5-3,0:00,13,7223.9027
2025-5-3,0:00,14,5945.4712
2025-5-3,0:00,15,5676.7754
2025-5-3,0:00,16,3930.2824
2025-5-3,0:00,17,2530.2339
2025-5-3,0:00,18,830.4421
2025-5-3,0:00,19,0.0
2025-5-3,0:00,20,0.0
2025-5-3,0:00,21,0.0
2025-5-3,0:00,22,0.0
2025-5-3,0:00,23,0.0
2025-5-3,0:00,24,0.0
2025-5-3,6:00,1,2517.1602
2025-5-3,6:00,2,4283.4515
2025-5-3,6:00,3,6055.2618
2025-5-3,6:00,4,7426.9732
2025-5-3,6:00,5,8638.6164
2025-5-3,6:00,6,7427.0337
2025-5-3,6:00,7,7487.5695
2025-5-3,6:00,8,6509.704
2025-5-3,6:00,9,5585.5977
2025-5-3,6:00,10,3962.9597
2025-5-3,6:00,11,2733.4411
2025-5-3,6:00,12,826.9245
2025-5-3,6:00,13,0.0
2025-5-3,6:00,14,0.0
2025-5-3,6:00,15,0.0
2025-5-3,6:00,16,0.0
2025-5-3,6:00,17,0.0
2025-5-3,6:00,18,0.0
2025-5-3,6:00,19,0.0
2025-5-3,6:00,20,0.0
2025-5-3,6:00,21,0.0
2025-5-3,6:00,22,0.0
2025-5-3,6:00,23,0.0
2025-5-3,6:00,24,873.0316
2025-5-3,12:00,1,7762.8025
2025-5-3,12:00,2,6704.6247
2025-5-3,12:00,3,5532.9894
2025-5-3,12:00,4,3870.9006
2025-5-3,12:00,5,2510.5163
2025-5-3,12:00,6,815.939
2025-5-3,12:00,7,0.0
2025-5-3,12:00,8,0.0
2025-5-3,12:00,9,0.0
2025-5-3,12:00,10,0.0
2025-5-3,12:00,11,0.0
2025-5-3,12:00,12,0.0
2025-5-3,12:00,13,0.0
2025-5-3,12:00,14,0.0
2025-5-3,12:00,15,0.0
2025-5-3,12:00,16,0.0
2025-5-3,12:00,17,0.0
2025-5-3,12:00,18,1152.7125
2025-5-3,12:00,19,3135.5625
2025-5-3,12:00,20,5368.275
2025-5-3,12:00,21,6841.3875
2025-5-3,12:00,22,7648.3139
2025-5-3,12:00,23,7166.3815
2025-5-3,12:00,24,4854.5769
2025-5-3,18:00,1,0.0
2025-5-3,18:00,2,0.0
2025-5-3,18:00,3,0.0
2025-5-3,18:00,4,0.0
2025-5-3,18:00,5,0.0
2025-5-3,18:00,6,0.0
2025-5-3,18:00,7,0.0
2025-5-3,18:00,8,0.0
2025-5-3,18:00,9,0.0
2025-5-3,18:00,10,0.0
2025-5-3,18:00,11,0.0
2025-5-3,18:00,12,1100.8799
2025-5-3,18:00,13,3135.5625
2025-5-3,18:00,14,5368.275
2025-5-3,18:00,15,6841.3875
2025-5-3,18:00,16,8205.3375
2025-5-3,18:00,17,9209.775
2025-5-3,18:00,18,7803.3664
2025-5-3,18:00,19,8399.1368
2025-5-3,18:00,20,8162.775
2025-5-3,18:00,21,6965.9625
2025-5-3,18:00,22,4951.8
2025-5-3,18:00,23,3003.675
2025-5-3,18:00,24,1004.0084
2025-5-4,0:00,1,0.0
2025-5-4,0:00,2,0.0
2025-5-4,0:00,3,0.0
2025-5-4,0:00,4,0.0
2025-5-4,0:00,5,0.0
2025-5-4,0:00,6,961.4816
2025-5-4,0:00,7,2803.8841
2025-5-4,0:00,8,4595.6205
2025-5-4,0:00,9,6171.5844
2025-5-4,0:00,10,8055.729
2025-5-4,0:00,11,8008.425
2025-5-4,0:00,12,7567.6822
2025-5-4,0:00,13,7120.0582
2025-5-4,0:00,14,7572.8767
2025-5-4,0:00,15,5856.366
2025-5-4,0:00,16,4171.6046
2025-5-4,0:00,17,2538.4697
2025-5-4,0:00,18,798.8001
2025-5-4,0:00,19,0.0
2025-5-4,0:00,20,0.0
2025-5-4,0:00,21,0.0
2025-5-4,0:00,22,0.0
2025-5-4,0:00,23,0.0
2025-5-4,0:00,24,0.0
2025-5-4,6:00,1,2912.6876
2025-5-4,6:00,2,5095.2214
2025-5-4,6:00,3,6841.3875
2025-5-4,6:00,4,8205.3375
2025-5-4,6:00,5,9035.3014
2025-5-4,6:00,6,8829.0179
2025-5-4,6:00,7,7219.4561
2025-5-4,6:00,8,6876.0565
2025-5-4,6:00,9,5965.3049
2025-5-4,6:00,10,4510.1236
2025-5-4,6:00,11,2288.4063
2025-5-4,6:00,12,863.6527
2025-5-4,6:00,13,0.0
2025-5-4,6:00,14,0.0
2025-5-4,6:00,15,0.0
2025-5-4,6:00,16,0.0
2025-5-4,6:00,17,0.0
2025-5-4,6:00,18,0.0
2025-5-4,6:00,19,0.0
2025-5-4,6:00,20,0.0
2025-5-4,6:00,21,0.0
2025-5-4,6:00,22,0.0
2025-5-4,6:00,23,0.0
2025-5-4,6:00,24,907.7368
2025-5-4,12:00,1,7177.9002
2025-5-4,12:00,2,7939.4998
2025-5-4,12:00,3,6664.5374
2025-5-4,12:00,4,4785.7464
2025-5-4,12:00,5,2794.3987
2025-5-4,12:00,6,926.3564
2025-5-4,12:00,7,0.0
2025-5-4,12:00,8,0.0
2025-5-4,12:00,9,0.0
2025-5-4,12:00,10,0.0
2025-5-4,12:00,11,0.0
2025-5-4,12:00,12,0.0
2025-5-4,12:00,13,0.0
2025-5-4,12:00,14,0.0
2025-5-4,12:00,15,0.0
2025-5-4,12:00,16,0.0
2025-5-4,12:00,17,0.0
2025-5-4,12:00,18,700.1149
2025-5-4,12:00,19,1865.6018
2025-5-4,12:00,20,3803.3746
2025-5-4,12:00,21,6099.7935
2025-5-4,12:00,22,8205.3375
2025-5-4,12:00,23,9209.775
2025-5-4,12:00,24,9995.8875
2025-5-4,18:00,1,0.0
2025-5-4,18:00,2,0.0
2025-5-4,18:00,3,0.0
2025-5-4,18:00,4,0.0
2025-5-4,18:00,5,0.0
2025-5-4,18:00,6,0.0
2025-5-4,18:00,7,0.0
2025-5-4,18:00,8,0.0
2025-5-4,18:00,9,0.0
2025-5-4,18:00,10,0.0
2025-5-4,18:00,11,0.0
2025-5-4,18:00,12,753.9026
2025-5-4,18:00,13,1865.6327
2025-5-4,18:00,14,3205.1246
2025-5-4,18:00,15,4924.6464
2025-5-4,18:00,16,6297.2943
2025-5-4,18:00,17,7587.9225
2025-5-4,18:00,18,7169.2973
2025-5-4,18:00,19,5020.5133
2025-5-4,18:00,20,5157.8864
2025-5-4,18:00,21,4391.3811
2025-5-4,18:00,22,4019.4649
2025-5-4,18:00,23,2124.1131
2025-5-4,18:00,24,920.4505
2025-5-5,0:00,1,0.0
2025-5-5,0:00,2,0.0
2025-5-5,0:00,3,0.0
2025-5-5,0:00,4,0.0
2025-5-5,0:00,5,0.0
2025-5-5,0:00,6,753.0789
2025-5-5,0:00,7,1881.6802
2025-5-5,0:00,8,3378.9988
2025-5-5,0:00,9,5461.8776
2025-5-5,0:00,10,6797.8912
2025-5-5,0:00,11,8707.4859
2025-5-5,0:00,12,9986.3615
2025-5-5,0:00,13,8007.1017
2025-5-5,0:00,14,7756.0667
2025-5-5,0:00,15,6626.8424
2025-5-5,0:00,16,3816.012
2025-5-5,0:00,17,1645.8614
2025-5-5,0:00,18,671.9887
2025-5-5,0:00,19,0.0
2025-5-5,0:00,20,0.0
2025-5-5,0:00,21,0.0
2025-5-5,0:00,22,0.0
2025-5-5,0:00,23,0.0
2025-5-5,0:00,24,0.0
2025-5-5,6:00,1,2031.9072
2025-5-5,6:00,2,3584.6992
2025-5-5,6:00,3,5778.5289
2025-5-5,6:00,4,7127.9972
2025-5-5,6:00,5,8344.1373
2025-5-5,6:00,6,8789.6791
2025-5-5,6:00,7,7322.699
2025-5-5,6:00,8,6957.8096
2025-5-5,6:00,9,6127.4388
2025-5-5,6:00,10,4951.8
2025-5-5,6:00,11,2704.7029
2025-5-5,6:00,12,1009.1056
2025-5-5,6:00,13,0.0
2025-5-5,6:00,14,0.0
2025-5-5,6:00,15,0.0
2025-5-5,6:00,16,0.0
2025-5-5,6:00,17,0.0
2025-5-5,6:00,18,0.0
2025-5-5,6:00,19,0.0
2025-5-5,6:00,20,0.0
2025-5-5,6:00,21,0.0
2025-5-5,6:00,22,0.0
2025-5-5,6:00,23,0.0
2025-5-5,6:00,24,1033.5735
2025-5-5,12:00,1,7412.7425
2025-5-5,12:00,2,7294.5257
2025-5-5,12:00,3,6489.5914
2025-5-5,12:00,4,4951.8
2025-5-5,12:00,5,2416.1081
2025-5-5,12:00,6,930.2779
2025-5-5,12:00,7,0.0
2025-5-5,12:00,8,0.0
2025-5-5,12:00,9,0.0
2025-5-5,12:00,10,0.0
2025-5-5,12:00,11,0.0
2025-5-5,12:00,12,0.0
2025-5-5,12:00,13,0.0
2025-5-5,12:00,14,0.0
2025-5-5,12:00,15,0.0
2025-5-5,12:00,16,0.0
2025-5-5,12:00,17,0.0
2025-5-5,12:00,18,964.5191
2025-5-5,12:00,19,2554.0929
2025-5-5,12:00,20,4839.4866
2025-5-5,12:00,21,6841.3875
2025-5-5,12:00,22,8205.3375
2025-5-5,12:00,23,9209.775
2025-5-5,12:00,24,9995.8875
2025-5-5,18:00,1,0.0
2025-5-5,18:00,2,0.0
2025-5-5,18:00,3,0.0
2025-5-5,18:00,4,0.0
2025-5-5,18:00,5,0.0
2025-5-5,18:00,6,0.0
2025-5-5,18:00,7,0.0
2025-5-5,18:00,8,0.0
2025-5-5,18:00,9,0.0
2025-5-5,18:00,10,0.0
2025-5-5,18:00,11,0.0
2025-5-5,18:00,12,829.7837
2025-5-5,18:00,13,2672.2211
2025-5-5,18:00,14,4427.5824
2025-5-5,18:00,15,6648.7166
2025-5-5,18:00,16,7950.9404
2025-5-5,18:00,17,9209.775
2025-5-5,18:00,18,9995.8875
2025-5-5,18:00,19,9553.1807
2025-5-5,18:00,20,8077.2495
2025-5-5,18:00,21,6965.9625
2025-5-5,18:00,22,4951.8
2025-5-5,18:00,23,3019.875
2025-5-5,18:00,24,1156.65
2025-5-6,0:00,1,0.0
2025-5-6,0:00,2,0.0
2025-5-6,0:00,3,0.0
2025-5-6,0:00,4,0.0
2025-5-6,0:00,5,0.0
2025-5-6,0:00,6,961.8759
2025-5-6,0:00,7,2692.8134
2025-5-6,0:00,8,4626.7619
2025-5-6,0:00,9,6803.3038
2025-5-6,0:00,10,7708.6356
2025-5-6,0:00,11,9209.775
2025-5-6,0:00,12,9613.7174
2025-5-6,0:00,13,9192.3295
2025-5-6,0:00,14,8162.775
2025-5-6,0:00,15,6316.1865
2025-5-6,0:00,16,4675.9809
2025-5-6,0:00,17,3019.875
2025-5-6,0:00,18,902.8211
2025-5-6,0:00,19,0.0
2025-5-6,0:00,20,0.0
2025-5-6,0:00,21,0.0
2025-5-6,0:00,22,0.0
2025-5-6,0:00,23,0.0
2025-5-6,0:00,24,0.0
2025-5-6,6:00,1,2387.5522
2025-5-6,6:00,2,3881.6983
2025-5-6,6:00,3,6099.1548
2025-5-6,6:00,4,7023.9477
2025-5-6,6:00,5,8859.6782
2025-5-6,6:00,6,9014.2854
2025-5-6,6:00,7,8066.0298
2025-5-6,6:00,8,7138.737
2025-5-6,6:00,9,6053.6668
2025-5-6,6:00,10,4888.6714
2025-5-6,6:00,11,2999.4508
2025-5-6,6:00,12,1042.296
2025-5-6,6:00,13,0.0
2025-5-6,6:00,14,0.0
2025-5-6,6:00,15,0.0
2025-5-6,6:00,16,0.0
2025-5-6,6:00,17,0.0
2025-5-6,6:00,18,0.0
2025-5-6,6:00,19,0.0
2025-5-6,6:00,20,0.0
2025-5-6,6:00,21,0.0
2025-5-6,6:00,22,0.0
2025-5-6,6:00,23,0.0
2025-5-6,6:00,24,747.7155
2025-5-6,12:00,1,8809.3466
2025-5-6,12:00,2,7552.6025
2025-5-6,12:00,3,6149.3208
2025-5-6,12:00,4,4724.3504
2025-5-6,12:00,5,2573.2242
2025-5-6,12:00,6,925.1529
2025-5-6,12:00,7,0.0
2025-5-6,12:00,8,0.0
2025-5-6,12:00,9,0.0
2025-5-6,12:00,10,0.0
2025-5-6,12:00,11,0.0
2025-5-6,12:00,12,0.0
2025-5-6,12:00,13,0.0
2025-5-6,12:00,14,0.0
2025-5-6,12:00,15,0.0
2025-5-6,12:00,16,0.0
2025-5-6,12:00,17,0.0
2025-5-6,12:00,18,816.3135
2025-5-6,12:00,19,2320.8095
2025-5-6,12:00,20,3781.7096
2025-5-6,12:00,21,4784.9809
2025-5-6,12:00,22,5153.614
2025-5-6,12:00,23,4221.3275
2025-5-6,12:00,24,1492.7774
2025-5-6,18:00,1,0.0
2025-5-6,18:00,2,0.0
2025-5-6,18:00,3,0.0
2025-5-6,18:00,4,0.0
2025-5-6,18:00,5,0.0
2025-5-6,18:00,6,0.0
2025-5-6,18:00,7,0.0
2025-5-6,18:00,8,0.0
2025-5-6,18:00,9,0.0
2025-5-6,18:00,10,0.0
2025-5-6,18:00,11,0.0
2025-5-6,18:00,12,701.7314
2025-5-6,18:00,13,1961.9134
2025-5-6,18:00,14,3772.4084
2025-5-6,18:00,15,5874.4263
2025-5-6,18:00,16,7278.9508
2025-5-6,18:00,17,9209.775
2025-5-6,18:00,18,8565.2851
2025-5-6,18:00,19,8921.3436
2025-5-6,18:00,20,7796.3149
2025-5-6,18:00,21,6283.6988
2025-5-6,18:00,22,4951.393
2025-5-6,18:00,23,3019.875
2025-5-6,18:00,24,1031.8599
2025-5-7,0:00,1,0.0
2025-5-7,0:00,2,0.0
2025-5-7,0:00,3,0.0
2025-5-7,0:00,4,0.0
2025-5-7,0:00,5,0.0
2025-5-7,0:00,6,802.0092
2025-5-7,0:00,7,2389.5915
2025-5-7,0:00,8,4480.6025
2025-5-7,0:00,9,6410.9187
2025-5-7,0:00,10,8011.2257
2025-5-7,0:00,11,9209.775
2025-5-7,0:00,12,9571.8523
2025-5-7,0:00,13,8943.1875
2025-5-7,0:00,14,8162.775
2025-5-7,0:00,15,5780.1972
2025-5-7,0:00,16,4009.087
2025-5-7,0:00,17,2399.9016
2025-5-7,0:00,18,732.3269
2025-5-7,0:00,19,0.0
2025-5-7,0:00,20,0.0
2025-5-7,0:00,21,0.0
2025-5-7,0:00,22,0.0
2025-5-7,0:00,23,0.0
2025-5-7,0:00,24,0.0
2025-5-7,6:00,1,2344.0323
2025-5-7,6:00,2,4192.1977
2025-5-7,6:00,3,5755.4619
2025-5-7,6:00,4,7683.3395
2025-5-7,6:00,5,8089.4222
2025-5-7,6:00,6,8495.1165
2025-5-7,6:00,7,8530.2198
2025-5-7,6:00,8,7340.6653
2025-5-7,6:00,9,5325.4654
2025-5-7,6:00,10,4170.1084
2025-5-7,6:00,11,2165.8986
2025-5-7,6:00,12,662.6699
2025-5-7,6:00,13,0.0
2025-5-7,6:00,14,0.0
2025-5-7,6:00,15,0.0
2025-5-7,6:00,16,0.0
2025-5-7,6:00,17,0.0
2025-5-7,6:00,18,0.0
2025-5-7,6:00,19,0.0
2025-5-7,6:00,20,0.0
2025-5-7,6:00,21,0.0
2025-5-7,6:00,22,0.0
2025-5-7,6:00,23,0.0
2025-5-7,6:00,24,836.0287
2025-5-7,12:00,1,8257.9748
2025-5-7,12:00,2,7145.5948
2025-5-7,12:00,3,5548.0276
2025-5-7,12:00,4,4233.746
2025-5-7,12:00,5,2410.9147
2025-5-7,12:00,6,789.3101
2025-5-7,12:00,7,0.0
2025-5-7,12:00,8,0.0
2025-5-7,12:00,9,0.0
2025-5-7,12:00,10,0.0
2025-5-7,12:00,11,0.0
2025-5-7,12:00,12,0.0
2025-5-7,12:00,13,0.0
2025-5-7,12:00,14,0.0
2025-5-7,12:00,15,0.0
2025-5-7,12:00,16,0.0
2025-5-7,12:00,17,0.0
2025-5-7,12:00,18,791.7237
2025-5-7,12:00,19,2162.2614
2025-5-7,12:00,20,3661.3265
2025-5-7,12:00,21,4820.627
2025-5-7,12:00,22,5281.964
2025-5-7,12:00,23,6360.2199
2025-5-7,12:00,24,6006.484
2025-5-7,18:00,1,0.0
2025-5-7,18:00,2,0.0
2025-5-7,18:00,3,0.0
2025-5-7,18:00,4,0.0
2025-5-7,18:00,5,0.0
2025-5-7,18:00,6,0.0
2025-5-7,18:00,7,0.0
2025-5-7,18:00,8,0.0
2025-5-7,18:00,9,0.0
2025-5-7,18:00,10,0.0
2025-5-7,18:00,11,0.0
2025-5-7,18:00,12,840.1431
2025-5-7,18:00,13,2476.3784
2025-5-7,18:00,14,5368.275
2025-5-7,18:00,15,6841.3875
2025-5-7,18:00,16,8205.3375
2025-5-7,18:00,17,8892.0953
2025-5-7,18:00,18,8675.5181
2025-5-7,18:00,19,8943.1875
2025-5-7,18:00,20,8162.775
2025-5-7,18:00,21,6965.9625
2025-5-7,18:00,22,4951.8
2025-5-7,18:00,23,3019.875
2025-5-7,18:00,24,959.7082
2025-5-8,0:00,1,0.0
2025-5-8,0:00,2,0.0
2025-5-8,0:00,3,0.0
2025-5-8,0:00,4,0.0
2025-5-8,0:00,5,0.0
2025-5-8,0:00,6,891.6455
2025-5-8,0:00,7,2423.0227
2025-5-8,0:00,8,4551.4323
2025-5-8,0:00,9,5674.4441
2025-5-8,0:00,10,7090.4323
2025-5-8,0:00,11,7304.2946
2025-5-8,0:00,12,7295.275
2025-5-8,0:00,13,7184.0752
2025-5-8,0:00,14,7094.6174
2025-5-8,0:00,15,5627.5867
2025-5-8,0:00,16,4799.6651
2025-5-8,0:00,17,3019.875
2025-5-8,0:00,18,1171.7709
2025-5-8,0:00,19,0.0
2025-5-8,0:00,20,0.0
2025-5-8,0:00,21,0.0
2025-5-8,0:00,22,0.0
2025-5-8,0:00,23,0.0
2025-5-8,0:00,24,0.0
2025-5-8,6:00,1,2477.2426
2025-5-8,6:00,2,4630.9734
2025-5-8,6:00,3,6169.4045
2025-5-8,6:00,4,7084.7041
2025-5-8,6:00,5,7287.3888
2025-5-8,6:00,6,7543.2574
2025-5-8,6:00,7,7767.7082
2025-5-8,6:00,8,7692.1082
2025-5-8,6:00,9,5812.3938
2025-5-8,6:00,10,4902.2049
2025-5-8,6:00,11,3019.875
2025-5-8,6:00,12,903.6251
2025-5-8,6:00,13,0.0
2025-5-8,6:00,14,0.0
2025-5-8,6:00,15,0.0
2025-5-8,6:00,16,0.0
2025-5-8,6:00,17,0.0
2025-5-8,6:00,18,0.0
2025-5-8,6:00,19,0.0
2025-5-8,6:00,20,0.0
2025-5-8,6:00,21,0.0
2025-5-8,6:00,22,0.0
2025-5-8,6:00,23,0.0
2025-5-8,6:00,24,583.9175
2025-5-8,12:00,1,7463.5341
2025-5-8,12:00,2,7086.5162
2025-5-8,12:00,3,5366.1267
2025-5-8,12:00,4,4561.8353
2025-5-8,12:00,5,3019.875
2025-5-8,12:00,6,1017.1884
2025-5-8,12:00,7,0.0
2025-5-8,12:00,8,0.0
2025-5-8,12:00,9,0.0
2025-5-8,12:00,10,0.0
2025-5-8,12:00,11,0.0
2025-5-8,12:00,12,0.0
2025-5-8,12:00,13,0.0
2025-5-8,12:00,14,0.0
2025-5-8,12:00,15,0.0
2025-5-8,12:00,16,0.0
2025-5-8,12:00,17,0.0
2025-5-8,12:00,18,947.8005
2025-5-8,12:00,19,1883.6094
2025-5-8,12:00,20,3176.0989
2025-5-8,12:00,21,3441.1981
2025-5-8,12:00,22,4829.4367
2025-5-8,12:00,23,4618.7249
2025-5-8,12:00,24,8034.8047
2025-5-8,18:00,1,0.0
2025-5-8,18:00,2,0.0
2025-5-8,18:00,3,0.0
2025-5-8,18:00,4,0.0
2025-5-8,18:00,5,0.0
2025-5-8,18:00,6,0.0
2025-5-8,18:00,7,0.0
2025-5-8,18:00,8,0.0
2025-5-8,18:00,9,0.0
2025-5-8,18:00,10,0.0
2025-5-8,18:00,11,0.0
2025-5-8,18:00,12,778.9266
2025-5-8,18:00,13,1964.6975
2025-5-8,18:00,14,3722.1685
2025-5-8,18:00,15,5248.3663
2025-5-8,18:00,16,7461.4479
2025-5-8,18:00,17,7354.2611
2025-5-8,18:00,18,8335.112
2025-5-8,18:00,19,8715.9702
2025-5-8,18:00,20,8162.775
2025-5-8,18:00,21,6614.8996
2025-5-8,18:00,22,4799.3833
2025-5-8,18:00,23,3092.2125
2025-5-8,18:00,24,1053.2903
2025-5-9,0:00,1,0.0
2025-5-9,0:00,2,0.0
2025-5-9,0:00,3,0.0
2025-5-9,0:00,4,0.0
2025-5-9,0:00,5,0.0
2025-5-9,0:00,6,881.2163
2025-5-9,0:00,7,2474.4643
2025-5-9,0:00,8,4435.4401
2025-5-9,0:00,9,5443.2281
2025-5-9,0:00,10,7450.0533
2025-5-9,0:00,11,7007.0792
2025-5-9,0:00,12,7058.966
2025-5-9,0:00,13,6523.2133
2025-5-9,0:00,14,6828.313
2025-5-9,0:00,15,5206.1206
2025-5-9,0:00,16,3902.8682
2025-5-9,0:00,17,2812.4168
2025-5-9,0:00,18,1095.122
2025-5-9,0:00,19,0.0
2025-5-9,0:00,20,0.0
2025-5-9,0:00,21,0.0
2025-5-9,0:00,22,0.0
2025-5-9,0:00,23,0.0
2025-5-9,0:00,24,0.0
2025-5-9,6:00,1,2320.1827
2025-5-9,6:00,2,3990.0705
2025-5-9,6:00,3,5354.8675
2025-5-9,6:00,4,7058.5864
2025-5-9,6:00,5,7593.3896
2025-5-9,6:00,6,8482.1513
2025-5-9,6:00,7,8943.1875
2025-5-9,6:00,8,8162.775
2025-5-9,6:00,9,6767.4613
2025-5-9,6:00,10,4343.5118
2025-5-9,6:00,11,2519.8888
2025-5-9,6:00,12,874.8868
2025-5-9,6:00,13,0.0
2025-5-9,6:00,14,0.0
2025-5-9,6:00,15,0.0
2025-5-9,6:00,16,0.0
2025-5-9,6:00,17,0.0
2025-5-9,6:00,18,0.0
2025-5-9,6:00,19,0.0
2025-5-9,6:00,20,0.0
2025-5-9,6:00,21,0.0
2025-5-9,6:00,22,0.0
2025-5-9,6:00,23,0.0
2025-5-9,6:00,24,1217.55
2025-5-9,12:00,1,8477.8447
2025-5-9,12:00,2,7707.5951
2025-5-9,12:00,3,6330.3537
2025-5-9,12:00,4,4323.8476
2025-5-9,12:00,5,2591.0042
2025-5-9,12:00,6,844.3438
2025-5-9,12:00,7,0.0
2025-5-9,12:00,8,0.0
2025-5-9,12:00,9,0.0
2025-5-9,12:00,10,0.0
2025-5-9,12:00,11,0.0
2025-5-9,12:00,12,0.0
2025-5-9,12:00,13,0.0
2025-5-9,12:00,14,0.0
2025-5-9,12:00,15,0.0
2025-5-9,12:00,16,0.0
2025-5-9,12:00,17,0.0
2025-5-9,12:00,18,1217.55
2025-5-9,12:00,19,3163.3875
2025-5-9,12:00,20,4079.3655
2025-5-9,12:00,21,5282.2315
2025-5-9,12:00,22,5044.7808
2025-5-9,12:00,23,4653.8173
2025-5-9,12:00,24,3925.4878
2025-5-9,18:00,1,0.0
2025-5-9,18:00,2,0.0
2025-5-9,18:00,3,0.0
2025-5-9,18:00,4,0.0
2025-5-9,18:00,5,0.0
2025-5-9,18:00,6,0.0
2025-5-9,18:00,7,0.0
2025-5-9,18:00,8,0.0
2025-5-9,18:00,9,0.0
2025-5-9,18:00,10,0.0
2025-5-9,18:00,11,0.0
2025-5-9,18:00,12,1217.55
2025-5-9,18:00,13,3163.3875
2025-5-9,18:00,14,3750.4178
2025-5-9,18:00,15,5384.043
2025-5-9,18:00,16,7218.8378
2025-5-9,18:00,17,7459.0617
2025-5-9,18:00,18,8791.5109
2025-5-9,18:00,19,8074.6314
2025-5-9,18:00,20,7168.7342
2025-5-9,18:00,21,6541.4023
2025-5-9,18:00,22,4314.8929
2025-5-9,18:00,23,2212.2379
2025-5-9,18:00,24,816.8291
2025-5-10,0:00,1,0.0
2025-5-10,0:00,2,0.0
2025-5-10,0:00,3,0.0
2025-5-10,0:00,4,0.0
2025-5-10,0:00,5,0.0
2025-5-10,0:00,6,981.5474
2025-5-10,0:00,7,2525.9796
2025-5-10,0:00,8,3513.4288
2025-5-10,0:00,9,5069.9159
2025-5-10,0:00,10,6743.9372
2025-5-10,0:00,11,7441.4582
2025-5-10,0:00,12,7832.0817
2025-5-10,0:00,13,7180.9335
2025-5-10,0:00,14,6372.1955
2025-5-10,0:00,15,6234.5592
2025-5-10,0:00,16,4822.9687
2025-5-10,0:00,17,3092.2125
2025-5-10,0:00,18,921.1185
2025-5-10,0:00,19,0.0
2025-5-10,0:00,20,0.0
2025-5-10,0:00,21,0.0
2025-5-10,0:00,22,0.0
2025-5-10,0:00,23,0.0
2025-5-10,0:00,24,0.0
2025-5-10,6:00,1,2720.793
2025-5-10,6:00,2,3577.1963
2025-5-10,6:00,3,5171.2712
2025-5-10,6:00,4,6733.9649
2025-5-10,6:00,5,7631.4443
2025-5-10,6:00,6,7918.5885
2025-5-10,6:00,7,6943.1134
2025-5-10,6:00,8,6229.94
2025-5-10,6:00,9,5822.9649
2025-5-10,6:00,10,3956.4724
2025-5-10,6:00,11,2367.9203
2025-5-10,6:00,12,808.3012
2025-5-10,6:00,13,0.0
2025-5-10,6:00,14,0.0
2025-5-10,6:00,15,0.0
2025-5-10,6:00,16,0.0
2025-5-10,6:00,17,0.0
2025-5-10,6:00,18,0.0
2025-5-10,6:00,19,0.0
2025-5-10,6:00,20,0.0
2025-5-10,6:00,21,0.0
2025-5-10,6:00,22,0.0
2025-5-10,6:00,23,0.0
2025-5-10,6:00,24,1217.55
2025-5-10,12:00,1,7269.6817
2025-5-10,12:00,2,6508.5206
2025-5-10,12:00,3,6042.9504
2025-5-10,12:00,4,4280.2837
2025-5-10,12:00,5,2555.5103
2025-5-10,12:00,6,936.7666
2025-5-10,12:00,7,0.0
2025-5-10,12:00,8,0.0
2025-5-10,12:00,9,0.0
2025-5-10,12:00,10,0.0
2025-5-10,12:00,11,0.0
2025-5-10,12:00,12,0.0
2025-5-10,12:00,13,0.0
2025-5-10,12:00,14,0.0
2025-5-10,12:00,15,0.0
2025-5-10,12:00,16,0.0
2025-5-10,12:00,17,0.0
2025-5-10,12:00,18,1217.55
2025-5-10,12:00,19,2896.6741
2025-5-10,12:00,20,4762.5877
2025-5-10,12:00,21,6841.3875
2025-5-10,12:00,22,8205.3375
2025-5-10,12:00,23,7696.9724
2025-5-10,12:00,24,8197.9805
2025-5-10,18:00,1,0.0
2025-5-10,18:00,2,0.0
2025-5-10,18:00,3,0.0
2025-5-10,18:00,4,0.0
2025-5-10,18:00,5,0.0
2025-5-10,18:00,6,0.0
2025-5-10,18:00,7,0.0
2025-5-10,18:00,8,0.0
2025-5-10,18:00,9,0.0
2025-5-10,18:00,10,0.0
2025-5-10,18:00,11,0.0
2025-5-10,18:00,12,1029.7585
2025-5-10,18:00,13,2501.3583
2025-5-10,18:00,14,3395.6273
2025-5-10,18:00,15,5017.685
2025-5-10,18:00,16,5299.8362
2025-5-10,18:00,17,5956.3043
2025-5-10,18:00,18,6089.7633
2025-5-10,18:00,19,6944.0306
2025-5-10,18:00,20,4635.4864
2025-5-10,18:00,21,3947.1279
2025-5-10,18:00,22,3393.6633
2025-5-10,18:00,23,2079.8796
2025-5-10,18:00,24,626.8543
2025-5-11,0:00,1,0.0
2025-5-11,0:00,2,0.0
2025-5-11,0:00,3,0.0
2025-5-11,0:00,4,0.0
2025-5-11,0:00,5,0.0
2025-5-11,0:00,6,1093.5006
2025-5-11,0:00,7,2758.7403
2025-5-11,0:00,8,4342.8117
2025-5-11,0:00,9,6070.5927
2025-5-11,0:00,10,6370.0959
2025-5-11,0:00,11,7300.1237
2025-5-11,0:00,12,8093.5228
2025-5-11,0:00,13,8454.5172
2025-5-11,0:00,14,6881.5344
2025-5-11,0:00,15,5592.7057
2025-5-11,0:00,16,4951.8
2025-5-11,0:00,17,3092.2125
2025-5-11,0:00,18,1190.3411
2025-5-11,0:00,19,0.0
2025-5-11,0:00,20,0.0
2025-5-11,0:00,21,0.0
2025-5-11,0:00,22,0.0
2025-5-11,0:00,23,0.0
2025-5-11,0:00,24,0.0
2025-5-11,6:00,1,2651.1142
2025-5-11,6:00,2,4404.2894
2025-5-11,6:00,3,6357.4878
2025-5-11,6:00,4,6717.7377
2025-5-11,6:00,5,7856.7638
2025-5-11,6:00,6,7897.0565
2025-5-11,6:00,7,7825.5232
2025-5-11,6:00,8,5990.1468
2025-5-11,6:00,9,5295.2575
2025-5-11,6:00,10,4452.7187
2025-5-11,6:00,11,2937.613
2025-5-11,6:00,12,1150.8213
2025-5-11,6:00,13,0.0
2025-5-11,6:00,14,0.0
2025-5-11,6:00,15,0.0
2025-5-11,6:00,16,0.0
2025-5-11,6:00,17,0.0
2025-5-11,6:00,18,0.0
2025-5-11,6:00,19,0.0
2025-5-11,6:00,20,0.0
2025-5-11,6:00,21,0.0
2025-5-11,6:00,22,0.0
2025-5-11,6:00,23,0.0
2025-5-11,6:00,24,1119.2522
2025-5-11,12:00,1,8664.4352
2025-5-11,12:00,2,6744.8576
2025-5-11,12:00,3,5654.8978
2025-5-11,12:00,4,4586.4727
2025-5-11,12:00,5,2831.2583
2025-5-11,12:00,6,958.1448
2025-5-11,12:00,7,0.0
2025-5-11,12:00,8,0.0
2025-5-11,12:00,9,0.0
2025-5-11,12:00,10,0.0
2025-5-11,12:00,11,0.0
2025-5-11,12:00,12,0.0
2025-5-11,12:00,13,0.0
2025-5-11,12:00,14,0.0
2025-5-11,12:00,15,0.0
2025-5-11,12:00,16,0.0
2025-5-11,12:00,17,0.0
2025-5-11,12:00,18,1254.0375
2025-5-11,12:00,19,3201.7125
2025-5-11,12:00,20,5368.275
2025-5-11,12:00,21,6227.5002
2025-5-11,12:00,22,6998.831
2025-5-11,12:00,23,7169.8413
2025-5-11,12:00,24,4868.4057
2025-5-11,18:00,1,0.0
2025-5-11,18:00,2,0.0
2025-5-11,18:00,3,0.0
2025-5-11,18:00,4,0.0
2025-5-11,18:00,5,0.0
2025-5-11,18:00,6,0.0
2025-5-11,18:00,7,0.0
2025-5-11,18:00,8,0.0
2025-5-11,18:00,9,0.0
2025-5-11,18:00,10,0.0
2025-5-11,18:00,11,0.0
2025-5-11,18:00,12,1082.0735
2025-5-11,18:00,13,3201.7125
2025-5-11,18:00,14,5368.275
2025-5-11,18:00,15,6841.3875
2025-5-11,18:00,16,8205.3375
2025-5-11,18:00,17,8939.2125
2025-5-11,18:00,18,8352.1835
2025-5-11,18:00,19,7215.8073
2025-5-11,18:00,20,6324.1339
2025-5-11,18:00,21,5211.1224
2025-5-11,18:00,22,3547.7781
2025-5-11,18:00,23,1907.2503
2025-5-11,18:00,24,749.3536
2025-5-12,0:00,1,0.0
2025-5-12,0:00,2,0.0
2025-5-12,0:00,3,0.0
2025-5-12,0:00,4,0.0
2025-5-12,0:00,5,0.0
2025-5-12,0:00,6,982.682
2025-5-12,0:00,7,3022.7288
2025-5-12,0:00,8,5368.275
2025-5-12,0:00,9,6841.3875
2025-5-12,0:00,10,8205.3375
2025-5-12,0:00,11,8939.2125
2025-5-12,0:00,12,8193.8904
2025-5-12,0:00,13,7770.4019
2025-5-12,0:00,14,8162.775
2025-5-12,0:00,15,6965.9625
2025-5-12,0:00,16,4951.8
2025-5-12,0:00,17,3092.2125
2025-5-12,0:00,18,1146.1824
2025-5-12,0:00,19,0.0
2025-5-12,0:00,20,0.0
2025-5-12,0:00,21,0.0
2025-5-12,0:00,22,0.0
2025-5-12,0:00,23,0.0
2025-5-12,0:00,24,0.0
2025-5-12,6:00,1,3107.6391
2025-5-12,6:00,2,5294.044
2025-5-12,6:00,3,6278.3298
2025-5-12,6:00,4,7712.7189
2025-5-12,6:00,5,8259.5608
2025-5-12,6:00,6,7301.8455
2025-5-12,6:00,7,6755.9795
2025-5-12,6:00,8,6873.2146
2025-5-12,6:00,9,5791.3875
2025-5-12,6:00,10,4190.5739
2025-5-12,6:00,11,2404.6499
2025-5-12,6:00,12,921.5056
2025-5-12,6:00,13,0.0
2025-5-12,6:00,14,0.0
2025-5-12,6:00,15,0.0
2025-5-12,6:00,16,0.0
2025-5-12,6:00,17,0.0
2025-5-12,6:00,18,0.0
2025-5-12,6:00,19,0.0
2025-5-12,6:00,20,0.0
2025-5-12,6:00,21,0.0
2025-5-12,6:00,22,0.0
2025-5-12,6:00,23,0.0
2025-5-12,6:00,24,1230.7402
2025-5-12,12:00,1,7162.7133
2025-5-12,12:00,2,7569.6979
2025-5-12,12:00,3,6208.6157
2025-5-12,12:00,4,4496.2563
2025-5-12,12:00,5,2481.502
2025-5-12,12:00,6,1001.501
2025-5-12,12:00,7,0.0
2025-5-12,12:00,8,0.0
2025-5-12,12:00,9,0.0
2025-5-12,12:00,10,0.0
2025-5-12,12:00,11,0.0
2025-5-12,12:00,12,0.0
2025-5-12,12:00,13,0.0
2025-5-12,12:00,14,0.0
2025-5-12,12:00,15,0.0
2025-5-12,12:00,16,0.0
2025-5-12,12:00,17,0.0
2025-5-12,12:00,18,1205.5478
2025-5-12,12:00,19,2994.1167
2025-5-12,12:00,20,5368.275
2025-5-12,12:00,21,6841.3875
2025-5-12,12:00,22,8081.0065
2025-5-12,12:00,23,8895.5814
2025-5-12,12:00,24,9773.6501
2025-5-12,18:00,1,0.0
2025-5-12,18:00,2,0.0
2025-5-12,18:00,3,0.0
2025-5-12,18:00,4,0.0
2025-5-12,18:00,5,0.0
2025-5-12,18:00,6,0.0
2025-5-12,18:00,7,0.0
2025-5-12,18:00,8,0.0
2025-5-12,18:00,9,0.0
2025-5-12,18:00,10,0.0
2025-5-12,18:00,11,0.0
2025-5-12,18:00,12,1115.2813
2025-5-12,18:00,13,2852.3483
2025-5-12,18:00,14,4226.2598
2025-5-12,18:00,15,5697.2108
2025-5-12,18:00,16,6354.4273
2025-5-12,18:00,17,6597.2641
2025-5-12,18:00,18,5518.386
2025-5-12,18:00,19,7399.6039
2025-5-12,18:00,20,5716.8979
2025-5-12,18:00,21,5906.102
2025-5-12,18:00,22,4868.5131
2025-5-12,18:00,23,3092.2125
2025-5-12,18:00,24,1175.1189
2025-5-13,0:00,1,0.0
2025-5-13,0:00,2,0.0
2025-5-13,0:00,3,0.0
2025-5-13,0:00,4,0.0
2025-5-13,0:00,5,0.0
2025-5-13,0:00,6,1093.0592
2025-5-13,0:00,7,2430.732
2025-5-13,0:00,8,4029.5867
2025-5-13,0:00,9,4946.1765
2025-5-13,0:00,10,5768.5324
2025-5-13,0:00,11,7133.5678
2025-5-13,0:00,12,7770.0413
2025-5-13,0:00,13,8263.9558
2025-5-13,0:00,14,7027.2479
2025-5-13,0:00,15,6725.6825
2025-5-13,0:00,16,4951.8
2025-5-13,0:00,17,3092.2125
2025-5-13,0:00,18,1267.5
2025-5-13,0:00,19,0.0
2025-5-13,0:00,20,0.0
2025-5-13,0:00,21,0.0
2025-5-13,0:00,22,0.0
2025-5-13,0:00,23,0.0
2025-5-13,0:00,24,0.0
2025-5-13,6:00,1,2668.7928
2025-5-13,6:00,2,4549.1933
2025-5-13,6:00,3,6125.4425
2025-5-13,6:00,4,7612.8113
2025-5-13,6:00,5,8371.1722
2025-5-13,6:00,6,7864.0411
2025-5-13,6:00,7,8103.7255
2025-5-13,6:00,8,7091.5238
2025-5-13,6:00,9,6190.1372
2025-5-13,6:00,10,4564.2695
2025-5-13,6:00,11,2772.7134
2025-5-13,6:00,12,1058.5991
2025-5-13,6:00,13,0.0
2025-5-13,6:00,14,0.0
2025-5-13,6:00,15,0.0
2025-5-13,6:00,16,0.0
2025-5-13,6:00,17,0.0
2025-5-13,6:00,18,0.0
2025-5-13,6:00,19,0.0
2025-5-13,6:00,20,0.0
2025-5-13,6:00,21,0.0
2025-5-13,6:00,22,0.0
2025-5-13,6:00,23,0.0
2025-5-13,6:00,24,1005.1999
2025-5-13,12:00,1,7876.8971
2025-5-13,12:00,2,7164.5732
2025-5-13,12:00,3,6015.8502
2025-5-13,12:00,4,4491.7693
2025-5-13,12:00,5,2806.2125
2025-5-13,12:00,6,1123.1878
2025-5-13,12:00,7,0.0
2025-5-13,12:00,8,0.0
2025-5-13,12:00,9,0.0
2025-5-13,12:00,10,0.0
2025-5-13,12:00,11,0.0
2025-5-13,12:00,12,0.0
2025-5-13,12:00,13,0.0
2025-5-13,12:00,14,0.0
2025-5-13,12:00,15,0.0
2025-5-13,12:00,16,0.0
2025-5-13,12:00,17,0.0
2025-5-13,12:00,18,830.9873
2025-5-13,12:00,19,1799.7483
2025-5-13,12:00,20,3049.1333
2025-5-13,12:00,21,3395.0534
2025-5-13,12:00,22,5670.5809
2025-5-13,12:00,23,4649.6182
2025-5-13,12:00,24,6259.9862
2025-5-13,18:00,1,0.0
2025-5-13,18:00,2,0.0
2025-5-13,18:00,3,0.0
2025-5-13,18:00,4,0.0
2025-5-13,18:00,5,0.0
2025-5-13,18:00,6,0.0
2025-5-13,18:00,7,0.0
2025-5-13,18:00,8,0.0
2025-5-13,18:00,9,0.0
2025-5-13,18:00,10,0.0
2025-5-13,18:00,11,0.0
2025-5-13,18:00,12,924.389
2025-5-13,18:00,13,2563.2726
2025-5-13,18:00,14,4143.0426
2025-5-13,18:00,15,5981.6915
2025-5-13,18:00,16,6326.2742
2025-5-13,18:00,17,6923.3955
2025-5-13,18:00,18,8860.8225
2025-5-13,18:00,19,8862.15
2025-5-13,18:00,20,8162.775
2025-5-13,18:00,21,6965.9625
2025-5-13,18:00,22,4951.8
2025-5-13,18:00,23,2521.3902
2025-5-13,18:00,24,876.3688
2025-5-14,0:00,1,0.0
2025-5-14,0:00,2,0.0
2025-5-14,0:00,3,0.0
2025-5-14,0:00,4,0.0
2025-5-14,0:00,5,0.0
2025-5-14,0:00,6,817.3193
2025-5-14,0:00,7,2434.405
2025-5-14,0:00,8,4628.3136
2025-5-14,0:00,9,6740.0302
2025-5-14,0:00,10,8205.3375
2025-5-14,0:00,11,8562.2268
2025-5-14,0:00,12,8142.5131
2025-5-14,0:00,13,7839.049
2025-5-14,0:00,14,5803.8748
2025-5-14,0:00,15,6115.5573
2025-5-14,0:00,16,4338.9572
2025-5-14,0:00,17,2409.4832
2025-5-14,0:00,18,812.8009
2025-5-14,0:00,19,0.0
2025-5-14,0:00,20,0.0
2025-5-14,0:00,21,0.0
2025-5-14,0:00,22,0.0
2025-5-14,0:00,23,0.0
2025-5-14,0:00,24,0.0
2025-5-14,6:00,1,2622.9832
2025-5-14,6:00,2,4520.8956
2025-5-14,6:00,3,6216.5975
2025-5-14,6:00,4,7196.7419
2025-5-14,6:00,5,7319.1991
2025-5-14,6:00,6,7216.4834
2025-5-14,6:00,7,7264.0629
2025-5-14,6:00,8,6364.7435
2025-5-14,6:00,9,5826.7606
2025-5-14,6:00,10,4115.2445
2025-5-14,6:00,11,2661.8108
2025-5-14,6:00,12,968.8096
2025-5-14,6:00,13,0.0
2025-5-14,6:00,14,0.0
2025-5-14,6:00,15,0.0
2025-5-14,6:00,16,0.0
2025-5-14,6:00,17,0.0
2025-5-14,6:00,18,0.0
2025-5-14,6:00,19,0.0
2025-5-14,6:00,20,0.0
2025-5-14,6:00,21,0.0
2025-5-14,6:00,22,0.0
2025-5-14,6:00,23,0.0
2025-5-14,6:00,24,1254.0375
2025-5-14,12:00,1,8436.6778
2025-5-14,12:00,2,7339.0197
2025-5-14,12:00,3,6634.0032
2025-5-14,12:00,4,4789.6051
2025-5-14,12:00,5,2674.245
2025-5-14,12:00,6,992.0625
2025-5-14,12:00,7,0.0
2025-5-14,12:00,8,0.0
2025-5-14,12:00,9,0.0
2025-5-14,12:00,10,0.0
2025-5-14,12:00,11,0.0
2025-5-14,12:00,12,0.0
2025-5-14,12:00,13,0.0
2025-5-14,12:00,14,0.0
2025-5-14,12:00,15,0.0
2025-5-14,12:00,16,0.0
2025-5-14,12:00,17,0.0
2025-5-14,12:00,18,1082.6291
2025-5-14,12:00,19,2497.0522
2025-5-14,12:00,20,4815.7943
2025-5-14,12:00,21,6705.3375
2025-5-14,12:00,22,8205.3375
2025-5-14,12:00,23,8939.2125
2025-5-14,12:00,24,9438.5659
2025-5-14,18:00,1,0.0
2025-5-14,18:00,2,0.0
2025-5-14,18:00,3,0.0
2025-5-14,18:00,4,0.0
2025-5-14,18:00,5,0.0
2025-5-14,18:00,6,0.0
2025-5-14,18:00,7,0.0
2025-5-14,18:00,8,0.0
2025-5-14,18:00,9,0.0
2025-5-14,18:00,10,0.0
2025-5-14,18:00,11,0.0
2025-5-14,18:00,12,998.357
2025-5-14,18:00,13,2307.9276
2025-5-14,18:00,14,4677.7491
2025-5-14,18:00,15,6643.8761
2025-5-14,18:00,16,7185.7264
2025-5-14,18:00,17,7938.2532
2025-5-14,18:00,18,9560.9216
2025-5-14,18:00,19,7319.2317
2025-5-14,18:00,20,8098.3712
2025-5-14,18:00,21,5672.6894
2025-5-14,18:00,22,4526.9382
2025-5-14,18:00,23,2727.5986
2025-5-14,18:00,24,1066.7574
2025-5-15,0:00,1,0.0
2025-5-15,0:00,2,0.0
2025-5-15,0:00,3,0.0
2025-5-15,0:00,4,0.0
2025-5-15,0:00,5,0.0
2025-5-15,0:00,6,1018.9788
2025-5-15,0:00,7,2458.0872
2025-5-15,0:00,8,4272.5584
2025-5-15,0:00,9,6705.3375
2025-5-15,0:00,10,8205.3375
2025-5-15,0:00,11,8815.1841
2025-5-15,0:00,12,9791.55
2025-5-15,0:00,13,8265.8964
2025-5-15,0:00,14,6920.3167
2025-5-15,0:00,15,5261.4663
2025-5-15,0:00,16,3944.7537
2025-5-15,0:00,17,1977.9808
2025-5-15,0:00,18,760.3771
2025-5-15,0:00,19,0.0
2025-5-15,0:00,20,0.0
2025-5-15,0:00,21,0.0
2025-5-15,0:00,22,0.0
2025-5-15,0:00,23,0.0
2025-5-15,0:00,24,0.0
2025-5-15,6:00,1,2383.7483
2025-5-15,6:00,2,4231.674
2025-5-15,6:00,3,6705.3375
2025-5-15,6:00,4,7664.407
2025-5-15,6:00,5,8085.7495
2025-5-15,6:00,6,8540.807
2025-5-15,6:00,7,6894.5494
2025-5-15,6:00,8,6361.4329
2025-5-15,6:00,9,4697.3433
2025-5-15,6:00,10,3354.2547
2025-5-15,6:00,11,2153.608
2025-5-15,6:00,12,772.7581
2025-5-15,6:00,13,0.0
2025-5-15,6:00,14,0.0
2025-5-15,6:00,15,0.0
2025-5-15,6:00,16,0.0
2025-5-15,6:00,17,0.0
2025-5-15,6:00,18,0.0
2025-5-15,6:00,19,0.0
2025-5-15,6:00,20,0.0
2025-5-15,6:00,21,0.0
2025-5-15,6:00,22,0.0
2025-5-15,6:00,23,0.0
2025-5-15,6:00,24,1263.6375
2025-5-15,12:00,1,7540.4173
2025-5-15,12:00,2,7291.856
2025-5-15,12:00,3,5994.793
2025-5-15,12:00,4,4133.4368
2025-5-15,12:00,5,2604.9717
2025-5-15,12:00,6,973.217
2025-5-15,12:00,7,0.0
2025-5-15,12:00,8,0.0
2025-5-15,12:00,9,0.0
2025-5-15,12:00,10,0.0
2025-5-15,12:00,11,0.0
2025-5-15,12:00,12,0.0
2025-5-15,12:00,13,0.0
2025-5-15,12:00,14,0.0
2025-5-15,12:00,15,0.0
2025-5-15,12:00,16,0.0
2025-5-15,12:00,17,0.0
2025-5-15,12:00,18,1263.6375
2025-5-15,12:00,19,2797.9164
2025-5-15,12:00,20,4014.4014
2025-5-15,12:00,21,5915.4197
2025-5-15,12:00,22,6326.295
2025-5-15,12:00,23,6969.8998
2025-5-15,12:00,24,8696.4197
2025-5-15,18:00,1,0.0
2025-5-15,18:00,2,0.0
2025-5-15,18:00,3,0.0
2025-5-15,18:00,4,0.0
2025-5-15,18:00,5,0.0
2025-5-15,18:00,6,0.0
2025-5-15,18:00,7,0.0
2025-5-15,18:00,8,0.0
2025-5-15,18:00,9,0.0
2025-5-15,18:00,10,0.0
2025-5-15,18:00,11,0.0
2025-5-15,18:00,12,1204.1225
2025-5-15,18:00,13,3117.9303
2025-5-15,18:00,14,5175.3928
2025-5-15,18:00,15,6431.8786
2025-5-15,18:00,16,8097.0
2025-5-15,18:00,17,8374.1112
2025-5-15,18:00,18,9006.3524
2025-5-15,18:00,19,6876.7411
2025-5-15,18:00,20,6761.6333
2025-5-15,18:00,21,5846.1545
2025-5-15,18:00,22,4800.2353
2025-5-15,18:00,23,2978.4222
2025-5-15,18:00,24,1267.5
2025-5-16,0:00,1,0.0
2025-5-16,0:00,2,0.0
2025-5-16,0:00,3,0.0
2025-5-16,0:00,4,0.0
2025-5-16,0:00,5,0.0
2025-5-16,0:00,6,1170.232
2025-5-16,0:00,7,3104.7526
2025-5-16,0:00,8,5286.2964
2025-5-16,0:00,9,6664.0125
2025-5-16,0:00,10,7920.1505
2025-5-16,0:00,11,8939.2125
2025-5-16,0:00,12,9214.2346
2025-5-16,0:00,13,8151.0727
2025-5-16,0:00,14,7442.5789
2025-5-16,0:00,15,5864.2074
2025-5-16,0:00,16,4277.8925
2025-5-16,0:00,17,2631.7626
2025-5-16,0:00,18,841.4786
2025-5-16,0:00,19,0.0
2025-5-16,0:00,20,0.0
2025-5-16,0:00,21,0.0
2025-5-16,0:00,22,0.0
2025-5-16,0:00,23,0.0
2025-5-16,0:00,24,0.0
2025-5-16,6:00,1,2908.5575
2025-5-16,6:00,2,4848.847
2025-5-16,6:00,3,6602.6656
2025-5-16,6:00,4,7818.2199
2025-5-16,6:00,5,8854.7757
2025-5-16,6:00,6,9565.5045
2025-5-16,6:00,7,8022.4805
2025-5-16,6:00,8,7467.9841
2025-5-16,6:00,9,6597.6399
2025-5-16,6:00,10,4841.2188
2025-5-16,6:00,11,2769.0741
2025-5-16,6:00,12,1069.5297
2025-5-16,6:00,13,0.0
2025-5-16,6:00,14,0.0
2025-5-16,6:00,15,0.0
2025-5-16,6:00,16,0.0
2025-5-16,6:00,17,0.0
2025-5-16,6:00,18,0.0
2025-5-16,6:00,19,0.0
2025-5-16,6:00,20,0.0
2025-5-16,6:00,21,0.0
2025-5-16,6:00,22,0.0
2025-5-16,6:00,23,0.0
2025-5-16,6:00,24,1263.6375
2025-5-16,12:00,1,8193.6597
2025-5-16,12:00,2,7317.3724
2025-5-16,12:00,3,6425.1589
2025-5-16,12:00,4,4951.8
2025-5-16,12:00,5,2870.8601
2025-5-16,12:00,6,1114.7256
2025-5-16,12:00,7,0.0
2025-5-16,12:00,8,0.0
2025-5-16,12:00,9,0.0
2025-5-16,12:00,10,0.0
2025-5-16,12:00,11,0.0
2025-5-16,12:00,12,0.0
2025-5-16,12:00,13,0.0
2025-5-16,12:00,14,0.0
2025-5-16,12:00,15,0.0
2025-5-16,12:00,16,0.0
2025-5-16,12:00,17,0.0
2025-5-16,12:00,18,1038.6037
2025-5-16,12:00,19,3196.5696
2025-5-16,12:00,20,4993.8006
2025-5-16,12:00,21,6664.0125
2025-5-16,12:00,22,7312.7357
2025-5-16,12:00,23,7516.5671
2025-5-16,12:00,24,5269.5519
2025-5-16,18:00,1,0.0
2025-5-16,18:00,2,0.0
2025-5-16,18:00,3,0.0
2025-5-16,18:00,4,0.0
2025-5-16,18:00,5,0.0
2025-5-16,18:00,6,0.0
2025-5-16,18:00,7,0.0
2025-5-16,18:00,8,0.0
2025-5-16,18:00,9,0.0
2025-5-16,18:00,10,0.0
2025-5-16,18:00,11,0.0
2025-5-16,18:00,12,1094.5675
2025-5-16,18:00,13,2822.4956
2025-5-16,18:00,14,4389.2167
2025-5-16,18:00,15,4993.6455
2025-5-16,18:00,16,6259.9376
2025-5-16,18:00,17,6541.6013
2025-5-16,18:00,18,6906.2392
2025-5-16,18:00,19,8011.2379
2025-5-16,18:00,20,6155.283
2025-5-16,18:00,21,5490.4553
2025-5-16,18:00,22,4938.3961
2025-5-16,18:00,23,2318.6935
2025-5-16,18:00,24,922.2259
2025-5-17,0:00,1,0.0
2025-5-17,0:00,2,0.0
2025-5-17,0:00,3,0.0
2025-5-17,0:00,4,0.0
2025-5-17,0:00,5,0.0
2025-5-17,0:00,6,1120.1827
2025-5-17,0:00,7,3143.9359
2025-5-17,0:00,8,4724.4456
2025-5-17,0:00,9,6044.934
2025-5-17,0:00,10,7049.8125
2025-5-17,0:00,11,8295.8237
2025-5-17,0:00,12,6660.8297
2025-5-17,0:00,13,7366.0034
2025-5-17,0:00,14,5801.9106
2025-5-17,0:00,15,5046.5712
2025-5-17,0:00,16,4160.7122
2025-5-17,0:00,17,2626.9237
2025-5-17,0:00,18,1145.3639
2025-5-17,0:00,19,0.0
2025-5-17,0:00,20,0.0
2025-5-17,0:00,21,0.0
2025-5-17,0:00,22,0.0
2025-5-17,0:00,23,0.0
2025-5-17,0:00,24,0.0
2025-5-17,6:00,1,3103.6382
2025-5-17,6:00,2,4736.3687
2025-5-17,6:00,3,5993.4603
2025-5-17,6:00,4,6550.3372
2025-5-17,6:00,5,7320.5009
2025-5-17,6:00,6,6753.6852
2025-5-17,6:00,7,7692.445
2025-5-17,6:00,8,6191.4331
2025-5-17,6:00,9,5330.8834
2025-5-17,6:00,10,4882.1525
2025-5-17,6:00,11,2735.9111
2025-5-17,6:00,12,1205.9347
2025-5-17,6:00,13,0.0
2025-5-17,6:00,14,0.0
2025-5-17,6:00,15,0.0
2025-5-17,6:00,16,0.0
2025-5-17,6:00,17,0.0
2025-5-17,6:00,18,0.0
2025-5-17,6:00,19,0.0
2025-5-17,6:00,20,0.0
2025-5-17,6:00,21,0.0
2025-5-17,6:00,22,0.0
2025-5-17,6:00,23,0.0
2025-5-17,6:00,24,1263.6375
2025-5-17,12:00,1,7807.0675
2025-5-17,12:00,2,6232.2012
2025-5-17,12:00,3,5134.8686
2025-5-17,12:00,4,4839.436
2025-5-17,12:00,5,2644.242
2025-5-17,12:00,6,1125.4733
2025-5-17,12:00,7,0.0
2025-5-17,12:00,8,0.0
2025-5-17,12:00,9,0.0
2025-5-17,12:00,10,0.0
2025-5-17,12:00,11,0.0
2025-5-17,12:00,12,0.0
2025-5-17,12:00,13,0.0
2025-5-17,12:00,14,0.0
2025-5-17,12:00,15,0.0
2025-5-17,12:00,16,0.0
2025-5-17,12:00,17,0.0
2025-5-17,12:00,18,963.9362
2025-5-17,12:00,19,2997.6241
2025-5-17,12:00,20,4327.9144
2025-5-17,12:00,21,5958.9372
2025-5-17,12:00,22,7247.0328
2025-5-17,12:00,23,8129.3994
2025-5-17,12:00,24,6635.6015
2025-5-17,18:00,1,0.0
2025-5-17,18:00,2,0.0
2025-5-17,18:00,3,0.0
2025-5-17,18:00,4,0.0
2025-5-17,18:00,5,0.0
2025-5-17,18:00,6,0.0
2025-5-17,18:00,7,0.0
2025-5-17,18:00,8,0.0
2025-5-17,18:00,9,0.0
2025-5-17,18:00,10,0.0
2025-5-17,18:00,11,0.0
2025-5-17,18:00,12,909.3991
2025-5-17,18:00,13,2395.2158
2025-5-17,18:00,14,3924.0379
2025-5-17,18:00,15,5973.7775
2025-5-17,18:00,16,8065.575
2025-5-17,18:00,17,8939.2125
2025-5-17,18:00,18,9182.364
2025-5-17,18:00,19,8862.15
2025-5-17,18:00,20,8078.25
2025-5-17,18:00,21,6475.9014
2025-5-17,18:00,22,4951.8
2025-5-17,18:00,23,3069.4481
2025-5-17,18:00,24,1101.2533
2025-5-18,0:00,1,0.0
2025-5-18,0:00,2,0.0
2025-5-18,0:00,3,0.0
2025-5-18,0:00,4,0.0
2025-5-18,0:00,5,0.0
2025-5-18,0:00,6,1077.0598
2025-5-18,0:00,7,2649.7775
2025-5-18,0:00,8,3806.6935
2025-5-18,0:00,9,5829.0552
2025-5-18,0:00,10,7374.6236
2025-5-18,0:00,11,7711.0627
2025-5-18,0:00,12,6902.6584
2025-5-18,0:00,13,6953.6362
2025-5-18,0:00,14,6848.4261
2025-5-18,0:00,15,5281.0195
2025-5-18,0:00,16,4920.8454
2025-5-18,0:00,17,2991.3405
2025-5-18,0:00,18,1012.2404
2025-5-18,0:00,19,0.0
2025-5-18,0:00,20,0.0
2025-5-18,0:00,21,0.0
2025-5-18,0:00,22,0.0
2025-5-18,0:00,23,0.0
2025-5-18,0:00,24,0.0
2025-5-18,6:00,1,2700.5555
2025-5-18,6:00,2,3966.7924
2025-5-18,6:00,3,6177.9572
2025-5-18,6:00,4,7422.1496
2025-5-18,6:00,5,7603.4913
2025-5-18,6:00,6,7139.0192
2025-5-18,6:00,7,7177.9157
2025-5-18,6:00,8,6888.2679
2025-5-18,6:00,9,6050.9961
2025-5-18,6:00,10,4951.8
2025-5-18,6:00,11,2855.7949
2025-5-18,6:00,12,850.065
2025-5-18,6:00,13,0.0
2025-5-18,6:00,14,0.0
2025-5-18,6:00,15,0.0
2025-5-18,6:00,16,0.0
2025-5-18,6:00,17,0.0
2025-5-18,6:00,18,0.0
2025-5-18,6:00,19,0.0
2025-5-18,6:00,20,0.0
2025-5-18,6:00,21,0.0
2025-5-18,6:00,22,0.0
2025-5-18,6:00,23,0.0
2025-5-18,6:00,24,1059.9442
2025-5-18,12:00,1,7269.1099
2025-5-18,12:00,2,7213.6288
2025-5-18,12:00,3,6048.7164
2025-5-18,12:00,4,4932.4729
2025-5-18,12:00,5,3010.1747
2025-5-18,12:00,6,948.4444
2025-5-18,12:00,7,0.0
2025-5-18,12:00,8,0.0
2025-5-18,12:00,9,0.0
2025-5-18,12:00,10,0.0
2025-5-18,12:00,11,0.0
2025-5-18,12:00,12,0.0
2025-5-18,12:00,13,0.0
2025-5-18,12:00,14,0.0
2025-5-18,12:00,15,0.0
2025-5-18,12:00,16,0.0
2025-5-18,12:00,17,0.0
2025-5-18,12:00,18,915.5933
2025-5-18,12:00,19,2621.5611
2025-5-18,12:00,20,3901.8411
2025-5-18,12:00,21,5817.1253
2025-5-18,12:00,22,5457.3923
2025-5-18,12:00,23,7996.6095
2025-5-18,12:00,24,9012.5682
2025-5-18,18:00,1,0.0
2025-5-18,18:00,2,0.0
2025-5-18,18:00,3,0.0
2025-5-18,18:00,4,0.0
2025-5-18,18:00,5,0.0
2025-5-18,18:00,6,0.0
2025-5-18,18:00,7,0.0
2025-5-18,18:00,8,0.0
2025-5-18,18:00,9,0.0
2025-5-18,18:00,10,0.0
2025-5-18,18:00,11,0.0
2025-5-18,18:00,12,1141.9835
2025-5-18,18:00,13,3157.1052
2025-5-18,18:00,14,4983.2123
2025-5-18,18:00,15,6664.0125
2025-5-18,18:00,16,7889.4183
2025-5-18,18:00,17,8939.2125
2025-5-18,18:00,18,9205.6387
2025-5-18,18:00,19,7908.2093
2025-5-18,18:00,20,7517.713
2025-5-18,18:00,21,5577.8921
2025-5-18,18:00,22,3010.5668
2025-5-18,18:00,23,2119.5038
2025-5-18,18:00,24,750.1091
2025-5-19,0:00,1,0.0
2025-5-19,0:00,2,0.0
2025-5-19,0:00,3,0.0
2025-5-19,0:00,4,0.0
2025-5-19,0:00,5,0.0
2025-5-19,0:00,6,1072.3706
2025-5-19,0:00,7,2949.5096
2025-5-19,0:00,8,4587.8454
2025-5-19,0:00,9,6132.3532
2025-5-19,0:00,10,6118.4772
2025-5-19,0:00,11,7786.3271
2025-5-19,0:00,12,8540.6314
2025-5-19,0:00,13,8811.773
2025-5-19,0:00,14,7738.7558
2025-5-19,0:00,15,6965.9625
2025-5-19,0:00,16,4951.8
2025-5-19,0:00,17,3092.2125
2025-5-19,0:00,18,1165.2739
2025-5-19,0:00,19,0.0
2025-5-19,0:00,20,0.0
2025-5-19,0:00,21,0.0
2025-5-19,0:00,22,0.0
2025-5-19,0:00,23,0.0
2025-5-19,0:00,24,0.0
2025-5-19,6:00,1,2807.2978
2025-5-19,6:00,2,4522.2188
2025-5-19,6:00,3,6582.4268
2025-5-19,6:00,4,6945.1854
2025-5-19,6:00,5,8406.1656
2025-5-19,6:00,6,9067.1956
2025-5-19,6:00,7,8329.4465
2025-5-19,6:00,8,7370.1561
2025-5-19,6:00,9,6965.9625
2025-5-19,6:00,10,4389.1589
2025-5-19,6:00,11,2946.0803
2025-5-19,6:00,12,1175.189
2025-5-19,6:00,13,0.0
2025-5-19,6:00,14,0.0
2025-5-19,6:00,15,0.0
2025-5-19,6:00,16,0.0
2025-5-19,6:00,17,0.0
2025-5-19,6:00,18,0.0
2025-5-19,6:00,19,0.0
2025-5-19,6:00,20,0.0
2025-5-19,6:00,21,0.0
2025-5-19,6:00,22,0.0
2025-5-19,6:00,23,0.0
2025-5-19,6:00,24,893.1529
2025-5-19,12:00,1,8741.5611
2025-5-19,12:00,2,7445.0438
2025-5-19,12:00,3,6704.0432
2025-5-19,12:00,4,4360.352
2025-5-19,12:00,5,2952.3392
2025-5-19,12:00,6,1184.9369
2025-5-19,12:00,7,0.0
2025-5-19,12:00,8,0.0
2025-5-19,12:00,9,0.0
2025-5-19,12:00,10,0.0
2025-5-19,12:00,11,0.0
2025-5-19,12:00,12,0.0
2025-5-19,12:00,13,0.0
2025-5-19,12:00,14,0.0
2025-5-19,12:00,15,0.0
2025-5-19,12:00,16,0.0
2025-5-19,12:00,17,0.0
2025-5-19,12:00,18,1097.3025
2025-5-19,12:00,19,3155.656
2025-5-19,12:00,20,4793.2417
2025-5-19,12:00,21,5569.1048
2025-5-19,12:00,22,5499.0573
2025-5-19,12:00,23,5034.573
2025-5-19,12:00,24,3125.3891
2025-5-19,18:00,1,0.0
2025-5-19,18:00,2,0.0
2025-5-19,18:00,3,0.0
2025-5-19,18:00,4,0.0
2025-5-19,18:00,5,0.0
2025-5-19,18:00,6,0.0
2025-5-19,18:00,7,0.0
2025-5-19,18:00,8,0.0
2025-5-19,18:00,9,0.0
2025-5-19,18:00,10,0.0
2025-5-19,18:00,11,0.0
2025-5-19,18:00,12,1263.6375
2025-5-19,18:00,13,3200.5526
2025-5-19,18:00,14,5196.4653
2025-5-19,18:00,15,6664.0125
2025-5-19,18:00,16,8065.575
2025-5-19,18:00,17,8451.9902
2025-5-19,18:00,18,7833.826
2025-5-19,18:00,19,7928.7279
2025-5-19,18:00,20,6703.5499
2025-5-19,18:00,21,5314.5952
2025-5-19,18:00,22,4199.884
2025-5-19,18:00,23,2825.3771
2025-5-19,18:00,24,757.4562
2025-5-20,0:00,1,0.0
2025-5-20,0:00,2,0.0
2025-5-20,0:00,3,0.0
2025-5-20,0:00,4,0.0
2025-5-20,0:00,5,0.0
2025-5-20,0:00,6,1066.1352
2025-5-20,0:00,7,2733.9895
2025-5-20,0:00,8,4746.882
2025-5-20,0:00,9,6252.2659
2025-5-20,0:00,10,7291.215
2025-5-20,0:00,11,8219.0665
2025-5-20,0:00,12,8235.1283
2025-5-20,0:00,13,8499.1315
2025-5-20,0:00,14,7505.0468
2025-5-20,0:00,15,6575.7376
2025-5-20,0:00,16,4951.8
2025-5-20,0:00,17,3092.2125
2025-5-20,0:00,18,1028.5583
2025-5-20,0:00,19,0.0
2025-5-20,0:00,20,0.0
2025-5-20,0:00,21,0.0
2025-5-20,0:00,22,0.0
2025-5-20,0:00,23,0.0
2025-5-20,0:00,24,0.0
2025-5-20,6:00,1,2772.8891
2025-5-20,6:00,2,4702.5018
2025-5-20,6:00,3,6351.735
2025-5-20,6:00,4,7503.8933
2025-5-20,6:00,5,7817.8028
2025-5-20,6:00,6,7608.446
2025-5-20,6:00,7,7238.7682
2025-5-20,6:00,8,6241.0869
2025-5-20,6:00,9,5452.5211
2025-5-20,6:00,10,4342.6126
2025-5-20,6:00,11,2887.1869
2025-5-20,6:00,12,1109.9201
2025-5-20,6:00,13,0.0
2025-5-20,6:00,14,0.0
2025-5-20,6:00,15,0.0
2025-5-20,6:00,16,0.0
2025-5-20,6:00,17,0.0
2025-5-20,6:00,18,0.0
2025-5-20,6:00,19,0.0
2025-5-20,6:00,20,0.0
2025-5-20,6:00,21,0.0
2025-5-20,6:00,22,0.0
2025-5-20,6:00,23,0.0
2025-5-20,6:00,24,1102.6739
2025-5-20,12:00,1,7319.5989
2025-5-20,12:00,2,6303.6813
2025-5-20,12:00,3,5726.4421
2025-5-20,12:00,4,4628.3372
2025-5-20,12:00,5,3092.2125
2025-5-20,12:00,6,1145.9562
2025-5-20,12:00,7,0.0
2025-5-20,12:00,8,0.0
2025-5-20,12:00,9,0.0
2025-5-20,12:00,10,0.0
2025-5-20,12:00,11,0.0
2025-5-20,12:00,12,0.0
2025-5-20,12:00,13,0.0
2025-5-20,12:00,14,0.0
2025-5-20,12:00,15,0.0
2025-5-20,12:00,16,0.0
2025-5-20,12:00,17,0.0
2025-5-20,12:00,18,1263.6375
2025-5-20,12:00,19,3201.7125
2025-5-20,12:00,20,5368.275
2025-5-20,12:00,21,6664.0125
2025-5-20,12:00,22,8065.575
2025-5-20,12:00,23,8939.2125
2025-5-20,12:00,24,7678.302
2025-5-20,18:00,1,0.0
2025-5-20,18:00,2,0.0
2025-5-20,18:00,3,0.0
2025-5-20,18:00,4,0.0
2025-5-20,18:00,5,0.0
2025-5-20,18:00,6,0.0
2025-5-20,18:00,7,0.0
2025-5-20,18:00,8,0.0
2025-5-20,18:00,9,0.0
2025-5-20,18:00,10,0.0
2025-5-20,18:00,11,0.0
2025-5-20,18:00,12,1196.0582
2025-5-20,18:00,13,3137.2217
2025-5-20,18:00,14,5191.6707
2025-5-20,18:00,15,5075.176
2025-5-20,18:00,16,5677.4798
2025-5-20,18:00,17,5667.6921
2025-5-20,18:00,18,6269.0314
2025-5-20,18:00,19,6426.9145
2025-5-20,18:00,20,6820.5194
2025-5-20,18:00,21,4913.0528
2025-5-20,18:00,22,4649.4439
2025-5-20,18:00,23,3092.2125
2025-5-20,18:00,24,1267.5
2025-5-21,0:00,1,0.0
2025-5-21,0:00,2,0.0
2025-5-21,0:00,3,0.0
2025-5-21,0:00,4,0.0
2025-5-21,0:00,5,0.0
2025-5-21,0:00,6,1167.7719
2025-5-21,0:00,7,3201.7125
2025-5-21,0:00,8,5339.8772
2025-5-21,0:00,9,6639.3627
2025-5-21,0:00,10,7537.6348
2025-5-21,0:00,11,8504.0158
2025-5-21,0:00,12,9531.6825
2025-5-21,0:00,13,8862.15
2025-5-21,0:00,14,8078.25
2025-5-21,0:00,15,6482.9571
2025-5-21,0:00,16,4846.1165
2025-5-21,0:00,17,2952.4358
2025-5-21,0:00,18,1062.7787
2025-5-21,0:00,19,0.0
2025-5-21,0:00,20,0.0
2025-5-21,0:00,21,0.0
2025-5-21,0:00,22,0.0
2025-5-21,0:00,23,0.0
2025-5-21,0:00,24,0.0
2025-5-21,6:00,1,3078.0851
2025-5-21,6:00,2,4781.6426
2025-5-21,6:00,3,5930.751
2025-5-21,6:00,4,6598.114
2025-5-21,6:00,5,7633.2311
2025-5-21,6:00,6,8409.0751
2025-5-21,6:00,7,8415.1687
2025-5-21,6:00,8,7545.3581
2025-5-21,6:00,9,5101.4549
2025-5-21,6:00,10,3963.2977
2025-5-21,6:00,11,2644.3826
2025-5-21,6:00,12,1012.1821
2025-5-21,6:00,13,0.0
2025-5-21,6:00,14,0.0
2025-5-21,6:00,15,0.0
2025-5-21,6:00,16,0.0
2025-5-21,6:00,17,0.0
2025-5-21,6:00,18,0.0
2025-5-21,6:00,19,0.0
2025-5-21,6:00,20,0.0
2025-5-21,6:00,21,0.0
2025-5-21,6:00,22,0.0
2025-5-21,6:00,23,0.0
2025-5-21,6:00,24,486.0136
2025-5-21,12:00,1,8862.15
2025-5-21,12:00,2,8078.25
2025-5-21,12:00,3,5499.1813
2025-5-21,12:00,4,4183.992
2025-5-21,12:00,5,2817.735
2025-5-21,12:00,6,1031.8024
2025-5-21,12:00,7,0.0
2025-5-21,12:00,8,0.0
2025-5-21,12:00,9,0.0
2025-5-21,12:00,10,0.0
2025-5-21,12:00,11,0.0
2025-5-21,12:00,12,0.0
2025-5-21,12:00,13,0.0
2025-5-21,12:00,14,0.0
2025-5-21,12:00,15,0.0
2025-5-21,12:00,16,0.0
2025-5-21,12:00,17,0.0
2025-5-21,12:00,18,1263.6375
2025-5-21,12:00,19,2911.2893
2025-5-21,12:00,20,4804.6037
2025-5-21,12:00,21,6508.4703
2025-5-21,12:00,22,6025.7742
2025-5-21,12:00,23,6165.5619
2025-5-21,12:00,24,6398.4408
2025-5-21,18:00,1,0.0
2025-5-21,18:00,2,0.0
2025-5-21,18:00,3,0.0
2025-5-21,18:00,4,0.0
2025-5-21,18:00,5,0.0
2025-5-21,18:00,6,0.0
2025-5-21,18:00,7,0.0
2025-5-21,18:00,8,0.0
2025-5-21,18:00,9,0.0
2025-5-21,18:00,10,0.0
2025-5-21,18:00,11,0.0
2025-5-21,18:00,12,1231.1563
2025-5-21,18:00,13,2935.2258
2025-5-21,18:00,14,4987.2822
2025-5-21,18:00,15,6045.0712
2025-5-21,18:00,16,7518.8968
2025-5-21,18:00,17,7959.3328
2025-5-21,18:00,18,7626.1197
2025-5-21,18:00,19,7802.9432
2025-5-21,18:00,20,6424.1429
2025-5-21,18:00,21,4793.1242
2025-5-21,18:00,22,4004.8551
2025-5-21,18:00,23,2457.0111
2025-5-21,18:00,24,848.2426
2025-5-22,0:00,1,0.0
2025-5-22,0:00,2,0.0
2025-5-22,0:00,3,0.0
2025-5-22,0:00,4,0.0
2025-5-22,0:00,5,0.0
2025-5-22,0:00,6,1130.0092
2025-5-22,0:00,7,2499.8008
2025-5-22,0:00,8,4439.6052
2025-5-22,0:00,9,5899.4459
2025-5-22,0:00,10,7329.8558
2025-5-22,0:00,11,8939.2125
2025-5-22,0:00,12,9791.55
2025-5-22,0:00,13,8862.15
2025-5-22,0:00,14,8078.25
2025-5-22,0:00,15,6545.5219
2025-5-22,0:00,16,4476.6169
2025-5-22,0:00,17,2442.9051
2025-5-22,0:00,18,1027.1291
2025-5-22,0:00,19,0.0
2025-5-22,0:00,20,0.0
2025-5-22,0:00,21,0.0
2025-5-22,0:00,22,0.0
2025-5-22,0:00,23,0.0
2025-5-22,0:00,24,0.0
2025-5-22,6:00,1,2855.6382
2025-5-22,6:00,2,4801.1993
2025-5-22,6:00,3,6274.7783
2025-5-22,6:00,4,6934.2921
2025-5-22,6:00,5,8289.1781
2025-5-22,6:00,6,8610.8158
2025-5-22,6:00,7,8549.81
2025-5-22,6:00,8,8078.25
2025-5-22,6:00,9,6079.2377
2025-5-22,6:00,10,4351.3354
2025-5-22,6:00,11,2344.6906
2025-5-22,6:00,12,974.8776
2025-5-22,6:00,13,0.0
2025-5-22,6:00,14,0.0
2025-5-22,6:00,15,0.0
2025-5-22,6:00,16,0.0
2025-5-22,6:00,17,0.0
2025-5-22,6:00,18,0.0
2025-5-22,6:00,19,0.0
2025-5-22,6:00,20,0.0
2025-5-22,6:00,21,0.0
2025-5-22,6:00,22,0.0
2025-5-22,6:00,23,0.0
2025-5-22,6:00,24,1263.6375
2025-5-22,12:00,1,8111.554
2025-5-22,12:00,2,7591.1401
2025-5-22,12:00,3,6060.9348
2025-5-22,12:00,4,4578.5556
2025-5-22,12:00,5,2761.1987
2025-5-22,12:00,6,1171.0915
2025-5-22,12:00,7,0.0
2025-5-22,12:00,8,0.0
2025-5-22,12:00,9,0.0
2025-5-22,12:00,10,0.0
2025-5-22,12:00,11,0.0
2025-5-22,12:00,12,0.0
2025-5-22,12:00,13,0.0
2025-5-22,12:00,14,0.0
2025-5-22,12:00,15,0.0
2025-5-22,12:00,16,0.0
2025-5-22,12:00,17,0.0
2025-5-22,12:00,18,1263.6375
2025-5-22,12:00,19,3201.7125
2025-5-22,12:00,20,5368.275
2025-5-22,12:00,21,6664.0125
2025-5-22,12:00,22,8065.575
2025-5-22,12:00,23,8939.2125
2025-5-22,12:00,24,9506.5171
2025-5-22,18:00,1,0.0
2025-5-22,18:00,2,0.0
2025-5-22,18:00,3,0.0
2025-5-22,18:00,4,0.0
2025-5-22,18:00,5,0.0
2025-5-22,18:00,6,0.0
2025-5-22,18:00,7,0.0
2025-5-22,18:00,8,0.0
2025-5-22,18:00,9,0.0
2025-5-22,18:00,10,0.0
2025-5-22,18:00,11,0.0
2025-5-22,18:00,12,1057.5845
2025-5-22,18:00,13,2708.5902
2025-5-22,18:00,14,3613.588
2025-5-22,18:00,15,5930.6074
2025-5-22,18:00,16,7779.3529
2025-5-22,18:00,17,8236.3715
2025-5-22,18:00,18,7525.1494
2025-5-22,18:00,19,7335.1307
2025-5-22,18:00,20,6533.1542
2025-5-22,18:00,21,5315.9663
2025-5-22,18:00,22,4785.1126
2025-5-22,18:00,23,3092.2125
2025-5-22,18:00,24,1267.5
2025-5-23,0:00,1,0.0
2025-5-23,0:00,2,0.0
2025-5-23,0:00,3,0.0
2025-5-23,0:00,4,0.0
2025-5-23,0:00,5,0.0
2025-5-23,0:00,6,1118.1623
2025-5-23,0:00,7,2841.9608
2025-5-23,0:00,8,4521.224
2025-5-23,0:00,9,5890.7902
2025-5-23,0:00,10,7196.5072
2025-5-23,0:00,11,7914.6221
2025-5-23,0:00,12,8065.7205
2025-5-23,0:00,13,7420.5977
2025-5-23,0:00,14,7482.7577
2025-5-23,0:00,15,5404.4175
2025-5-23,0:00,16,4951.8
2025-5-23,0:00,17,3092.2125
2025-5-23,0:00,18,1267.5
2025-5-23,0:00,19,0.0
2025-5-23,0:00,20,0.0
2025-5-23,0:00,21,0.0
2025-5-23,0:00,22,0.0
2025-5-23,0:00,23,0.0
2025-5-23,0:00,24,0.0
2025-5-23,6:00,1,2916.1588
2025-5-23,6:00,2,4677.0237
2025-5-23,6:00,3,6290.9502
2025-5-23,6:00,4,7366.3398
2025-5-23,6:00,5,8003.9533
2025-5-23,6:00,6,8020.7186
2025-5-23,6:00,7,6972.1134
2025-5-23,6:00,8,6854.0983
2025-5-23,6:00,9,5706.9056
2025-5-23,6:00,10,4568.5303
2025-5-23,6:00,11,2976.988
2025-5-23,6:00,12,1267.5
2025-5-23,6:00,13,0.0
2025-5-23,6:00,14,0.0
2025-5-23,6:00,15,0.0
2025-5-23,6:00,16,0.0
2025-5-23,6:00,17,0.0
2025-5-23,6:00,18,0.0
2025-5-23,6:00,19,0.0
2025-5-23,6:00,20,0.0
2025-5-23,6:00,21,0.0
2025-5-23,6:00,22,0.0
2025-5-23,6:00,23,0.0
2025-5-23,6:00,24,1184.5495
2025-5-23,12:00,1,7225.1692
2025-5-23,12:00,2,6704.5899
2025-5-23,12:00,3,5042.3935
2025-5-23,12:00,4,3782.5825
2025-5-23,12:00,5,2511.8474
2025-5-23,12:00,6,1149.084
2025-5-23,12:00,7,0.0
2025-5-23,12:00,8,0.0
2025-5-23,12:00,9,0.0
2025-5-23,12:00,10,0.0
2025-5-23,12:00,11,0.0
2025-5-23,12:00,12,0.0
2025-5-23,12:00,13,0.0
2025-5-23,12:00,14,0.0
2025-5-23,12:00,15,0.0
2025-5-23,12:00,16,0.0
2025-5-23,12:00,17,0.0
2025-5-23,12:00,18,1139.0568
2025-5-23,12:00,19,3201.7125
2025-5-23,12:00,20,4536.7347
2025-5-23,12:00,21,6028.7714
2025-5-23,12:00,22,8013.1432
2025-5-23,12:00,23,8488.4363
2025-5-23,12:00,24,8595.6124
2025-5-23,18:00,1,0.0
2025-5-23,18:00,2,0.0
2025-5-23,18:00,3,0.0
2025-5-23,18:00,4,0.0
2025-5-23,18:00,5,0.0
2025-5-23,18:00,6,0.0
2025-5-23,18:00,7,0.0
2025-5-23,18:00,8,0.0
2025-5-23,18:00,9,0.0
2025-5-23,18:00,10,0.0
2025-5-23,18:00,11,0.0
2025-5-23,18:00,12,1065.7982
2025-5-23,18:00,13,3201.7125
2025-5-23,18:00,14,4650.9042
2025-5-23,18:00,15,6664.0125
2025-5-23,18:00,16,8065.575
2025-5-23,18:00,17,8939.2125
2025-5-23,18:00,18,9791.55
2025-5-23,18:00,19,8862.15
2025-5-23,18:00,20,8078.25
2025-5-23,18:00,21,5559.9194
2025-5-23,18:00,22,4501.5699
2025-5-23,18:00,23,2373.675
2025-5-23,18:00,24,976.7627
2025-5-24,0:00,1,0.0
2025-5-24,0:00,2,0.0
2025-5-24,0:00,3,0.0
2025-5-24,0:00,4,0.0
2025-5-24,0:00,5,0.0
2025-5-24,0:00,6,1201.6299
2025-5-24,0:00,7,3201.7125
2025-5-24,0:00,8,4896.2575
2025-5-24,0:00,9,6164.9152
2025-5-24,0:00,10,7513.5859
2025-5-24,0:00,11,8895.3347
2025-5-24,0:00,12,9138.8646
2025-5-24,0:00,13,8826.1621
2025-5-24,0:00,14,8078.25
2025-5-24,0:00,15,6380.2728
2025-5-24,0:00,16,4677.1291
2025-5-24,0:00,17,2768.2344
2025-5-24,0:00,18,1015.2247
2025-5-24,0:00,19,0.0
2025-5-24,0:00,20,0.0
2025-5-24,0:00,21,0.0
2025-5-24,0:00,22,0.0
2025-5-24,0:00,23,0.0
2025-5-24,0:00,24,0.0
2025-5-24,6:00,1,3139.0607
2025-5-24,6:00,2,4421.5295
2025-5-24,6:00,3,5822.2018
2025-5-24,6:00,4,7677.9097
2025-5-24,6:00,5,8939.2125
2025-5-24,6:00,6,9092.3258
2025-5-24,6:00,7,8203.1529
2025-5-24,6:00,8,8078.25
2025-5-24,6:00,9,5832.205
2025-5-24,6:00,10,4585.4075
2025-5-24,6:00,11,3092.2125
2025-5-24,6:00,12,1242.075
2025-5-24,6:00,13,0.0
2025-5-24,6:00,14,0.0
2025-5-24,6:00,15,0.0
2025-5-24,6:00,16,0.0
2025-5-24,6:00,17,0.0
2025-5-24,6:00,18,0.0
2025-5-24,6:00,19,0.0
2025-5-24,6:00,20,0.0
2025-5-24,6:00,21,0.0
2025-5-24,6:00,22,0.0
2025-5-24,6:00,23,0.0
2025-5-24,6:00,24,705.2742
2025-5-24,12:00,1,7968.7954
2025-5-24,12:00,2,7750.8182
2025-5-24,12:00,3,5438.3978
2025-5-24,12:00,4,4567.1964
2025-5-24,12:00,5,2968.394
2025-5-24,12:00,6,1248.9275
2025-5-24,12:00,7,0.0
2025-5-24,12:00,8,0.0
2025-5-24,12:00,9,0.0
2025-5-24,12:00,10,0.0
2025-5-24,12:00,11,0.0
2025-5-24,12:00,12,0.0
2025-5-24,12:00,13,0.0
2025-5-24,12:00,14,0.0
2025-5-24,12:00,15,0.0
2025-5-24,12:00,16,0.0
2025-5-24,12:00,17,0.0
2025-5-24,12:00,18,1171.7647
2025-5-24,12:00,19,2525.6324
2025-5-24,12:00,20,5165.0378
2025-5-24,12:00,21,6664.0125
2025-5-24,12:00,22,6501.8628
2025-5-24,12:00,23,7542.3456
2025-5-24,12:00,24,8554.8161
2025-5-24,18:00,1,0.0
2025-5-24,18:00,2,0.0
2025-5-24,18:00,3,0.0
2025-5-24,18:00,4,0.0
2025-5-24,18:00,5,0.0
2025-5-24,18:00,6,0.0
2025-5-24,18:00,7,0.0
2025-5-24,18:00,8,0.0
2025-5-24,18:00,9,0.0
2025-5-24,18:00,10,0.0
2025-5-24,18:00,11,0.0
2025-5-24,18:00,12,1192.1541
2025-5-24,18:00,13,2417.2079
2025-5-24,18:00,14,4638.6378
2025-5-24,18:00,15,5848.0149
2025-5-24,18:00,16,7693.6098
2025-5-24,18:00,17,8235.2178
2025-5-24,18:00,18,9791.55
2025-5-24,18:00,19,8862.15
2025-5-24,18:00,20,6854.262
2025-5-24,18:00,21,6380.2441
2025-5-24,18:00,22,4128.7419
2025-5-24,18:00,23,2399.6428
2025-5-24,18:00,24,935.6098
2025-5-25,0:00,1,0.0
2025-5-25,0:00,2,0.0
2025-5-25,0:00,3,0.0
2025-5-25,0:00,4,0.0
2025-5-25,0:00,5,0.0
2025-5-25,0:00,6,1159.7493
2025-5-25,0:00,7,2626.5636
2025-5-25,0:00,8,5191.5153
2025-5-25,0:00,9,6105.5566
2025-5-25,0:00,10,7345.3216
2025-5-25,0:00,11,7563.8335
2025-5-25,0:00,12,8167.1706
2025-5-25,0:00,13,7994.0412
2025-5-25,0:00,14,7271.8632
2025-5-25,0:00,15,6755.596
2025-5-25,0:00,16,4951.8
2025-5-25,0:00,17,3092.2125
2025-5-25,0:00,18,1267.5
2025-5-25,0:00,19,0.0
2025-5-25,0:00,20,0.0
2025-5-25,0:00,21,0.0
2025-5-25,0:00,22,0.0
2025-5-25,0:00,23,0.0
2025-5-25,0:00,24,0.0
2025-5-25,6:00,1,2751.321
2025-5-25,6:00,2,5213.974
2025-5-25,6:00,3,6106.323
2025-5-25,6:00,4,7404.8973
2025-5-25,6:00,5,7901.1407
2025-5-25,6:00,6,8541.401
2025-5-25,6:00,7,7717.4869
2025-5-25,6:00,8,6399.2367
2025-5-25,6:00,9,6693.4789
2025-5-25,6:00,10,4417.7437
2025-5-25,6:00,11,2924.838
2025-5-25,6:00,12,1215.2022
2025-5-25,6:00,13,0.0
2025-5-25,6:00,14,0.0
2025-5-25,6:00,15,0.0
2025-5-25,6:00,16,0.0
2025-5-25,6:00,17,0.0
2025-5-25,6:00,18,0.0
2025-5-25,6:00,19,0.0
2025-5-25,6:00,20,0.0
2025-5-25,6:00,21,0.0
2025-5-25,6:00,22,0.0
2025-5-25,6:00,23,0.0
2025-5-25,6:00,24,1263.6375
2025-5-25,12:00,1,8570.5073
2025-5-25,12:00,2,7521.9911
2025-5-25,12:00,3,6965.9625
2025-5-25,12:00,4,4420.6376
2025-5-25,12:00,5,2970.7792
2025-5-25,12:00,6,1238.2465
2025-5-25,12:00,7,0.0
2025-5-25,12:00,8,0.0
2025-5-25,12:00,9,0.0
2025-5-25,12:00,10,0.0
2025-5-25,12:00,11,0.0
2025-5-25,12:00,12,0.0
2025-5-25,12:00,13,0.0
2025-5-25,12:00,14,0.0
2025-5-25,12:00,15,0.0
2025-5-25,12:00,16,0.0
2025-5-25,12:00,17,0.0
2025-5-25,12:00,18,1078.1096
2025-5-25,12:00,19,2209.3774
2025-5-25,12:00,20,3054.6078
2025-5-25,12:00,21,2935.1623
2025-5-25,12:00,22,3898.6227
2025-5-25,12:00,23,3479.729
2025-5-25,12:00,24,3729.2642
2025-5-25,18:00,1,0.0
2025-5-25,18:00,2,0.0
2025-5-25,18:00,3,0.0
2025-5-25,18:00,4,0.0
2025-5-25,18:00,5,0.0
2025-5-25,18:00,6,0.0
2025-5-25,18:00,7,0.0
2025-5-25,18:00,8,0.0
2025-5-25,18:00,9,0.0
2025-5-25,18:00,10,0.0
2025-5-25,18:00,11,0.0
2025-5-25,18:00,12,1230.3179
2025-5-25,18:00,13,2143.2631
2025-5-25,18:00,14,3668.772
2025-5-25,18:00,15,5269.9222
2025-5-25,18:00,16,5891.7266
2025-5-25,18:00,17,6365.6728
2025-5-25,18:00,18,8231.2752
2025-5-25,18:00,19,6752.2415
2025-5-25,18:00,20,5650.7211
2025-5-25,18:00,21,4476.21
2025-5-25,18:00,22,3545.6073
2025-5-25,18:00,23,2213.346
2025-5-25,18:00,24,1084.9287
2025-5-26,0:00,1,0.0
2025-5-26,0:00,2,0.0
2025-5-26,0:00,3,0.0
2025-5-26,0:00,4,0.0
2025-5-26,0:00,5,0.0
2025-5-26,0:00,6,1263.6375
2025-5-26,0:00,7,2724.7234
2025-5-26,0:00,8,4651.6662
2025-5-26,0:00,9,6639.2571
2025-5-26,0:00,10,7527.8258
2025-5-26,0:00,11,7534.8302
2025-5-26,0:00,12,9263.1186
2025-5-26,0:00,13,8862.15
2025-5-26,0:00,14,8078.25
2025-5-26,0:00,15,6576.9758
2025-5-26,0:00,16,4672.7135
2025-5-26,0:00,17,2764.0699
2025-5-26,0:00,18,1084.7455
2025-5-26,0:00,19,0.0
2025-5-26,0:00,20,0.0
2025-5-26,0:00,21,0.0
2025-5-26,0:00,22,0.0
2025-5-26,0:00,23,0.0
2025-5-26,0:00,24,0.0
2025-5-26,6:00,1,2498.4846
2025-5-26,6:00,2,4336.443
2025-5-26,6:00,3,5598.7825
2025-5-26,6:00,4,6593.1312
2025-5-26,6:00,5,6403.5726
2025-5-26,6:00,6,8064.8523
2025-5-26,6:00,7,7859.6467
2025-5-26,6:00,8,7865.1209
2025-5-26,6:00,9,6663.89
2025-5-26,6:00,10,4951.8
2025-5-26,6:00,11,2807.6017
2025-5-26,6:00,12,1044.0705
2025-5-26,6:00,13,0.0
2025-5-26,6:00,14,0.0
2025-5-26,6:00,15,0.0
2025-5-26,6:00,16,0.0
2025-5-26,6:00,17,0.0
2025-5-26,6:00,18,0.0
2025-5-26,6:00,19,0.0
2025-5-26,6:00,20,0.0
2025-5-26,6:00,21,0.0
2025-5-26,6:00,22,0.0
2025-5-26,6:00,23,0.0
2025-5-26,6:00,24,1263.6375
2025-5-26,12:00,1,7507.8034
2025-5-26,12:00,2,7487.7351
2025-5-26,12:00,3,5882.3078
2025-5-26,12:00,4,4497.0633
2025-5-26,12:00,5,2832.9234
2025-5-26,12:00,6,1082.3821
2025-5-26,12:00,7,0.0
2025-5-26,12:00,8,0.0
2025-5-26,12:00,9,0.0
2025-5-26,12:00,10,0.0
2025-5-26,12:00,11,0.0
2025-5-26,12:00,12,0.0
2025-5-26,12:00,13,0.0
2025-5-26,12:00,14,0.0
2025-5-26,12:00,15,0.0
2025-5-26,12:00,16,0.0
2025-5-26,12:00,17,0.0
2025-5-26,12:00,18,1263.6375
2025-5-26,12:00,19,3201.7125
2025-5-26,12:00,20,4675.9341
2025-5-26,12:00,21,6490.6082
2025-5-26,12:00,22,7851.9401
2025-5-26,12:00,23,7911.3241
2025-5-26,12:00,24,9339.9872
2025-5-26,18:00,1,0.0
2025-5-26,18:00,2,0.0
2025-5-26,18:00,3,0.0
2025-5-26,18:00,4,0.0
2025-5-26,18:00,5,0.0
2025-5-26,18:00,6,0.0
2025-5-26,18:00,7,0.0
2025-5-26,18:00,8,0.0
2025-5-26,18:00,9,0.0
2025-5-26,18:00,10,0.0
2025-5-26,18:00,11,0.0
2025-5-26,18:00,12,1263.6375
2025-5-26,18:00,13,2874.2758
2025-5-26,18:00,14,4305.7699
2025-5-26,18:00,15,6097.6702
2025-5-26,18:00,16,6276.5833
2025-5-26,18:00,17,6919.4256
2025-5-26,18:00,18,7914.6367
2025-5-26,18:00,19,6899.8722
2025-5-26,18:00,20,5952.5795
2025-5-26,18:00,21,4913.1214
2025-5-26,18:00,22,3379.7905
2025-5-26,18:00,23,2490.1005
2025-5-26,18:00,24,883.3743
2025-5-27,0:00,1,0.0
2025-5-27,0:00,2,0.0
2025-5-27,0:00,3,0.0
2025-5-27,0:00,4,0.0
2025-5-27,0:00,5,0.0
2025-5-27,0:00,6,1263.6375
2025-5-27,0:00,7,3201.7125
2025-5-27,0:00,8,5368.275
2025-5-27,0:00,9,6664.0125
2025-5-27,0:00,10,8065.575
2025-5-27,0:00,11,8939.2125
2025-5-27,0:00,12,9791.55
2025-5-27,0:00,13,8628.7457
2025-5-27,0:00,14,7205.4806
2025-5-27,0:00,15,6965.0423
2025-5-27,0:00,16,4466.8188
2025-5-27,0:00,17,3092.2125
2025-5-27,0:00,18,1267.5
2025-5-27,0:00,19,0.0
2025-5-27,0:00,20,0.0
2025-5-27,0:00,21,0.0
2025-5-27,0:00,22,0.0
2025-5-27,0:00,23,0.0
2025-5-27,0:00,24,0.0
2025-5-27,6:00,1,3201.7125
2025-5-27,6:00,2,4786.7608
2025-5-27,6:00,3,6664.0125
2025-5-27,6:00,4,7489.8374
2025-5-27,6:00,5,7661.6805
2025-5-27,6:00,6,8666.8534
2025-5-27,6:00,7,7240.3443
2025-5-27,6:00,8,6325.3686
2025-5-27,6:00,9,5404.1393
2025-5-27,6:00,10,3774.9537
2025-5-27,6:00,11,2770.3291
2025-5-27,6:00,12,1177.7096
2025-5-27,6:00,13,0.0
2025-5-27,6:00,14,0.0
2025-5-27,6:00,15,0.0
2025-5-27,6:00,16,0.0
2025-5-27,6:00,17,0.0
2025-5-27,6:00,18,0.0
2025-5-27,6:00,19,0.0
2025-5-27,6:00,20,0.0
2025-5-27,6:00,21,0.0
2025-5-27,6:00,22,0.0
2025-5-27,6:00,23,0.0
2025-5-27,6:00,24,1103.6955
2025-5-27,12:00,1,7831.4256
2025-5-27,12:00,2,7050.6158
2025-5-27,12:00,3,6336.8757
2025-5-27,12:00,4,4433.1656
2025-5-27,12:00,5,3015.4583
2025-5-27,12:00,6,1267.5
2025-5-27,12:00,7,0.0
2025-5-27,12:00,8,0.0
2025-5-27,12:00,9,0.0
2025-5-27,12:00,10,0.0
2025-5-27,12:00,11,0.0
2025-5-27,12:00,12,0.0
2025-5-27,12:00,13,0.0
2025-5-27,12:00,14,0.0
2025-5-27,12:00,15,0.0
2025-5-27,12:00,16,0.0
2025-5-27,12:00,17,0.0
2025-5-27,12:00,18,633.4123
2025-5-27,12:00,19,1684.8788
2025-5-27,12:00,20,3964.1288
2025-5-27,12:00,21,4712.7022
2025-5-27,12:00,22,6375.1602
2025-5-27,12:00,23,7905.1528
2025-5-27,12:00,24,8691.0062
2025-5-27,18:00,1,0.0
2025-5-27,18:00,2,0.0
2025-5-27,18:00,3,0.0
2025-5-27,18:00,4,0.0
2025-5-27,18:00,5,0.0
2025-5-27,18:00,6,0.0
2025-5-27,18:00,7,0.0
2025-5-27,18:00,8,0.0
2025-5-27,18:00,9,0.0
2025-5-27,18:00,10,0.0
2025-5-27,18:00,11,0.0
2025-5-27,18:00,12,1263.6375
2025-5-27,18:00,13,3152.3302
2025-5-27,18:00,14,4737.4705
2025-5-27,18:00,15,6386.9139
2025-5-27,18:00,16,6175.6045
2025-5-27,18:00,17,6624.0935
2025-5-27,18:00,18,6168.2228
2025-5-27,18:00,19,7087.4264
2025-5-27,18:00,20,6972.6644
2025-5-27,18:00,21,6965.9625
2025-5-27,18:00,22,4862.0722
2025-5-27,18:00,23,2983.0178
2025-5-27,18:00,24,1267.5
2025-5-28,0:00,1,0.0
2025-5-28,0:00,2,0.0
2025-5-28,0:00,3,0.0
2025-5-28,0:00,4,0.0
2025-5-28,0:00,5,0.0
2025-5-28,0:00,6,1011.4338
2025-5-28,0:00,7,2340.7894
2025-5-28,0:00,8,3935.9216
2025-5-28,0:00,9,5943.794
2025-5-28,0:00,10,6370.5865
2025-5-28,0:00,11,7320.4365
2025-5-28,0:00,12,7335.247
2025-5-28,0:00,13,8862.15
2025-5-28,0:00,14,8078.25
2025-5-28,0:00,15,6965.9625
2025-5-28,0:00,16,4915.0747
2025-5-28,0:00,17,3070.4944
2025-5-28,0:00,18,1100.2583
2025-5-28,0:00,19,0.0
2025-5-28,0:00,20,0.0
2025-5-28,0:00,21,0.0
2025-5-28,0:00,22,0.0
2025-5-28,0:00,23,0.0
2025-5-28,0:00,24,0.0
2025-5-28,6:00,1,2544.5583
2025-5-28,6:00,2,4119.1396
2025-5-28,6:00,3,5884.7044
2025-5-28,6:00,4,6434.2034
2025-5-28,6:00,5,7106.0546
2025-5-28,6:00,6,7471.1764
2025-5-28,6:00,7,8862.15
2025-5-28,6:00,8,7803.433
2025-5-28,6:00,9,6442.1321
2025-5-28,6:00,10,4617.8476
2025-5-28,6:00,11,2607.8579
2025-5-28,6:00,12,1074.6557
2025-5-28,6:00,13,0.0
2025-5-28,6:00,14,0.0
2025-5-28,6:00,15,0.0
2025-5-28,6:00,16,0.0
2025-5-28,6:00,17,0.0
2025-5-28,6:00,18,0.0
2025-5-28,6:00,19,0.0
2025-5-28,6:00,20,0.0
2025-5-28,6:00,21,0.0
2025-5-28,6:00,22,0.0
2025-5-28,6:00,23,0.0
2025-5-28,6:00,24,1033.463
2025-5-28,12:00,1,8635.4555
2025-5-28,12:00,2,7946.6793
2025-5-28,12:00,3,6735.2044
2025-5-28,12:00,4,4610.2664
2025-5-28,12:00,5,2628.0302
2025-5-28,12:00,6,1116.5575
2025-5-28,12:00,7,0.0
2025-5-28,12:00,8,0.0
2025-5-28,12:00,9,0.0
2025-5-28,12:00,10,0.0
2025-5-28,12:00,11,0.0
2025-5-28,12:00,12,0.0
2025-5-28,12:00,13,0.0
2025-5-28,12:00,14,0.0
2025-5-28,12:00,15,0.0
2025-5-28,12:00,16,0.0
2025-5-28,12:00,17,0.0
2025-5-28,12:00,18,1263.6375
2025-5-28,12:00,19,2245.9605
2025-5-28,12:00,20,3191.1234
2025-5-28,12:00,21,3785.5464
2025-5-28,12:00,22,4316.5761
2025-5-28,12:00,23,4921.0559
2025-5-28,12:00,24,8325.8969
2025-5-28,18:00,1,0.0
2025-5-28,18:00,2,0.0
2025-5-28,18:00,3,0.0
2025-5-28,18:00,4,0.0
2025-5-28,18:00,5,0.0
2025-5-28,18:00,6,0.0
2025-5-28,18:00,7,0.0
2025-5-28,18:00,8,0.0
2025-5-28,18:00,9,0.0
2025-5-28,18:00,10,0.0
2025-5-28,18:00,11,0.0
2025-5-28,18:00,12,1164.9423
2025-5-28,18:00,13,2629.9757
2025-5-28,18:00,14,3748.8696
2025-5-28,18:00,15,6017.4506
2025-5-28,18:00,16,7756.1625
2025-5-28,18:00,17,7717.2547
2025-5-28,18:00,18,8729.8878
2025-5-28,18:00,19,8862.15
2025-5-28,18:00,20,7505.0174
2025-5-28,18:00,21,5434.7394
2025-5-28,18:00,22,3821.7022
2025-5-28,18:00,23,2600.8872
2025-5-28,18:00,24,1105.2452
2025-5-29,0:00,1,0.0
2025-5-29,0:00,2,0.0
2025-5-29,0:00,3,0.0
2025-5-29,0:00,4,0.0
2025-5-29,0:00,5,0.0
2025-5-29,0:00,6,1263.6375
2025-5-29,0:00,7,2873.0529
2025-5-29,0:00,8,3815.6597
2025-5-29,0:00,9,5639.2241
2025-5-29,0:00,10,6719.4671
2025-5-29,0:00,11,6560.2616
2025-5-29,0:00,12,8445.2244
2025-5-29,0:00,13,8862.15
2025-5-29,0:00,14,8078.25
2025-5-29,0:00,15,6965.9625
2025-5-29,0:00,16,4951.8
2025-5-29,0:00,17,2844.0524
2025-5-29,0:00,18,1097.9762
2025-5-29,0:00,19,0.0
2025-5-29,0:00,20,0.0
2025-5-29,0:00,21,0.0
2025-5-29,0:00,22,0.0
2025-5-29,0:00,23,0.0
2025-5-29,0:00,24,0.0
2025-5-29,6:00,1,2639.758
2025-5-29,6:00,2,3730.8976
2025-5-29,6:00,3,5715.6614
2025-5-29,6:00,4,6660.2533
2025-5-29,6:00,5,6434.3666
2025-5-29,6:00,6,7365.8009
2025-5-29,6:00,7,7862.8101
2025-5-29,6:00,8,6429.9061
2025-5-29,6:00,9,5726.2126
2025-5-29,6:00,10,4294.7508
2025-5-29,6:00,11,2778.6884
2025-5-29,6:00,12,1145.335
2025-5-29,6:00,13,0.0
2025-5-29,6:00,14,0.0
2025-5-29,6:00,15,0.0
2025-5-29,6:00,16,0.0
2025-5-29,6:00,17,0.0
2025-5-29,6:00,18,0.0
2025-5-29,6:00,19,0.0
2025-5-29,6:00,20,0.0
2025-5-29,6:00,21,0.0
2025-5-29,6:00,22,0.0
2025-5-29,6:00,23,0.0
2025-5-29,6:00,24,0.0
2025-5-29,12:00,1,8646.2891
2025-5-29,12:00,2,7215.4825
2025-5-29,12:00,3,6368.3031
2025-5-29,12:00,4,4807.0864
2025-5-29,12:00,5,2835.403
2025-5-29,12:00,6,1227.8954
2025-5-29,12:00,7,0.0
2025-5-29,12:00,8,0.0
2025-5-29,12:00,9,0.0
2025-5-29,12:00,10,0.0
2025-5-29,12:00,11,0.0
2025-5-29,12:00,12,0.0
2025-5-29,12:00,13,0.0
2025-5-29,12:00,14,0.0
2025-5-29,12:00,15,0.0
2025-5-29,12:00,16,0.0
2025-5-29,12:00,17,0.0
2025-5-29,12:00,18,970.6538
2025-5-29,12:00,19,2556.8831
2025-5-29,12:00,20,3860.3221
2025-5-29,12:00,21,4737.3835
2025-5-29,12:00,22,6076.4108
2025-5-29,12:00,23,7677.5998
2025-5-29,12:00,24,8715.3495
2025-5-29,18:00,1,0.0
2025-5-29,18:00,2,0.0
2025-5-29,18:00,3,0.0
2025-5-29,18:00,4,0.0
2025-5-29,18:00,5,0.0
2025-5-29,18:00,6,0.0
2025-5-29,18:00,7,0.0
2025-5-29,18:00,8,0.0
2025-5-29,18:00,9,0.0
2025-5-29,18:00,10,0.0
2025-5-29,18:00,11,0.0
2025-5-29,18:00,12,1019.2611
2025-5-29,18:00,13,2493.0689
2025-5-29,18:00,14,3550.5658
2025-5-29,18:00,15,4964.6177
2025-5-29,18:00,16,6733.6507
2025-5-29,18:00,17,6650.1192
2025-5-29,18:00,18,7921.9475
2025-5-29,18:00,19,7306.2978
2025-5-29,18:00,20,5485.4235
2025-5-29,18:00,21,5230.3499
2025-5-29,18:00,22,4208.1604
2025-5-29,18:00,23,2806.5737
2025-5-29,18:00,24,1267.5
2025-5-30,0:00,1,0.0
2025-5-30,0:00,2,0.0
2025-5-30,0:00,3,0.0
2025-5-30,0:00,4,0.0
2025-5-30,0:00,5,0.0
2025-5-30,0:00,6,1198.5204
2025-5-30,0:00,7,2966.563
2025-5-30,0:00,8,4230.4791
2025-5-30,0:00,9,5710.5095
2025-5-30,0:00,10,7517.9255
2025-5-30,0:00,11,7267.5652
2025-5-30,0:00,12,8019.6171
2025-5-30,0:00,13,7773.9419
2025-5-30,0:00,14,6226.1254
2025-5-30,0:00,15,5378.7823
2025-5-30,0:00,16,4179.0937
2025-5-30,0:00,17,2783.4711
2025-5-30,0:00,18,1062.0635
2025-5-30,0:00,19,0.0
2025-5-30,0:00,20,0.0
2025-5-30,0:00,21,0.0
2025-5-30,0:00,22,0.0
2025-5-30,0:00,23,0.0
2025-5-30,0:00,24,0.0
2025-5-30,6:00,1,2843.156
2025-5-30,6:00,2,4466.6531
2025-5-30,6:00,3,5759.0837
2025-5-30,6:00,4,7083.5812
2025-5-30,6:00,5,7515.3253
2025-5-30,6:00,6,9351.8023
2025-5-30,6:00,7,8682.731
2025-5-30,6:00,8,6818.8272
2025-5-30,6:00,9,5632.094
2025-5-30,6:00,10,3808.4834
2025-5-30,6:00,11,2430.7956
2025-5-30,6:00,12,1039.5216
2025-5-30,6:00,13,0.0
2025-5-30,6:00,14,0.0
2025-5-30,6:00,15,0.0
2025-5-30,6:00,16,0.0
2025-5-30,6:00,17,0.0
2025-5-30,6:00,18,0.0
2025-5-30,6:00,19,0.0
2025-5-30,6:00,20,0.0
2025-5-30,6:00,21,0.0
2025-5-30,6:00,22,0.0
2025-5-30,6:00,23,0.0
2025-5-30,6:00,24,1263.6375
2025-5-30,12:00,1,8557.2092
2025-5-30,12:00,2,6825.9136
2025-5-30,12:00,3,5902.5128
2025-5-30,12:00,4,4016.188
2025-5-30,12:00,5,2562.3327
2025-5-30,12:00,6,1052.2271
2025-5-30,12:00,7,0.0
2025-5-30,12:00,8,0.0
2025-5-30,12:00,9,0.0
2025-5-30,12:00,10,0.0
2025-5-30,12:00,11,0.0
2025-5-30,12:00,12,0.0
2025-5-30,12:00,13,0.0
2025-5-30,12:00,14,0.0
2025-5-30,12:00,15,0.0
2025-5-30,12:00,16,0.0
2025-5-30,12:00,17,0.0
2025-5-30,12:00,18,1263.6375
2025-5-30,12:00,19,2824.664
2025-5-30,12:00,20,4407.0552
2025-5-30,12:00,21,4962.992
2025-5-30,12:00,22,6622.8413
2025-5-30,12:00,23,7124.7771
2025-5-30,12:00,24,5876.2798
2025-5-30,18:00,1,0.0
2025-5-30,18:00,2,0.0
2025-5-30,18:00,3,0.0
2025-5-30,18:00,4,0.0
2025-5-30,18:00,5,0.0
2025-5-30,18:00,6,0.0
2025-5-30,18:00,7,0.0
2025-5-30,18:00,8,0.0
2025-5-30,18:00,9,0.0
2025-5-30,18:00,10,0.0
2025-5-30,18:00,11,0.0
2025-5-30,18:00,12,1087.82
2025-5-30,18:00,13,2119.318
2025-5-30,18:00,14,3315.8497
2025-5-30,18:00,15,4249.7365
2025-5-30,18:00,16,5190.8069
2025-5-30,18:00,17,6810.4904
2025-5-30,18:00,18,7178.6358
2025-5-30,18:00,19,8288.1554
2025-5-30,18:00,20,8078.25
2025-5-30,18:00,21,6965.9625
2025-5-30,18:00,22,4951.8
2025-5-30,18:00,23,3092.2125
2025-5-30,18:00,24,1267.5
2025-5-31,0:00,1,0.0
2025-5-31,0:00,2,0.0
2025-5-31,0:00,3,0.0
2025-5-31,0:00,4,0.0
2025-5-31,0:00,5,0.0
2025-5-31,0:00,6,1103.2859
2025-5-31,0:00,7,2151.4945
2025-5-31,0:00,8,4049.268
2025-5-31,0:00,9,5519.4554
2025-5-31,0:00,10,6542.5461
2025-5-31,0:00,11,8879.277
2025-5-31,0:00,12,8611.3292
2025-5-31,0:00,13,7648.9488
2025-5-31,0:00,14,5756.494
2025-5-31,0:00,15,4450.2507
2025-5-31,0:00,16,3455.3489
2025-5-31,0:00,17,2078.2702
2025-5-31,0:00,18,1094.75
2025-5-31,0:00,19,0.0
2025-5-31,0:00,20,0.0
2025-5-31,0:00,21,0.0
2025-5-31,0:00,22,0.0
2025-5-31,0:00,23,0.0
2025-5-31,0:00,24,0.0
2025-5-31,6:00,1,2592.1255
2025-5-31,6:00,2,4473.463
2025-5-31,6:00,3,5678.6643
2025-5-31,6:00,4,6640.8591
2025-5-31,6:00,5,8047.6988
2025-5-31,6:00,6,7564.5136
2025-5-31,6:00,7,7463.0931
2025-5-31,6:00,8,6650.9545
2025-5-31,6:00,9,5309.454
2025-5-31,6:00,10,4554.4087
2025-5-31,6:00,11,2734.7575
2025-5-31,6:00,12,1199.2156
2025-5-31,6:00,13,0.0
2025-5-31,6:00,14,0.0
2025-5-31,6:00,15,0.0
2025-5-31,6:00,16,0.0
2025-5-31,6:00,17,0.0
2025-5-31,6:00,18,0.0
2025-5-31,6:00,19,0.0
2025-5-31,6:00,20,0.0
2025-5-31,6:00,21,0.0
2025-5-31,6:00,22,0.0
2025-5-31,6:00,23,0.0
2025-5-31,6:00,24,1107.0119
2025-5-31,12:00,1,8069.4516
2025-5-31,12:00,2,6776.7584
2025-5-31,12:00,3,5112.3935
2025-5-31,12:00,4,4482.028
2025-5-31,12:00,5,2819.4083
2025-5-31,12:00,6,1193.3139
2025-5-31,12:00,7,0.0
2025-5-31,12:00,8,0.0
2025-5-31,12:00,9,0.0
2025-5-31,12:00,10,0.0
2025-5-31,12:00,11,0.0
2025-5-31,12:00,12,0.0
2025-5-31,12:00,13,0.0
2025-5-31,12:00,14,0.0
2025-5-31,12:00,15,0.0
2025-5-31,12:00,16,0.0
2025-5-31,12:00,17,0.0
2025-5-31,12:00,18,1263.6375
2025-5-31,12:00,19,3201.7125
2025-5-31,12:00,20,5215.4516
2025-5-31,12:00,21,5918.0512
2025-5-31,12:00,22,5888.0909
2025-5-31,12:00,23,5232.4679
2025-5-31,12:00,24,6552.5094
2025-5-31,18:00,1,0.0
2025-5-31,18:00,2,0.0
2025-5-31,18:00,3,0.0
2025-5-31,18:00,4,0.0
2025-5-31,18:00,5,0.0
2025-5-31,18:00,6,0.0
2025-5-31,18:00,7,0.0
2025-5-31,18:00,8,0.0
2025-5-31,18:00,9,0.0
2025-5-31,18:00,10,0.0
2025-5-31,18:00,11,0.0
2025-5-31,18:00,12,961.7114
2025-5-31,18:00,13,2170.3035
2025-5-31,18:00,14,3203.7037
2025-5-31,18:00,15,4509.9676
2025-5-31,18:00,16,4990.3968
2025-5-31,18:00,17,5279.6365
2025-5-31,18:00,18,6329.5578
2025-5-31,18:00,19,6969.8784
2025-5-31,18:00,20,7114.3686
2025-5-31,18:00,21,6675.9549
2025-5-31,18:00,22,4309.9218
2025-5-31,18:00,23,2580.8411
2025-5-31,18:00,24,1102.6404
2025-6-1,0:00,1,0.0
2025-6-1,0:00,2,0.0
2025-6-1,0:00,3,0.0
2025-6-1,0:00,4,0.0
2025-6-1,0:00,5,0.0
2025-6-1,0:00,6,1250.3352
2025-6-1,0:00,7,2898.2361
2025-6-1,0:00,8,4477.6891
2025-6-1,0:00,9,5574.9198
2025-6-1,0:00,10,5783.4209
2025-6-1,0:00,11,5394.001
2025-6-1,0:00,12,5631.321
2025-6-1,0:00,13,5483.7085
2025-6-1,0:00,14,4959.0041
2025-6-1,0:00,15,5394.727
2025-6-1,0:00,16,3044.5781
2025-6-1,0:00,17,2156.7843
2025-6-1,0:00,18,938.2982
2025-6-1,0:00,19,0.0
2025-6-1,0:00,20,0.0
2025-6-1,0:00,21,0.0
2025-6-1,0:00,22,0.0
2025-6-1,0:00,23,0.0
2025-6-1,0:00,24,0.0
2025-6-1,6:00,1,2675.2047
2025-6-1,6:00,2,4032.7936
2025-6-1,6:00,3,5010.2286
2025-6-1,6:00,4,5497.6381
2025-6-1,6:00,5,5278.3688
2025-6-1,6:00,6,6110.9076
2025-6-1,6:00,7,5962.5723
2025-6-1,6:00,8,5788.6753
2025-6-1,6:00,9,5870.3977
2025-6-1,6:00,10,3796.403
2025-6-1,6:00,11,2143.5646
2025-6-1,6:00,12,1010.6317
2025-6-1,6:00,13,0.0
2025-6-1,6:00,14,0.0
2025-6-1,6:00,15,0.0
2025-6-1,6:00,16,0.0
2025-6-1,6:00,17,0.0
2025-6-1,6:00,18,0.0
2025-6-1,6:00,19,0.0
2025-6-1,6:00,20,0.0
2025-6-1,6:00,21,0.0
2025-6-1,6:00,22,0.0
2025-6-1,6:00,23,0.0
2025-6-1,6:00,24,934.3391
2025-6-1,12:00,1,6122.2891
2025-6-1,12:00,2,6272.2292
2025-6-1,12:00,3,6166.2369
2025-6-1,12:00,4,4040.6826
2025-6-1,12:00,5,2562.8978
2025-6-1,12:00,6,1262.1151
2025-6-1,12:00,7,0.0
2025-6-1,12:00,8,0.0
2025-6-1,12:00,9,0.0
2025-6-1,12:00,10,0.0
2025-6-1,12:00,11,0.0
2025-6-1,12:00,12,0.0
2025-6-1,12:00,13,0.0
2025-6-1,12:00,14,0.0
2025-6-1,12:00,15,0.0
2025-6-1,12:00,16,0.0
2025-6-1,12:00,17,0.0
2025-6-1,12:00,18,828.8208
2025-6-1,12:00,19,2314.8777
2025-6-1,12:00,20,3597.1001
2025-6-1,12:00,21,5668.0109
2025-6-1,12:00,22,7594.7687
2025-6-1,12:00,23,8939.2125
2025-6-1,12:00,24,8531.5174
2025-6-1,18:00,1,0.0
2025-6-1,18:00,2,0.0
2025-6-1,18:00,3,0.0
2025-6-1,18:00,4,0.0
2025-6-1,18:00,5,0.0
2025-6-1,18:00,6,0.0
2025-6-1,18:00,7,0.0
2025-6-1,18:00,8,0.0
2025-6-1,18:00,9,0.0
2025-6-1,18:00,10,0.0
2025-6-1,18:00,11,0.0
2025-6-1,18:00,12,948.2038
2025-6-1,18:00,13,2586.5419
2025-6-1,18:00,14,3806.3826
2025-6-1,18:00,15,5926.8116
2025-6-1,18:00,16,7756.1625
2025-6-1,18:00,17,8746.6872
2025-6-1,18:00,18,6840.2687
2025-6-1,18:00,19,6119.5859
2025-6-1,18:00,20,4710.9377
2025-6-1,18:00,21,2868.894
2025-6-1,18:00,22,2499.8258
2025-6-1,18:00,23,1876.7704
2025-6-1,18:00,24,688.3123
2025-6-2,0:00,1,0.0
2025-6-2,0:00,2,0.0
2025-6-2,0:00,3,0.0
2025-6-2,0:00,4,0.0
2025-6-2,0:00,5,0.0
2025-6-2,0:00,6,956.2947
2025-6-2,0:00,7,2383.7974
2025-6-2,0:00,8,3411.7974
2025-6-2,0:00,9,4656.2526
2025-6-2,0:00,10,6391.1734
2025-6-2,0:00,11,6556.6158
2025-6-2,0:00,12,6592.3749
2025-6-2,0:00,13,5130.0029
2025-6-2,0:00,14,4918.4521
2025-6-2,0:00,15,4081.2752
2025-6-2,0:00,16,3467.3158
2025-6-2,0:00,17,2151.1043
2025-6-2,0:00,18,976.2966
2025-6-2,0:00,19,0.0
2025-6-2,0:00,20,0.0
2025-6-2,0:00,21,0.0
2025-6-2,0:00,22,0.0
2025-6-2,0:00,23,0.0
2025-6-2,0:00,24,0.0
2025-6-2,6:00,1,2464.0299
2025-6-2,6:00,2,3506.357
2025-6-2,6:00,3,5212.7894
2025-6-2,6:00,4,7255.0417
2025-6-2,6:00,5,8772.9361
2025-6-2,6:00,6,7981.5057
2025-6-2,6:00,7,7033.32
2025-6-2,6:00,8,5949.4478
2025-6-2,6:00,9,4823.9046
2025-6-2,6:00,10,3458.3049
2025-6-2,6:00,11,2279.5685
2025-6-2,6:00,12,961.5284
2025-6-2,6:00,13,0.0
2025-6-2,6:00,14,0.0
2025-6-2,6:00,15,0.0
2025-6-2,6:00,16,0.0
2025-6-2,6:00,17,0.0
2025-6-2,6:00,18,0.0
2025-6-2,6:00,19,0.0
2025-6-2,6:00,20,0.0
2025-6-2,6:00,21,0.0
2025-6-2,6:00,22,0.0
2025-6-2,6:00,23,0.0
2025-6-2,6:00,24,1243.7461
2025-6-2,12:00,1,6605.7038
2025-6-2,12:00,2,5766.9975
2025-6-2,12:00,3,5115.9034
2025-6-2,12:00,4,3523.1787
2025-6-2,12:00,5,2313.0709
2025-6-2,12:00,6,965.1779
2025-6-2,12:00,7,0.0
2025-6-2,12:00,8,0.0
2025-6-2,12:00,9,0.0
2025-6-2,12:00,10,0.0
2025-6-2,12:00,11,0.0
2025-6-2,12:00,12,0.0
2025-6-2,12:00,13,0.0
2025-6-2,12:00,14,0.0
2025-6-2,12:00,15,0.0
2025-6-2,12:00,16,0.0
2025-6-2,12:00,17,0.0
2025-6-2,12:00,18,1263.6375
2025-6-2,12:00,19,3176.3003
2025-6-2,12:00,20,4620.7768
2025-6-2,12:00,21,6129.6762
2025-6-2,12:00,22,6078.3994
2025-6-2,12:00,23,6444.2928
2025-6-2,12:00,24,6186.3921
2025-6-2,18:00,1,0.0
2025-6-2,18:00,2,0.0
2025-6-2,18:00,3,0.0
2025-6-2,18:00,4,0.0
2025-6-2,18:00,5,0.0
2025-6-2,18:00,6,0.0
2025-6-2,18:00,7,0.0
2025-6-2,18:00,8,0.0
2025-6-2,18:00,9,0.0
2025-6-2,18:00,10,0.0
2025-6-2,18:00,11,0.0
2025-6-2,18:00,12,966.2759
2025-6-2,18:00,13,2266.6183
2025-6-2,18:00,14,3537.5136
2025-6-2,18:00,15,4507.3268
2025-6-2,18:00,16,5841.4679
2025-6-2,18:00,17,7298.0604
2025-6-2,18:00,18,9220.2244
2025-6-2,18:00,19,8862.15
2025-6-2,18:00,20,7777.9652
2025-6-2,18:00,21,6583.7148
2025-6-2,18:00,22,3857.3661
2025-6-2,18:00,23,2362.8441
2025-6-2,18:00,24,771.9099
2025-6-3,0:00,1,0.0
2025-6-3,0:00,2,0.0
2025-6-3,0:00,3,0.0
2025-6-3,0:00,4,0.0
2025-6-3,0:00,5,0.0
2025-6-3,0:00,6,841.5569
2025-6-3,0:00,7,2061.8302
2025-6-3,0:00,8,3272.9421
2025-6-3,0:00,9,4507.2104
2025-6-3,0:00,10,5652.3258
2025-6-3,0:00,11,6734.1904
2025-6-3,0:00,12,7576.2072
2025-6-3,0:00,13,7514.7347
2025-6-3,0:00,14,5895.8809
2025-6-3,0:00,15,6051.9795
2025-6-3,0:00,16,4171.1339
2025-6-3,0:00,17,2670.351
2025-6-3,0:00,18,1125.3189
2025-6-3,0:00,19,0.0
2025-6-3,0:00,20,0.0
2025-6-3,0:00,21,0.0
2025-6-3,0:00,22,0.0
2025-6-3,0:00,23,0.0
2025-6-3,0:00,24,0.0
2025-6-3,6:00,1,2346.3608
2025-6-3,6:00,2,3495.7262
2025-6-3,6:00,3,4688.7283
2025-6-3,6:00,4,5199.4608
2025-6-3,6:00,5,6061.4061
2025-6-3,6:00,6,7156.5346
2025-6-3,6:00,7,7618.7611
2025-6-3,6:00,8,5815.9834
2025-6-3,6:00,9,5387.1092
2025-6-3,6:00,10,3112.1383
2025-6-3,6:00,11,2053.6918
2025-6-3,6:00,12,885.7823
2025-6-3,6:00,13,0.0
2025-6-3,6:00,14,0.0
2025-6-3,6:00,15,0.0
2025-6-3,6:00,16,0.0
2025-6-3,6:00,17,0.0
2025-6-3,6:00,18,0.0
2025-6-3,6:00,19,0.0
2025-6-3,6:00,20,0.0
2025-6-3,6:00,21,0.0
2025-6-3,6:00,22,0.0
2025-6-3,6:00,23,0.0
2025-6-3,6:00,24,1047.9141
2025-6-3,12:00,1,8009.4845
2025-6-3,12:00,2,6141.4099
2025-6-3,12:00,3,5899.7762
2025-6-3,12:00,4,3867.4639
2025-6-3,12:00,5,2644.5341
2025-6-3,12:00,6,1092.4981
2025-6-3,12:00,7,0.0
2025-6-3,12:00,8,0.0
2025-6-3,12:00,9,0.0
2025-6-3,12:00,10,0.0
2025-6-3,12:00,11,0.0
2025-6-3,12:00,12,0.0
2025-6-3,12:00,13,0.0
2025-6-3,12:00,14,0.0
2025-6-3,12:00,15,0.0
2025-6-3,12:00,16,0.0
2025-6-3,12:00,17,0.0
2025-6-3,12:00,18,1127.1998
2025-6-3,12:00,19,2029.8779
2025-6-3,12:00,20,3128.5767
2025-6-3,12:00,21,4968.3948
2025-6-3,12:00,22,5791.1577
2025-6-3,12:00,23,7547.4255
2025-6-3,12:00,24,8561.781
2025-6-3,18:00,1,0.0
2025-6-3,18:00,2,0.0
2025-6-3,18:00,3,0.0
2025-6-3,18:00,4,0.0
2025-6-3,18:00,5,0.0
2025-6-3,18:00,6,0.0
2025-6-3,18:00,7,0.0
2025-6-3,18:00,8,0.0
2025-6-3,18:00,9,0.0
2025-6-3,18:00,10,0.0
2025-6-3,18:00,11,0.0
2025-6-3,18:00,12,1197.2413
2025-6-3,18:00,13,2727.65
2025-6-3,18:00,14,4213.9609
2025-6-3,18:00,15,5546.1988
2025-6-3,18:00,16,6744.6014
2025-6-3,18:00,17,8851.6588
2025-6-3,18:00,18,8290.7614
2025-6-3,18:00,19,7258.3325
2025-6-3,18:00,20,8047.423
2025-6-3,18:00,21,6783.4125
2025-6-3,18:00,22,4759.8526
2025-6-3,18:00,23,2994.2838
2025-6-3,18:00,24,1267.5
2025-6-4,0:00,1,0.0
2025-6-4,0:00,2,0.0
2025-6-4,0:00,3,0.0
2025-6-4,0:00,4,0.0
2025-6-4,0:00,5,0.0
2025-6-4,0:00,6,1073.1708
2025-6-4,0:00,7,2121.9164
2025-6-4,0:00,8,3373.457
2025-6-4,0:00,9,4476.1918
2025-6-4,0:00,10,5127.2395
2025-6-4,0:00,11,5755.1742
2025-6-4,0:00,12,5638.1756
2025-6-4,0:00,13,4527.9461
2025-6-4,0:00,14,4680.7435
2025-6-4,0:00,15,4464.4552
2025-6-4,0:00,16,3370.0387
2025-6-4,0:00,17,2226.4776
2025-6-4,0:00,18,1064.7885
2025-6-4,0:00,19,0.0
2025-6-4,0:00,20,0.0
2025-6-4,0:00,21,0.0
2025-6-4,0:00,22,0.0
2025-6-4,0:00,23,0.0
2025-6-4,0:00,24,0.0
2025-6-4,6:00,1,2388.4529
2025-6-4,6:00,2,3883.342
2025-6-4,6:00,3,5416.7469
2025-6-4,6:00,4,6358.2655
2025-6-4,6:00,5,7358.9819
2025-6-4,6:00,6,7444.705
2025-6-4,6:00,7,7030.6126
2025-6-4,6:00,8,7257.6391
2025-6-4,6:00,9,6350.9335
2025-6-4,6:00,10,4437.4656
2025-6-4,6:00,11,2668.5199
2025-6-4,6:00,12,1063.2966
2025-6-4,6:00,13,0.0
2025-6-4,6:00,14,0.0
2025-6-4,6:00,15,0.0
2025-6-4,6:00,16,0.0
2025-6-4,6:00,17,0.0
2025-6-4,6:00,18,0.0
2025-6-4,6:00,19,0.0
2025-6-4,6:00,20,0.0
2025-6-4,6:00,21,0.0
2025-6-4,6:00,22,0.0
2025-6-4,6:00,23,0.0
2025-6-4,6:00,24,1091.0597
2025-6-4,12:00,1,5881.381
2025-6-4,12:00,2,6042.9379
2025-6-4,12:00,3,5466.1614
2025-6-4,12:00,4,3603.5574
2025-6-4,12:00,5,2253.6308
2025-6-4,12:00,6,1054.2341
2025-6-4,12:00,7,0.0
2025-6-4,12:00,8,0.0
2025-6-4,12:00,9,0.0
2025-6-4,12:00,10,0.0
2025-6-4,12:00,11,0.0
2025-6-4,12:00,12,0.0
2025-6-4,12:00,13,0.0
2025-6-4,12:00,14,0.0
2025-6-4,12:00,15,0.0
2025-6-4,12:00,16,0.0
2025-6-4,12:00,17,0.0
2025-6-4,12:00,18,1190.6482
2025-6-4,12:00,19,2297.7129
2025-6-4,12:00,20,3888.9426
2025-6-4,12:00,21,5382.5455
2025-6-4,12:00,22,6898.4997
2025-6-4,12:00,23,8083.555
2025-6-4,12:00,24,6827.8402
2025-6-4,18:00,1,0.0
2025-6-4,18:00,2,0.0
2025-6-4,18:00,3,0.0
2025-6-4,18:00,4,0.0
2025-6-4,18:00,5,0.0
2025-6-4,18:00,6,0.0
2025-6-4,18:00,7,0.0
2025-6-4,18:00,8,0.0
2025-6-4,18:00,9,0.0
2025-6-4,18:00,10,0.0
2025-6-4,18:00,11,0.0
2025-6-4,18:00,12,1223.2962
2025-6-4,18:00,13,2093.4444
2025-6-4,18:00,14,3455.0042
2025-6-4,18:00,15,4587.006
2025-6-4,18:00,16,5687.9746
2025-6-4,18:00,17,6186.0182
2025-6-4,18:00,18,6750.2424
2025-6-4,18:00,19,6840.4429
2025-6-4,18:00,20,7038.6594
2025-6-4,18:00,21,4737.6087
2025-6-4,18:00,22,3755.8277
2025-6-4,18:00,23,2755.6035
2025-6-4,18:00,24,1160.6491
2025-6-5,0:00,1,0.0
2025-6-5,0:00,2,0.0
2025-6-5,0:00,3,0.0
2025-6-5,0:00,4,0.0
2025-6-5,0:00,5,0.0
2025-6-5,0:00,6,1000.9045
2025-6-5,0:00,7,2034.641
2025-6-5,0:00,8,3448.3974
2025-6-5,0:00,9,4861.9361
2025-6-5,0:00,10,6376.8644
2025-6-5,0:00,11,7027.1879
2025-6-5,0:00,12,6325.8831
2025-6-5,0:00,13,7136.7246
2025-6-5,0:00,14,6586.0036
2025-6-5,0:00,15,4895.0878
2025-6-5,0:00,16,4430.6755
2025-6-5,0:00,17,3092.2125
2025-6-5,0:00,18,1267.5
2025-6-5,0:00,19,0.0
2025-6-5,0:00,20,0.0
2025-6-5,0:00,21,0.0
2025-6-5,0:00,22,0.0
2025-6-5,0:00,23,0.0
2025-6-5,0:00,24,0.0
2025-6-5,6:00,1,1992.992
2025-6-5,6:00,2,3440.0043
2025-6-5,6:00,3,4906.7803
2025-6-5,6:00,4,6288.3169
2025-6-5,6:00,5,6725.4884
2025-6-5,6:00,6,6997.9117
2025-6-5,6:00,7,7051.1427
2025-6-5,6:00,8,6156.7937
2025-6-5,6:00,9,4517.4594
2025-6-5,6:00,10,4010.9486
2025-6-5,6:00,11,2659.7914
2025-6-5,6:00,12,1092.5151
2025-6-5,6:00,13,0.0
2025-6-5,6:00,14,0.0
2025-6-5,6:00,15,0.0
2025-6-5,6:00,16,0.0
2025-6-5,6:00,17,0.0
2025-6-5,6:00,18,0.0
2025-6-5,6:00,19,0.0
2025-6-5,6:00,20,0.0
2025-6-5,6:00,21,0.0
2025-6-5,6:00,22,0.0
2025-6-5,6:00,23,0.0
2025-6-5,6:00,24,1039.8716
2025-6-5,12:00,1,6992.0228
2025-6-5,12:00,2,6291.5886
2025-6-5,12:00,3,4681.8213
2025-6-5,12:00,4,3764.7992
2025-6-5,12:00,5,2606.7639
2025-6-5,12:00,6,1154.9444
2025-6-5,12:00,7,0.0
2025-6-5,12:00,8,0.0
2025-6-5,12:00,9,0.0
2025-6-5,12:00,10,0.0
2025-6-5,12:00,11,0.0
2025-6-5,12:00,12,0.0
2025-6-5,12:00,13,0.0
2025-6-5,12:00,14,0.0
2025-6-5,12:00,15,0.0
2025-6-5,12:00,16,0.0
2025-6-5,12:00,17,0.0
2025-6-5,12:00,18,883.5029
2025-6-5,12:00,19,2239.1319
2025-6-5,12:00,20,3384.0234
2025-6-5,12:00,21,5639.8162
2025-6-5,12:00,22,7756.1625
2025-6-5,12:00,23,8939.2125
2025-6-5,12:00,24,9457.5
2025-6-5,18:00,1,0.0
2025-6-5,18:00,2,0.0
2025-6-5,18:00,3,0.0
2025-6-5,18:00,4,0.0
2025-6-5,18:00,5,0.0
2025-6-5,18:00,6,0.0
2025-6-5,18:00,7,0.0
2025-6-5,18:00,8,0.0
2025-6-5,18:00,9,0.0
2025-6-5,18:00,10,0.0
2025-6-5,18:00,11,0.0
2025-6-5,18:00,12,819.2463
2025-6-5,18:00,13,2353.2011
2025-6-5,18:00,14,3857.6732
2025-6-5,18:00,15,4870.2072
2025-6-5,18:00,16,5256.3198
2025-6-5,18:00,17,5899.8133
2025-6-5,18:00,18,5358.1052
2025-6-5,18:00,19,6031.5467
2025-6-5,18:00,20,5499.1043
2025-6-5,18:00,21,4845.482
2025-6-5,18:00,22,3103.9095
2025-6-5,18:00,23,2643.5266
2025-6-5,18:00,24,989.0933
2025-6-6,0:00,1,0.0
2025-6-6,0:00,2,0.0
2025-6-6,0:00,3,0.0
2025-6-6,0:00,4,0.0
2025-6-6,0:00,5,0.0
2025-6-6,0:00,6,882.3106
2025-6-6,0:00,7,2310.9332
2025-6-6,0:00,8,3712.4934
2025-6-6,0:00,9,5127.8531
2025-6-6,0:00,10,5300.6233
2025-6-6,0:00,11,6259.508
2025-6-6,0:00,12,6632.5371
2025-6-6,0:00,13,6355.7613
2025-6-6,0:00,14,5134.8107
2025-6-6,0:00,15,4663.0772
2025-6-6,0:00,16,2728.8892
2025-6-6,0:00,17,1773.793
2025-6-6,0:00,18,848.3049
2025-6-6,0:00,19,0.0
2025-6-6,0:00,20,0.0
2025-6-6,0:00,21,0.0
2025-6-6,0:00,22,0.0
2025-6-6,0:00,23,0.0
2025-6-6,0:00,24,0.0
2025-6-6,6:00,1,2290.9555
2025-6-6,6:00,2,3742.8088
2025-6-6,6:00,3,5139.5951
2025-6-6,6:00,4,5949.7863
2025-6-6,6:00,5,6929.9087
2025-6-6,6:00,6,7128.1623
2025-6-6,6:00,7,6614.9307
2025-6-6,6:00,8,5238.4947
2025-6-6,6:00,9,4897.2795
2025-6-6,6:00,10,2921.7062
2025-6-6,6:00,11,2081.7859
2025-6-6,6:00,12,922.0534
2025-6-6,6:00,13,0.0
2025-6-6,6:00,14,0.0
2025-6-6,6:00,15,0.0
2025-6-6,6:00,16,0.0
2025-6-6,6:00,17,0.0
2025-6-6,6:00,18,0.0
2025-6-6,6:00,19,0.0
2025-6-6,6:00,20,0.0
2025-6-6,6:00,21,0.0
2025-6-6,6:00,22,0.0
2025-6-6,6:00,23,0.0
2025-6-6,6:00,24,1275.15
2025-6-6,12:00,1,6041.6579
2025-6-6,12:00,2,4928.2287
2025-6-6,12:00,3,4732.2508
2025-6-6,12:00,4,2993.1992
2025-6-6,12:00,5,2242.3248
2025-6-6,12:00,6,997.8971
2025-6-6,12:00,7,0.0
2025-6-6,12:00,8,0.0
2025-6-6,12:00,9,0.0
2025-6-6,12:00,10,0.0
2025-6-6,12:00,11,0.0
2025-6-6,12:00,12,0.0
2025-6-6,12:00,13,0.0
2025-6-6,12:00,14,0.0
2025-6-6,12:00,15,0.0
2025-6-6,12:00,16,0.0
2025-6-6,12:00,17,0.0
2025-6-6,12:00,18,1170.1576
2025-6-6,12:00,19,3051.8619
2025-6-6,12:00,20,4316.5875
2025-6-6,12:00,21,5492.4234
2025-6-6,12:00,22,6725.0445
2025-6-6,12:00,23,8284.2075
2025-6-6,12:00,24,8645.3964
2025-6-6,18:00,1,0.0
2025-6-6,18:00,2,0.0
2025-6-6,18:00,3,0.0
2025-6-6,18:00,4,0.0
2025-6-6,18:00,5,0.0
2025-6-6,18:00,6,0.0
2025-6-6,18:00,7,0.0
2025-6-6,18:00,8,0.0
2025-6-6,18:00,9,0.0
2025-6-6,18:00,10,0.0
2025-6-6,18:00,11,0.0
2025-6-6,18:00,12,855.7441
2025-6-6,18:00,13,2389.8184
2025-6-6,18:00,14,3159.3664
2025-6-6,18:00,15,3933.6876
2025-6-6,18:00,16,4438.8181
2025-6-6,18:00,17,4984.319
2025-6-6,18:00,18,6623.0998
2025-6-6,18:00,19,6318.7238
2025-6-6,18:00,20,5212.2483
2025-6-6,18:00,21,4675.7842
2025-6-6,18:00,22,3500.6599
2025-6-6,18:00,23,1227.7953
2025-6-6,18:00,24,527.1978
2025-6-7,0:00,1,0.0
2025-6-7,0:00,2,0.0
2025-6-7,0:00,3,0.0
2025-6-7,0:00,4,0.0
2025-6-7,0:00,5,0.0
2025-6-7,0:00,6,921.5223
2025-6-7,0:00,7,2296.0609
2025-6-7,0:00,8,3062.1885
2025-6-7,0:00,9,3754.791
2025-6-7,0:00,10,4212.2116
2025-6-7,0:00,11,5471.6858
2025-6-7,0:00,12,5500.0956
2025-6-7,0:00,13,5291.2238
2025-6-7,0:00,14,4775.3905
2025-6-7,0:00,15,4395.2351
2025-6-7,0:00,16,3238.4486
2025-6-7,0:00,17,2620.9753
2025-6-7,0:00,18,1091.7402
2025-6-7,0:00,19,0.0
2025-6-7,0:00,20,0.0
2025-6-7,0:00,21,0.0
2025-6-7,0:00,22,0.0
2025-6-7,0:00,23,0.0
2025-6-7,0:00,24,0.0
2025-6-7,6:00,1,2499.788
2025-6-7,6:00,2,3466.0088
2025-6-7,6:00,3,4419.931
2025-6-7,6:00,4,5033.2254
2025-6-7,6:00,5,6404.317
2025-6-7,6:00,6,6479.9884
2025-6-7,6:00,7,6109.635
2025-6-7,6:00,8,5767.6064
2025-6-7,6:00,9,5339.7951
2025-6-7,6:00,10,4054.2938
2025-6-7,6:00,11,2611.8453
2025-6-7,6:00,12,1106.648
2025-6-7,6:00,13,0.0
2025-6-7,6:00,14,0.0
2025-6-7,6:00,15,0.0
2025-6-7,6:00,16,0.0
2025-6-7,6:00,17,0.0
2025-6-7,6:00,18,0.0
2025-6-7,6:00,19,0.0
2025-6-7,6:00,20,0.0
2025-6-7,6:00,21,0.0
2025-6-7,6:00,22,0.0
2025-6-7,6:00,23,0.0
2025-6-7,6:00,24,854.6966
2025-6-7,12:00,1,5747.5904
2025-6-7,12:00,2,5458.441
2025-6-7,12:00,3,4927.9294
2025-6-7,12:00,4,3511.938
2025-6-7,12:00,5,2151.2824
2025-6-7,12:00,6,963.3356
2025-6-7,12:00,7,0.0
2025-6-7,12:00,8,0.0
2025-6-7,12:00,9,0.0
2025-6-7,12:00,10,0.0
2025-6-7,12:00,11,0.0
2025-6-7,12:00,12,0.0
2025-6-7,12:00,13,0.0
2025-6-7,12:00,14,0.0
2025-6-7,12:00,15,0.0
2025-6-7,12:00,16,0.0
2025-6-7,12:00,17,0.0
2025-6-7,12:00,18,993.4736
2025-6-7,12:00,19,2497.5222
2025-6-7,12:00,20,5301.9375
2025-6-7,12:00,21,6613.8
2025-6-7,12:00,22,7756.1625
2025-6-7,12:00,23,8939.2125
2025-6-7,12:00,24,8324.7638
2025-6-7,18:00,1,0.0
2025-6-7,18:00,2,0.0
2025-6-7,18:00,3,0.0
2025-6-7,18:00,4,0.0
2025-6-7,18:00,5,0.0
2025-6-7,18:00,6,0.0
2025-6-7,18:00,7,0.0
2025-6-7,18:00,8,0.0
2025-6-7,18:00,9,0.0
2025-6-7,18:00,10,0.0
2025-6-7,18:00,11,0.0
2025-6-7,18:00,12,1169.7848
2025-6-7,18:00,13,2267.7262
2025-6-7,18:00,14,4939.6493
2025-6-7,18:00,15,6613.8
2025-6-7,18:00,16,7396.3698
2025-6-7,18:00,17,7609.5927
2025-6-7,18:00,18,7115.4588
2025-6-7,18:00,19,7317.2854
2025-6-7,18:00,20,6739.9682
2025-6-7,18:00,21,6190.5346
2025-6-7,18:00,22,4233.0065
2025-6-7,18:00,23,3092.2125
2025-6-7,18:00,24,1267.5
2025-6-8,0:00,1,0.0
2025-6-8,0:00,2,0.0
2025-6-8,0:00,3,0.0
2025-6-8,0:00,4,0.0
2025-6-8,0:00,5,0.0
2025-6-8,0:00,6,1005.9903
2025-6-8,0:00,7,2018.8641
2025-6-8,0:00,8,4125.2234
2025-6-8,0:00,9,5690.9261
2025-6-8,0:00,10,5828.5979
2025-6-8,0:00,11,6458.1565
2025-6-8,0:00,12,6906.8164
2025-6-8,0:00,13,7343.1504
2025-6-8,0:00,14,6982.2044
2025-6-8,0:00,15,6582.9437
2025-6-8,0:00,16,4318.6479
2025-6-8,0:00,17,2553.7421
2025-6-8,0:00,18,1103.2418
2025-6-8,0:00,19,0.0
2025-6-8,0:00,20,0.0
2025-6-8,0:00,21,0.0
2025-6-8,0:00,22,0.0
2025-6-8,0:00,23,0.0
2025-6-8,0:00,24,0.0
2025-6-8,6:00,1,2153.1294
2025-6-8,6:00,2,4377.3722
2025-6-8,6:00,3,6442.3899
2025-6-8,6:00,4,7261.7169
2025-6-8,6:00,5,7393.5733
2025-6-8,6:00,6,7091.5742
2025-6-8,6:00,7,7224.3866
2025-6-8,6:00,8,5876.3299
2025-6-8,6:00,9,5232.9152
2025-6-8,6:00,10,3858.2531
2025-6-8,6:00,11,2599.4403
2025-6-8,6:00,12,1093.9105
2025-6-8,6:00,13,0.0
2025-6-8,6:00,14,0.0
2025-6-8,6:00,15,0.0
2025-6-8,6:00,16,0.0
2025-6-8,6:00,17,0.0
2025-6-8,6:00,18,0.0
2025-6-8,6:00,19,0.0
2025-6-8,6:00,20,0.0
2025-6-8,6:00,21,0.0
2025-6-8,6:00,22,0.0
2025-6-8,6:00,23,0.0
2025-6-8,6:00,24,1125.4253
2025-6-8,12:00,1,7177.1271
2025-6-8,12:00,2,6367.8075
2025-6-8,12:00,3,5290.0353
2025-6-8,12:00,4,3853.2628
2025-6-8,12:00,5,2544.8565
2025-6-8,12:00,6,1157.3052
2025-6-8,12:00,7,0.0
2025-6-8,12:00,8,0.0
2025-6-8,12:00,9,0.0
2025-6-8,12:00,10,0.0
2025-6-8,12:00,11,0.0
2025-6-8,12:00,12,0.0
2025-6-8,12:00,13,0.0
2025-6-8,12:00,14,0.0
2025-6-8,12:00,15,0.0
2025-6-8,12:00,16,0.0
2025-6-8,12:00,17,0.0
2025-6-8,12:00,18,883.9178
2025-6-8,12:00,19,2365.8841
2025-6-8,12:00,20,3930.9538
2025-6-8,12:00,21,6613.8
2025-6-8,12:00,22,7756.1625
2025-6-8,12:00,23,8471.1465
2025-6-8,12:00,24,9365.3467
2025-6-8,18:00,1,0.0
2025-6-8,18:00,2,0.0
2025-6-8,18:00,3,0.0
2025-6-8,18:00,4,0.0
2025-6-8,18:00,5,0.0
2025-6-8,18:00,6,0.0
2025-6-8,18:00,7,0.0
2025-6-8,18:00,8,0.0
2025-6-8,18:00,9,0.0
2025-6-8,18:00,10,0.0
2025-6-8,18:00,11,0.0
2025-6-8,18:00,12,878.6328
2025-6-8,18:00,13,2033.7276
2025-6-8,18:00,14,3005.0002
2025-6-8,18:00,15,4503.2218
2025-6-8,18:00,16,5381.3071
2025-6-8,18:00,17,6042.537
2025-6-8,18:00,18,6549.6002
2025-6-8,18:00,19,6867.188
2025-6-8,18:00,20,6407.3321
2025-6-8,18:00,21,6046.7179
2025-6-8,18:00,22,4415.9176
2025-6-8,18:00,23,2571.0764
2025-6-8,18:00,24,1234.7819
2025-6-9,0:00,1,0.0
2025-6-9,0:00,2,0.0
2025-6-9,0:00,3,0.0
2025-6-9,0:00,4,0.0
2025-6-9,0:00,5,0.0
2025-6-9,0:00,6,1009.5272
2025-6-9,0:00,7,2052.1998
2025-6-9,0:00,8,3054.7547
2025-6-9,0:00,9,5114.7837
2025-6-9,0:00,10,6212.9495
2025-6-9,0:00,11,5682.2812
2025-6-9,0:00,12,6279.4297
2025-6-9,0:00,13,6738.0213
2025-6-9,0:00,14,5922.5116
2025-6-9,0:00,15,4933.0174
2025-6-9,0:00,16,3085.1275
2025-6-9,0:00,17,1501.692
2025-6-9,0:00,18,631.7456
2025-6-9,0:00,19,0.0
2025-6-9,0:00,20,0.0
2025-6-9,0:00,21,0.0
2025-6-9,0:00,22,0.0
2025-6-9,0:00,23,0.0
2025-6-9,0:00,24,0.0
2025-6-9,6:00,1,2141.518
2025-6-9,6:00,2,3395.3253
2025-6-9,6:00,3,5565.4039
2025-6-9,6:00,4,7073.0481
2025-6-9,6:00,5,6665.5344
2025-6-9,6:00,6,7243.0199
2025-6-9,6:00,7,6808.0106
2025-6-9,6:00,8,5981.3272
2025-6-9,6:00,9,5194.6431
2025-6-9,6:00,10,3450.0907
2025-6-9,6:00,11,2015.4288
2025-6-9,6:00,12,982.5603
2025-6-9,6:00,13,0.0
2025-6-9,6:00,14,0.0
2025-6-9,6:00,15,0.0
2025-6-9,6:00,16,0.0
2025-6-9,6:00,17,0.0
2025-6-9,6:00,18,0.0
2025-6-9,6:00,19,0.0
2025-6-9,6:00,20,0.0
2025-6-9,6:00,21,0.0
2025-6-9,6:00,22,0.0
2025-6-9,6:00,23,0.0
2025-6-9,6:00,24,906.5052
2025-6-9,12:00,1,6760.8855
2025-6-9,12:00,2,5827.1178
2025-6-9,12:00,3,5019.8769
2025-6-9,12:00,4,3458.913
2025-6-9,12:00,5,2039.3895
2025-6-9,12:00,6,886.7495
2025-6-9,12:00,7,0.0
2025-6-9,12:00,8,0.0
2025-6-9,12:00,9,0.0
2025-6-9,12:00,10,0.0
2025-6-9,12:00,11,0.0
2025-6-9,12:00,12,0.0
2025-6-9,12:00,13,0.0
2025-6-9,12:00,14,0.0
2025-6-9,12:00,15,0.0
2025-6-9,12:00,16,0.0
2025-6-9,12:00,17,0.0
2025-6-9,12:00,18,1055.876
2025-6-9,12:00,19,2421.5401
2025-6-9,12:00,20,3027.0032
2025-6-9,12:00,21,3601.8785
2025-6-9,12:00,22,4597.9926
2025-6-9,12:00,23,5187.8669
2025-6-9,12:00,24,3866.8634
2025-6-9,18:00,1,0.0
2025-6-9,18:00,2,0.0
2025-6-9,18:00,3,0.0
2025-6-9,18:00,4,0.0
2025-6-9,18:00,5,0.0
2025-6-9,18:00,6,0.0
2025-6-9,18:00,7,0.0
2025-6-9,18:00,8,0.0
2025-6-9,18:00,9,0.0
2025-6-9,18:00,10,0.0
2025-6-9,18:00,11,0.0
2025-6-9,18:00,12,941.0889
2025-6-9,18:00,13,2520.3746
2025-6-9,18:00,14,4337.4002
2025-6-9,18:00,15,6037.2879
2025-6-9,18:00,16,7666.125
2025-6-9,18:00,17,8511.3082
2025-6-9,18:00,18,6540.7183
2025-6-9,18:00,19,5437.9847
2025-6-9,18:00,20,4836.4947
2025-6-9,18:00,21,3841.7751
2025-6-9,18:00,22,3570.71
2025-6-9,18:00,23,2420.7837
2025-6-9,18:00,24,1213.5694
2025-6-10,0:00,1,0.0
2025-6-10,0:00,2,0.0
2025-6-10,0:00,3,0.0
2025-6-10,0:00,4,0.0
2025-6-10,0:00,5,0.0
2025-6-10,0:00,6,1160.5358
2025-6-10,0:00,7,2543.6926
2025-6-10,0:00,8,3530.0832
2025-6-10,0:00,9,5050.5179
2025-6-10,0:00,10,6989.7681
2025-6-10,0:00,11,7100.8053
2025-6-10,0:00,12,6539.795
2025-6-10,0:00,13,7152.372
2025-6-10,0:00,14,6143.8318
2025-6-10,0:00,15,5007.2184
2025-6-10,0:00,16,3726.6631
2025-6-10,0:00,17,2121.3803
2025-6-10,0:00,18,1041.2422
2025-6-10,0:00,19,0.0
2025-6-10,0:00,20,0.0
2025-6-10,0:00,21,0.0
2025-6-10,0:00,22,0.0
2025-6-10,0:00,23,0.0
2025-6-10,0:00,24,0.0
2025-6-10,6:00,1,2477.5555
2025-6-10,6:00,2,3524.7248
2025-6-10,6:00,3,4905.8164
2025-6-10,6:00,4,6589.4884
2025-6-10,6:00,5,7375.3618
2025-6-10,6:00,6,6947.7983
2025-6-10,6:00,7,7164.8772
2025-6-10,6:00,8,6342.9409
2025-6-10,6:00,9,5247.1789
2025-6-10,6:00,10,3561.0048
2025-6-10,6:00,11,1980.9247
2025-6-10,6:00,12,899.7936
2025-6-10,6:00,13,0.0
2025-6-10,6:00,14,0.0
2025-6-10,6:00,15,0.0
2025-6-10,6:00,16,0.0
2025-6-10,6:00,17,0.0
2025-6-10,6:00,18,0.0
2025-6-10,6:00,19,0.0
2025-6-10,6:00,20,0.0
2025-6-10,6:00,21,0.0
2025-6-10,6:00,22,0.0
2025-6-10,6:00,23,0.0
2025-6-10,6:00,24,527.5906
2025-6-10,12:00,1,6487.7439
2025-6-10,12:00,2,5769.8282
2025-6-10,12:00,3,4788.7985
2025-6-10,12:00,4,3285.6916
2025-6-10,12:00,5,2082.9541
2025-6-10,12:00,6,968.2166
2025-6-10,12:00,7,0.0
2025-6-10,12:00,8,0.0
2025-6-10,12:00,9,0.0
2025-6-10,12:00,10,0.0
2025-6-10,12:00,11,0.0
2025-6-10,12:00,12,0.0
2025-6-10,12:00,13,0.0
2025-6-10,12:00,14,0.0
2025-6-10,12:00,15,0.0
2025-6-10,12:00,16,0.0
2025-6-10,12:00,17,0.0
2025-6-10,12:00,18,897.5091
2025-6-10,12:00,19,1798.4605
2025-6-10,12:00,20,2601.691
2025-6-10,12:00,21,3384.5723
2025-6-10,12:00,22,3584.7119
2025-6-10,12:00,23,4889.1716
2025-6-10,12:00,24,5885.2778
2025-6-10,18:00,1,0.0
2025-6-10,18:00,2,0.0
2025-6-10,18:00,3,0.0
2025-6-10,18:00,4,0.0
2025-6-10,18:00,5,0.0
2025-6-10,18:00,6,0.0
2025-6-10,18:00,7,0.0
2025-6-10,18:00,8,0.0
2025-6-10,18:00,9,0.0
2025-6-10,18:00,10,0.0
2025-6-10,18:00,11,0.0
2025-6-10,18:00,12,1055.0245
2025-6-10,18:00,13,2300.9532
2025-6-10,18:00,14,3505.276
2025-6-10,18:00,15,4549.9161
2025-6-10,18:00,16,4362.9143
2025-6-10,18:00,17,4898.1909
2025-6-10,18:00,18,7163.9467
2025-6-10,18:00,19,5574.1862
2025-6-10,18:00,20,3883.3051
2025-6-10,18:00,21,4109.8601
2025-6-10,18:00,22,3420.623
2025-6-10,18:00,23,1441.1772
2025-6-10,18:00,24,577.5742
2025-6-11,0:00,1,0.0
2025-6-11,0:00,2,0.0
2025-6-11,0:00,3,0.0
2025-6-11,0:00,4,0.0
2025-6-11,0:00,5,0.0
2025-6-11,0:00,6,921.434
2025-6-11,0:00,7,2163.7267
2025-6-11,0:00,8,3589.8698
2025-6-11,0:00,9,5183.6478
2025-6-11,0:00,10,5500.0381
2025-6-11,0:00,11,7718.5327
2025-6-11,0:00,12,7763.5425
2025-6-11,0:00,13,5774.068
2025-6-11,0:00,14,4300.9629
2025-6-11,0:00,15,4643.2526
2025-6-11,0:00,16,2806.8505
2025-6-11,0:00,17,1784.3367
2025-6-11,0:00,18,864.4641
2025-6-11,0:00,19,0.0
2025-6-11,0:00,20,0.0
2025-6-11,0:00,21,0.0
2025-6-11,0:00,22,0.0
2025-6-11,0:00,23,0.0
2025-6-11,0:00,24,0.0
2025-6-11,6:00,1,2144.6734
2025-6-11,6:00,2,3341.5055
2025-6-11,6:00,3,4625.4043
2025-6-11,6:00,4,4861.9661
2025-6-11,6:00,5,6247.1232
2025-6-11,6:00,6,6796.4214
2025-6-11,6:00,7,5460.0808
2025-6-11,6:00,8,4732.1465
2025-6-11,6:00,9,5003.0652
2025-6-11,6:00,10,4428.2918
2025-6-11,6:00,11,2557.3904
2025-6-11,6:00,12,1179.18
2025-6-11,6:00,13,0.0
2025-6-11,6:00,14,0.0
2025-6-11,6:00,15,0.0
2025-6-11,6:00,16,0.0
2025-6-11,6:00,17,0.0
2025-6-11,6:00,18,0.0
2025-6-11,6:00,19,0.0
2025-6-11,6:00,20,0.0
2025-6-11,6:00,21,0.0
2025-6-11,6:00,22,0.0
2025-6-11,6:00,23,0.501
2025-6-11,6:00,24,857.0033
2025-6-11,12:00,1,5650.8523
2025-6-11,12:00,2,4805.681
2025-6-11,12:00,3,4711.002
2025-6-11,12:00,4,3506.9793
2025-6-11,12:00,5,2138.9504
2025-6-11,12:00,6,988.5965
2025-6-11,12:00,7,0.0
2025-6-11,12:00,8,0.0
2025-6-11,12:00,9,0.0
2025-6-11,12:00,10,0.0
2025-6-11,12:00,11,0.0
2025-6-11,12:00,12,0.0
2025-6-11,12:00,13,0.0
2025-6-11,12:00,14,0.0
2025-6-11,12:00,15,0.0
2025-6-11,12:00,16,0.0
2025-6-11,12:00,17,0.5715
2025-6-11,12:00,18,866.3798
2025-6-11,12:00,19,2065.0667
2025-6-11,12:00,20,3416.5431
2025-6-11,12:00,21,5061.8109
2025-6-11,12:00,22,6602.3308
2025-6-11,12:00,23,6980.1918
2025-6-11,12:00,24,6471.1822
2025-6-11,18:00,1,0.0
2025-6-11,18:00,2,0.0
2025-6-11,18:00,3,0.0
2025-6-11,18:00,4,0.0
2025-6-11,18:00,5,0.0
2025-6-11,18:00,6,0.0
2025-6-11,18:00,7,0.0
2025-6-11,18:00,8,0.0
2025-6-11,18:00,9,0.0
2025-6-11,18:00,10,0.0
2025-6-11,18:00,11,0.5725
2025-6-11,18:00,12,921.9
2025-6-11,18:00,13,2426.6906
2025-6-11,18:00,14,4143.1182
2025-6-11,18:00,15,4662.4797
2025-6-11,18:00,16,6086.7763
2025-6-11,18:00,17,7243.3304
2025-6-11,18:00,18,6340.1506
2025-6-11,18:00,19,4704.292
2025-6-11,18:00,20,4433.3701
2025-6-11,18:00,21,3427.0704
2025-6-11,18:00,22,2908.7221
2025-6-11,18:00,23,1759.9465
2025-6-11,18:00,24,948.613
2025-6-12,0:00,1,0.0
2025-6-12,0:00,2,0.0
2025-6-12,0:00,3,0.0
2025-6-12,0:00,4,0.0
2025-6-12,0:00,5,0.6447
2025-6-12,0:00,6,998.3658
2025-6-12,0:00,7,2315.1912
2025-6-12,0:00,8,3583.2349
2025-6-12,0:00,9,4835.6275
2025-6-12,0:00,10,5998.1272
2025-6-12,0:00,11,7115.1365
2025-6-12,0:00,12,6812.0071
2025-6-12,0:00,13,6239.2136
2025-6-12,0:00,14,5749.5958
2025-6-12,0:00,15,4924.9006
2025-6-12,0:00,16,3391.7468
2025-6-12,0:00,17,1919.6938
2025-6-12,0:00,18,835.8191
2025-6-12,0:00,19,0.415
2025-6-12,0:00,20,0.0
2025-6-12,0:00,21,0.0
2025-6-12,0:00,22,0.0
2025-6-12,0:00,23,0.0
2025-6-12,0:00,24,0.0
2025-6-12,6:00,1,2352.0389
2025-6-12,6:00,2,3671.914
2025-6-12,6:00,3,5234.4309
2025-6-12,6:00,4,6340.0573
2025-6-12,6:00,5,6690.5924
2025-6-12,6:00,6,6425.7393
2025-6-12,6:00,7,5793.3018
2025-6-12,6:00,8,5264.0166
2025-6-12,6:00,9,4355.5124
2025-6-12,6:00,10,3719.7365
2025-6-12,6:00,11,2289.3065
2025-6-12,6:00,12,1000.5922
2025-6-12,6:00,13,0.7029
2025-6-12,6:00,14,0.0
2025-6-12,6:00,15,0.0
2025-6-12,6:00,16,0.0
2025-6-12,6:00,17,0.0
2025-6-12,6:00,18,0.0
2025-6-12,6:00,19,0.0
2025-6-12,6:00,20,0.0
2025-6-12,6:00,21,0.0
2025-6-12,6:00,22,0.0
2025-6-12,6:00,23,1.7395
2025-6-12,6:00,24,1076.7828
2025-6-12,12:00,1,6031.1139
2025-6-12,12:00,2,5582.1005
2025-6-12,12:00,3,4577.5256
2025-6-12,12:00,4,3538.4719
2025-6-12,12:00,5,2324.9886
2025-6-12,12:00,6,977.7755
2025-6-12,12:00,7,0.6142
2025-6-12,12:00,8,0.0
2025-6-12,12:00,9,0.0
2025-6-12,12:00,10,0.0
2025-6-12,12:00,11,0.0
2025-6-12,12:00,12,0.0
2025-6-12,12:00,13,0.0
2025-6-12,12:00,14,0.0
2025-6-12,12:00,15,0.0
2025-6-12,12:00,16,0.0
2025-6-12,12:00,17,2.0015
2025-6-12,12:00,18,1161.7075
2025-6-12,12:00,19,2025.5798
2025-6-12,12:00,20,3116.3521
2025-6-12,12:00,21,3498.6005
2025-6-12,12:00,22,3849.6855
2025-6-12,12:00,23,3943.132
2025-6-12,12:00,24,4221.4822
2025-6-12,18:00,1,0.5604
2025-6-12,18:00,2,0.0
2025-6-12,18:00,3,0.0
2025-6-12,18:00,4,0.0
2025-6-12,18:00,5,0.0
2025-6-12,18:00,6,0.0
2025-6-12,18:00,7,0.0
2025-6-12,18:00,8,0.0
2025-6-12,18:00,9,0.0
2025-6-12,18:00,10,0.0
2025-6-12,18:00,11,1.7407
2025-6-12,18:00,12,971.0933
2025-6-12,18:00,13,1824.9698
2025-6-12,18:00,14,2822.5484
2025-6-12,18:00,15,3697.8575
2025-6-12,18:00,16,4585.6951
2025-6-12,18:00,17,5197.7891
2025-6-12,18:00,18,6302.5232
2025-6-12,18:00,19,6987.8873
2025-6-12,18:00,20,6622.9519
2025-6-12,18:00,21,4567.0096
2025-6-12,18:00,22,4058.7285
2025-6-12,18:00,23,2554.9765
2025-6-12,18:00,24,1147.5322
2025-6-13,0:00,1,0.0
2025-6-13,0:00,2,0.0
2025-6-13,0:00,3,0.0
2025-6-13,0:00,4,0.0
2025-6-13,0:00,5,1.8161
2025-6-13,0:00,6,1061.1493
2025-6-13,0:00,7,2114.9225
2025-6-13,0:00,8,3242.936
2025-6-13,0:00,9,4513.7265
2025-6-13,0:00,10,5427.3778
2025-6-13,0:00,11,6537.5794
2025-6-13,0:00,12,7402.318
2025-6-13,0:00,13,7111.3955
2025-6-13,0:00,14,5472.6684
2025-6-13,0:00,15,4483.9746
2025-6-13,0:00,16,3590.1166
2025-6-13,0:00,17,2021.3555
2025-6-13,0:00,18,1187.2796
2025-6-13,0:00,19,2.8472
2025-6-13,0:00,20,0.0
2025-6-13,0:00,21,0.0
2025-6-13,0:00,22,0.0
2025-6-13,0:00,23,0.0
2025-6-13,0:00,24,0.0
2025-6-13,6:00,1,2010.6277
2025-6-13,6:00,2,3155.7102
2025-6-13,6:00,3,4293.2059
2025-6-13,6:00,4,5356.7212
2025-6-13,6:00,5,6175.0552
2025-6-13,6:00,6,6744.7241
2025-6-13,6:00,7,7155.48
2025-6-13,6:00,8,6335.4636
2025-6-13,6:00,9,5108.9276
2025-6-13,6:00,10,4286.6429
2025-6-13,6:00,11,2548.1575
2025-6-13,6:00,12,1241.1836
2025-6-13,6:00,13,2.4709
2025-6-13,6:00,14,0.0
2025-6-13,6:00,15,0.0
2025-6-13,6:00,16,0.0
2025-6-13,6:00,17,0.0
2025-6-13,6:00,18,0.0
2025-6-13,6:00,19,0.0
2025-6-13,6:00,20,0.0
2025-6-13,6:00,21,0.0
2025-6-13,6:00,22,0.0
2025-6-13,6:00,23,4.1049
2025-6-13,6:00,24,1275.15
2025-6-13,12:00,1,7095.3337
2025-6-13,12:00,2,6033.5387
2025-6-13,12:00,3,4549.3111
2025-6-13,12:00,4,3689.1499
2025-6-13,12:00,5,2102.3849
2025-6-13,12:00,6,1097.6325
2025-6-13,12:00,7,2.1804
2025-6-13,12:00,8,0.0
2025-6-13,12:00,9,0.0
2025-6-13,12:00,10,0.0
2025-6-13,12:00,11,0.0
2025-6-13,12:00,12,0.0
2025-6-13,12:00,13,0.0
2025-6-13,12:00,14,0.0
2025-6-13,12:00,15,0.0
2025-6-13,12:00,16,0.0
2025-6-13,12:00,17,3.3259
2025-6-13,12:00,18,1275.15
2025-6-13,12:00,19,2991.5625
2025-6-13,12:00,20,4462.7625
2025-6-13,12:00,21,6434.7
2025-6-13,12:00,22,7331.3625
2025-6-13,12:00,23,8666.2125
2025-6-13,12:00,24,7429.2943
2025-6-13,18:00,1,2.2557
2025-6-13,18:00,2,0.0
2025-6-13,18:00,3,0.0
2025-6-13,18:00,4,0.0
2025-6-13,18:00,5,0.0
2025-6-13,18:00,6,0.0
2025-6-13,18:00,7,0.0
2025-6-13,18:00,8,0.0
2025-6-13,18:00,9,0.0
2025-6-13,18:00,10,0.0
2025-6-13,18:00,11,3.1319
2025-6-13,18:00,12,964.5975
2025-6-13,18:00,13,1902.6111
2025-6-13,18:00,14,3661.2896
2025-6-13,18:00,15,4560.3418
2025-6-13,18:00,16,5257.0898
2025-6-13,18:00,17,5033.5733
2025-6-13,18:00,18,5717.9671
2025-6-13,18:00,19,5934.1516
2025-6-13,18:00,20,5360.9867
2025-6-13,18:00,21,5243.8372
2025-6-13,18:00,22,3837.5565
2025-6-13,18:00,23,2369.2698
2025-6-13,18:00,24,934.442
2025-6-14,0:00,1,0.0
2025-6-14,0:00,2,0.0
2025-6-14,0:00,3,0.0
2025-6-14,0:00,4,0.0
2025-6-14,0:00,5,3.4934
2025-6-14,0:00,6,1204.4579
2025-6-14,0:00,7,2450.3042
2025-6-14,0:00,8,4236.6796
2025-6-14,0:00,9,5876.3553
2025-6-14,0:00,10,5918.2206
2025-6-14,0:00,11,5333.6843
2025-6-14,0:00,12,5224.4405
2025-6-14,0:00,13,6054.2873
2025-6-14,0:00,14,5305.3114
2025-6-14,0:00,15,4782.5871
2025-6-14,0:00,16,3589.5507
2025-6-14,0:00,17,2065.8902
2025-6-14,0:00,18,880.8814
2025-6-14,0:00,19,3.1182
2025-6-14,0:00,20,0.0
2025-6-14,0:00,21,0.0
2025-6-14,0:00,22,0.0
2025-6-14,0:00,23,0.0
2025-6-14,0:00,24,0.0
2025-6-14,6:00,1,2299.3582
2025-6-14,6:00,2,4035.6381
2025-6-14,6:00,3,5487.5721
2025-6-14,6:00,4,6271.0743
2025-6-14,6:00,5,6514.8348
2025-6-14,6:00,6,6286.6176
2025-6-14,6:00,7,6835.3471
2025-6-14,6:00,8,5923.6214
2025-6-14,6:00,9,4961.5534
2025-6-14,6:00,10,3628.5516
2025-6-14,6:00,11,2267.8678
2025-6-14,6:00,12,943.4504
2025-6-14,6:00,13,3.3756
2025-6-14,6:00,14,0.0
2025-6-14,6:00,15,0.0
2025-6-14,6:00,16,0.0
2025-6-14,6:00,17,0.0
2025-6-14,6:00,18,0.0
2025-6-14,6:00,19,0.0
2025-6-14,6:00,20,0.0
2025-6-14,6:00,21,0.0
2025-6-14,6:00,22,0.0
2025-6-14,6:00,23,3.9202
2025-6-14,6:00,24,982.901
2025-6-14,12:00,1,6704.3201
2025-6-14,12:00,2,5990.9953
2025-6-14,12:00,3,5221.4658
2025-6-14,12:00,4,3887.9028
2025-6-14,12:00,5,2453.7204
2025-6-14,12:00,6,1030.3433
2025-6-14,12:00,7,3.573
2025-6-14,12:00,8,0.0
2025-6-14,12:00,9,0.0
2025-6-14,12:00,10,0.0
2025-6-14,12:00,11,0.0
2025-6-14,12:00,12,0.0
2025-6-14,12:00,13,0.0
2025-6-14,12:00,14,0.0
2025-6-14,12:00,15,0.0
2025-6-14,12:00,16,0.0
2025-6-14,12:00,17,4.5119
2025-6-14,12:00,18,1275.15
2025-6-14,12:00,19,2991.5625
2025-6-14,12:00,20,4462.7625
2025-6-14,12:00,21,6434.7
2025-6-14,12:00,22,7291.2
2025-6-14,12:00,23,8323.4633
2025-6-14,12:00,24,7123.3556
2025-6-14,18:00,1,3.418
2025-6-14,18:00,2,0.0
2025-6-14,18:00,3,0.0
2025-6-14,18:00,4,0.0
2025-6-14,18:00,5,0.0
2025-6-14,18:00,6,0.0
2025-6-14,18:00,7,0.0
2025-6-14,18:00,8,0.0
2025-6-14,18:00,9,0.0
2025-6-14,18:00,10,0.0
2025-6-14,18:00,11,4.9591
2025-6-14,18:00,12,1221.8651
2025-6-14,18:00,13,2711.8302
2025-6-14,18:00,14,3856.463
2025-6-14,18:00,15,5015.4563
2025-6-14,18:00,16,5308.5885
2025-6-14,18:00,17,5828.0515
2025-6-14,18:00,18,6587.7177
2025-6-14,18:00,19,5962.8388
2025-6-14,18:00,20,4951.5789
2025-6-14,18:00,21,4717.3067
2025-6-14,18:00,22,3779.4873
2025-6-14,18:00,23,2619.9041
2025-6-14,18:00,24,1265.8125
2025-6-15,0:00,1,0.0
2025-6-15,0:00,2,0.0
2025-6-15,0:00,3,0.0
2025-6-15,0:00,4,0.0
2025-6-15,0:00,5,4.7509
2025-6-15,0:00,6,1119.9954
2025-6-15,0:00,7,2556.3938
2025-6-15,0:00,8,3896.7082
2025-6-15,0:00,9,5471.8222
2025-6-15,0:00,10,7035.9732
2025-6-15,0:00,11,7380.2025
2025-6-15,0:00,12,7867.9695
2025-6-15,0:00,13,7451.8819
2025-6-15,0:00,14,6053.4377
2025-6-15,0:00,15,4433.3016
2025-6-15,0:00,16,3606.8778
2025-6-15,0:00,17,2547.3621
2025-6-15,0:00,18,1004.0336
2025-6-15,0:00,19,4.5788
2025-6-15,0:00,20,0.0
2025-6-15,0:00,21,0.0
2025-6-15,0:00,22,0.0
2025-6-15,0:00,23,0.0
2025-6-15,0:00,24,0.0
2025-6-15,6:00,1,2620.3435
2025-6-15,6:00,2,3765.6277
2025-6-15,6:00,3,4807.6496
2025-6-15,6:00,4,6153.3612
2025-6-15,6:00,5,6365.6677
2025-6-15,6:00,6,6705.6029
2025-6-15,6:00,7,6450.4275
2025-6-15,6:00,8,5669.649
2025-6-15,6:00,9,4789.529
2025-6-15,6:00,10,3974.797
2025-6-15,6:00,11,2549.0391
2025-6-15,6:00,12,1177.8681
2025-6-15,6:00,13,5.2547
2025-6-15,6:00,14,0.0
2025-6-15,6:00,15,0.0
2025-6-15,6:00,16,0.0
2025-6-15,6:00,17,0.0
2025-6-15,6:00,18,0.0
2025-6-15,6:00,19,0.0
2025-6-15,6:00,20,0.0
2025-6-15,6:00,21,0.0
2025-6-15,6:00,22,0.0
2025-6-15,6:00,23,5.0236
2025-6-15,6:00,24,1082.1472
2025-6-15,12:00,1,6321.7386
2025-6-15,12:00,2,5574.6703
2025-6-15,12:00,3,4794.5467
2025-6-15,12:00,4,3903.2185
2025-6-15,12:00,5,2487.2689
2025-6-15,12:00,6,1204.1765
2025-6-15,12:00,7,5.2219
2025-6-15,12:00,8,0.0
2025-6-15,12:00,9,0.0
2025-6-15,12:00,10,0.0
2025-6-15,12:00,11,0.0
2025-6-15,12:00,12,0.0
2025-6-15,12:00,13,0.0
2025-6-15,12:00,14,0.0
2025-6-15,12:00,15,0.0
2025-6-15,12:00,16,0.0
2025-6-15,12:00,17,4.2371
2025-6-15,12:00,18,663.3318
2025-6-15,12:00,19,1834.0827
2025-6-15,12:00,20,3285.9531
2025-6-15,12:00,21,3852.0938
2025-6-15,12:00,22,5501.197
2025-6-15,12:00,23,7116.3271
2025-6-15,12:00,24,6127.795
2025-6-15,18:00,1,5.2863
2025-6-15,18:00,2,0.0
2025-6-15,18:00,3,0.0
2025-6-15,18:00,4,0.0
2025-6-15,18:00,5,0.0
2025-6-15,18:00,6,0.0
2025-6-15,18:00,7,0.0
2025-6-15,18:00,8,0.0
2025-6-15,18:00,9,0.0
2025-6-15,18:00,10,0.0
2025-6-15,18:00,11,4.5205
2025-6-15,18:00,12,913.8448
2025-6-15,18:00,13,2279.9644
2025-6-15,18:00,14,3711.18
2025-6-15,18:00,15,4448.3565
2025-6-15,18:00,16,5045.9211
2025-6-15,18:00,17,5829.7346
2025-6-15,18:00,18,6018.8934
2025-6-15,18:00,19,4329.5151
2025-6-15,18:00,20,4574.4757
2025-6-15,18:00,21,4046.9755
2025-6-15,18:00,22,2658.4458
2025-6-15,18:00,23,1344.1694
2025-6-15,18:00,24,713.089
2025-6-16,0:00,1,0.0
2025-6-16,0:00,2,0.0
2025-6-16,0:00,3,0.0
2025-6-16,0:00,4,0.0
2025-6-16,0:00,5,4.5316
2025-6-16,0:00,6,838.9824
2025-6-16,0:00,7,2396.4294
2025-6-16,0:00,8,3840.9077
2025-6-16,0:00,9,5456.1652
2025-6-16,0:00,10,6647.6216
2025-6-16,0:00,11,8128.2993
2025-6-16,0:00,12,6925.9099
2025-6-16,0:00,13,6081.613
2025-6-16,0:00,14,5185.7269
2025-6-16,0:00,15,4549.4292
2025-6-16,0:00,16,3444.4292
2025-6-16,0:00,17,2447.6785
2025-6-16,0:00,18,1118.2452
2025-6-16,0:00,19,6.6198
2025-6-16,0:00,20,0.0
2025-6-16,0:00,21,0.0
2025-6-16,0:00,22,0.0
2025-6-16,0:00,23,0.0
2025-6-16,0:00,24,0.0
2025-6-16,6:00,1,2322.1823
2025-6-16,6:00,2,3783.0571
2025-6-16,6:00,3,4787.7766
2025-6-16,6:00,4,5804.28
2025-6-16,6:00,5,6745.2849
2025-6-16,6:00,6,6428.4343
2025-6-16,6:00,7,5963.8632
2025-6-16,6:00,8,5623.1015
2025-6-16,6:00,9,4582.1784
2025-6-16,6:00,10,3871.1007
2025-6-16,6:00,11,2495.4882
2025-6-16,6:00,12,1076.7487
2025-6-16,6:00,13,5.6444
2025-6-16,6:00,14,0.0
2025-6-16,6:00,15,0.0
2025-6-16,6:00,16,0.0
2025-6-16,6:00,17,0.0
2025-6-16,6:00,18,0.0
2025-6-16,6:00,19,0.0
2025-6-16,6:00,20,0.0
2025-6-16,6:00,21,0.0
2025-6-16,6:00,22,0.0
2025-6-16,6:00,23,7.0311
2025-6-16,6:00,24,1158.2618
2025-6-16,12:00,1,6142.2727
2025-6-16,12:00,2,5748.1841
2025-6-16,12:00,3,4716.7483
2025-6-16,12:00,4,3724.8844
2025-6-16,12:00,5,2617.883
2025-6-16,12:00,6,1113.5231
2025-6-16,12:00,7,6.1536
2025-6-16,12:00,8,0.0
2025-6-16,12:00,9,0.0
2025-6-16,12:00,10,0.0
2025-6-16,12:00,11,0.0
2025-6-16,12:00,12,0.0
2025-6-16,12:00,13,0.0
2025-6-16,12:00,14,0.0
2025-6-16,12:00,15,0.0
2025-6-16,12:00,16,0.0
2025-6-16,12:00,17,5.8957
2025-6-16,12:00,18,1231.6411
2025-6-16,12:00,19,2696.1826
2025-6-16,12:00,20,3878.0914
2025-6-16,12:00,21,5264.8132
2025-6-16,12:00,22,5610.7311
2025-6-16,12:00,23,5468.2675
2025-6-16,12:00,24,5722.5211
2025-6-16,18:00,1,5.6332
2025-6-16,18:00,2,0.0
2025-6-16,18:00,3,0.0
2025-6-16,18:00,4,0.0
2025-6-16,18:00,5,0.0
2025-6-16,18:00,6,0.0
2025-6-16,18:00,7,0.0
2025-6-16,18:00,8,0.0
2025-6-16,18:00,9,0.0
2025-6-16,18:00,10,0.0
2025-6-16,18:00,11,4.9256
2025-6-16,18:00,12,805.2501
2025-6-16,18:00,13,1986.4876
2025-6-16,18:00,14,3032.8376
2025-6-16,18:00,15,4323.2287
2025-6-16,18:00,16,5247.8725
2025-6-16,18:00,17,6080.1048
2025-6-16,18:00,18,5604.7653
2025-6-16,18:00,19,3718.327
2025-6-16,18:00,20,3584.0105
2025-6-16,18:00,21,4086.6628
2025-6-16,18:00,22,3104.4766
2025-6-16,18:00,23,2377.2316
2025-6-16,18:00,24,1124.2201
2025-6-17,0:00,1,0.0
2025-6-17,0:00,2,0.0
2025-6-17,0:00,3,0.0
2025-6-17,0:00,4,0.0
2025-6-17,0:00,5,5.3548
2025-6-17,0:00,6,1048.7862
2025-6-17,0:00,7,2559.986
2025-6-17,0:00,8,3852.3256
2025-6-17,0:00,9,6054.3556
2025-6-17,0:00,10,7164.7152
2025-6-17,0:00,11,6794.9932
2025-6-17,0:00,12,6781.9349
2025-6-17,0:00,13,5029.6795
2025-6-17,0:00,14,4471.5937
2025-6-17,0:00,15,4656.3556
2025-6-17,0:00,16,3504.1363
2025-6-17,0:00,17,2436.2005
2025-6-17,0:00,18,934.3584
2025-6-17,0:00,19,5.9953
2025-6-17,0:00,20,0.0
2025-6-17,0:00,21,0.0
2025-6-17,0:00,22,0.0
2025-6-17,0:00,23,0.0
2025-6-17,0:00,24,0.0
2025-6-17,6:00,1,2475.7378
2025-6-17,6:00,2,3481.1079
2025-6-17,6:00,3,5311.7753
2025-6-17,6:00,4,6113.3095
2025-6-17,6:00,5,6677.8828
2025-6-17,6:00,6,6377.0227
2025-6-17,6:00,7,4692.2773
2025-6-17,6:00,8,4432.1941
2025-6-17,6:00,9,4412.8943
2025-6-17,6:00,10,2789.8961
2025-6-17,6:00,11,2129.5351
2025-6-17,6:00,12,920.6952
2025-6-17,6:00,13,6.1583
2025-6-17,6:00,14,0.0
2025-6-17,6:00,15,0.0
2025-6-17,6:00,16,0.0
2025-6-17,6:00,17,0.0
2025-6-17,6:00,18,0.0
2025-6-17,6:00,19,0.0
2025-6-17,6:00,20,0.0
2025-6-17,6:00,21,0.0
2025-6-17,6:00,22,0.0
2025-6-17,6:00,23,10.0125
2025-6-17,6:00,24,1291.8
2025-6-17,12:00,1,5077.145
2025-6-17,12:00,2,4885.7561
2025-6-17,12:00,3,4819.5851
2025-6-17,12:00,4,3088.4974
2025-6-17,12:00,5,2358.4186
2025-6-17,12:00,6,1023.1995
2025-6-17,12:00,7,6.6839
2025-6-17,12:00,8,0.0
2025-6-17,12:00,9,0.0
2025-6-17,12:00,10,0.0
2025-6-17,12:00,11,0.0
2025-6-17,12:00,12,0.0
2025-6-17,12:00,13,0.0
2025-6-17,12:00,14,0.0
2025-6-17,12:00,15,0.0
2025-6-17,12:00,16,0.0
2025-6-17,12:00,17,8.2542
2025-6-17,12:00,18,1000.5474
2025-6-17,12:00,19,2233.6826
2025-6-17,12:00,20,4239.0141
2025-6-17,12:00,21,5139.6228
2025-6-17,12:00,22,5278.3399
2025-6-17,12:00,23,6801.628
2025-6-17,12:00,24,4755.3695
2025-6-17,18:00,1,6.5024
2025-6-17,18:00,2,0.0
2025-6-17,18:00,3,0.0
2025-6-17,18:00,4,0.0
2025-6-17,18:00,5,0.0
2025-6-17,18:00,6,0.0
2025-6-17,18:00,7,0.0
2025-6-17,18:00,8,0.0
2025-6-17,18:00,9,0.0
2025-6-17,18:00,10,0.0
2025-6-17,18:00,11,7.5936
2025-6-17,18:00,12,1028.9164
2025-6-17,18:00,13,2267.2025
2025-6-17,18:00,14,4293.3888
2025-6-17,18:00,15,4771.6311
2025-6-17,18:00,16,4568.8746
2025-6-17,18:00,17,5190.5539
2025-6-17,18:00,18,4484.8479
2025-6-17,18:00,19,4283.7823
2025-6-17,18:00,20,5710.0001
2025-6-17,18:00,21,4798.1845
2025-6-17,18:00,22,3384.7645
2025-6-17,18:00,23,2104.8531
2025-6-17,18:00,24,899.4918
2025-6-18,0:00,1,0.0
2025-6-18,0:00,2,0.0
2025-6-18,0:00,3,0.0
2025-6-18,0:00,4,0.0
2025-6-18,0:00,5,8.3496
2025-6-18,0:00,6,1172.4097
2025-6-18,0:00,7,2385.7803
2025-6-18,0:00,8,4293.9699
2025-6-18,0:00,9,5708.8757
2025-6-18,0:00,10,6035.975
2025-6-18,0:00,11,7084.2629
2025-6-18,0:00,12,6042.4151
2025-6-18,0:00,13,5346.4562
2025-6-18,0:00,14,4811.2596
2025-6-18,0:00,15,5224.6932
2025-6-18,0:00,16,3585.0764
2025-6-18,0:00,17,2173.0645
2025-6-18,0:00,18,999.1803
2025-6-18,0:00,19,7.9611
2025-6-18,0:00,20,0.0
2025-6-18,0:00,21,0.0
2025-6-18,0:00,22,0.0
2025-6-18,0:00,23,0.0
2025-6-18,0:00,24,0.0
2025-6-18,6:00,1,2296.3893
2025-6-18,6:00,2,4125.9255
2025-6-18,6:00,3,5348.7627
2025-6-18,6:00,4,5435.8351
2025-6-18,6:00,5,6221.5941
2025-6-18,6:00,6,5684.7112
2025-6-18,6:00,7,4664.4228
2025-6-18,6:00,8,4898.1458
2025-6-18,6:00,9,4605.7829
2025-6-18,6:00,10,3056.3798
2025-6-18,6:00,11,1858.3469
2025-6-18,6:00,12,1081.1188
2025-6-18,6:00,13,7.0626
2025-6-18,6:00,14,0.0
2025-6-18,6:00,15,0.0
2025-6-18,6:00,16,0.0
2025-6-18,6:00,17,0.0
2025-6-18,6:00,18,0.0
2025-6-18,6:00,19,0.0
2025-6-18,6:00,20,0.0
2025-6-18,6:00,21,0.0
2025-6-18,6:00,22,0.0
2025-6-18,6:00,23,8.9357
2025-6-18,6:00,24,1291.8
2025-6-18,12:00,1,5842.4506
2025-6-18,12:00,2,5880.9051
2025-6-18,12:00,3,5285.6183
2025-6-18,12:00,4,3552.3037
2025-6-18,12:00,5,2116.0195
2025-6-18,12:00,6,1025.8022
2025-6-18,12:00,7,6.4691
2025-6-18,12:00,8,0.0
2025-6-18,12:00,9,0.0
2025-6-18,12:00,10,0.0
2025-6-18,12:00,11,0.0
2025-6-18,12:00,12,0.0
2025-6-18,12:00,13,0.0
2025-6-18,12:00,14,0.0
2025-6-18,12:00,15,0.0
2025-6-18,12:00,16,0.0
2025-6-18,12:00,17,7.4827
2025-6-18,12:00,18,1059.2567
2025-6-18,12:00,19,2330.7823
2025-6-18,12:00,20,2977.0708
2025-6-18,12:00,21,3632.8725
2025-6-18,12:00,22,5255.3527
2025-6-18,12:00,23,6483.311
2025-6-18,12:00,24,6426.516
2025-6-18,18:00,1,6.8812
2025-6-18,18:00,2,0.0
2025-6-18,18:00,3,0.0
2025-6-18,18:00,4,0.0
2025-6-18,18:00,5,0.0
2025-6-18,18:00,6,0.0
2025-6-18,18:00,7,0.0
2025-6-18,18:00,8,0.0
2025-6-18,18:00,9,0.0
2025-6-18,18:00,10,0.0
2025-6-18,18:00,11,7.0245
2025-6-18,18:00,12,937.8461
2025-6-18,18:00,13,2058.5
2025-6-18,18:00,14,3067.7302
2025-6-18,18:00,15,4027.1493
2025-6-18,18:00,16,5465.2963
2025-6-18,18:00,17,6630.5062
2025-6-18,18:00,18,5444.4753
2025-6-18,18:00,19,6455.8438
2025-6-18,18:00,20,5387.8056
2025-6-18,18:00,21,3557.9279
2025-6-18,18:00,22,2297.6342
2025-6-18,18:00,23,1955.1707
2025-6-18,18:00,24,831.0868
2025-6-19,0:00,1,0.0
2025-6-19,0:00,2,0.0
2025-6-19,0:00,3,0.0
2025-6-19,0:00,4,0.0
2025-6-19,0:00,5,7.1697
2025-6-19,0:00,6,1048.7737
2025-6-19,0:00,7,2409.2238
2025-6-19,0:00,8,3321.8172
2025-6-19,0:00,9,4324.4784
2025-6-19,0:00,10,5695.2217
2025-6-19,0:00,11,6691.6323
2025-6-19,0:00,12,6821.2851
2025-6-19,0:00,13,7584.5622
2025-6-19,0:00,14,6904.0304
2025-6-19,0:00,15,6334.0308
2025-6-19,0:00,16,3746.4768
2025-6-19,0:00,17,2755.22
2025-6-19,0:00,18,1302.6756
2025-6-19,0:00,19,8.2387
2025-6-19,0:00,20,0.0
2025-6-19,0:00,21,0.0
2025-6-19,0:00,22,0.0
2025-6-19,0:00,23,0.0
2025-6-19,0:00,24,0.0
2025-6-19,6:00,1,2599.8782
2025-6-19,6:00,2,3933.6274
2025-6-19,6:00,3,5008.1357
2025-6-19,6:00,4,6568.9764
2025-6-19,6:00,5,7940.2187
2025-6-19,6:00,6,6954.8937
2025-6-19,6:00,7,7698.3432
2025-6-19,6:00,8,6523.0822
2025-6-19,6:00,9,5367.6073
2025-6-19,6:00,10,3285.7182
2025-6-19,6:00,11,2698.2889
2025-6-19,6:00,12,1253.8666
2025-6-19,6:00,13,8.7375
2025-6-19,6:00,14,0.0
2025-6-19,6:00,15,0.0
2025-6-19,6:00,16,0.0
2025-6-19,6:00,17,0.0
2025-6-19,6:00,18,0.0
2025-6-19,6:00,19,0.0
2025-6-19,6:00,20,0.0
2025-6-19,6:00,21,0.0
2025-6-19,6:00,22,0.0
2025-6-19,6:00,23,8.3046
2025-6-19,6:00,24,1170.0186
2025-6-19,12:00,1,7355.0178
2025-6-19,12:00,2,5904.8981
2025-6-19,12:00,3,4897.5568
2025-6-19,12:00,4,3151.9928
2025-6-19,12:00,5,2552.2119
2025-6-19,12:00,6,1170.1867
2025-6-19,12:00,7,8.0446
2025-6-19,12:00,8,0.0
2025-6-19,12:00,9,0.0
2025-6-19,12:00,10,0.0
2025-6-19,12:00,11,0.0
2025-6-19,12:00,12,0.0
2025-6-19,12:00,13,0.0
2025-6-19,12:00,14,0.0
2025-6-19,12:00,15,0.0
2025-6-19,12:00,16,0.0
2025-6-19,12:00,17,8.2169
2025-6-19,12:00,18,1167.9725
2025-6-19,12:00,19,2818.4121
2025-6-19,12:00,20,4564.5214
2025-6-19,12:00,21,5939.4654
2025-6-19,12:00,22,6171.0545
2025-6-19,12:00,23,5781.358
2025-6-19,12:00,24,3281.1594
2025-6-19,18:00,1,7.5544
2025-6-19,18:00,2,0.0
2025-6-19,18:00,3,0.0
2025-6-19,18:00,4,0.0
2025-6-19,18:00,5,0.0
2025-6-19,18:00,6,0.0
2025-6-19,18:00,7,0.0
2025-6-19,18:00,8,0.0
2025-6-19,18:00,9,0.0
2025-6-19,18:00,10,0.0
2025-6-19,18:00,11,10.0125
2025-6-19,18:00,12,1291.8
2025-6-19,18:00,13,2991.5625
2025-6-19,18:00,14,4571.1
2025-6-19,18:00,15,5880.9897
2025-6-19,18:00,16,7083.8538
2025-6-19,18:00,17,6576.4718
2025-6-19,18:00,18,6816.5588
2025-6-19,18:00,19,5465.4206
2025-6-19,18:00,20,6446.5726
2025-6-19,18:00,21,4935.0885
2025-6-19,18:00,22,3818.8361
2025-6-19,18:00,23,2068.327
2025-6-19,18:00,24,1347.2132
2025-6-20,0:00,1,0.0
2025-6-20,0:00,2,0.0
2025-6-20,0:00,3,0.0
2025-6-20,0:00,4,0.0
2025-6-20,0:00,5,8.0758
2025-6-20,0:00,6,1105.0795
2025-6-20,0:00,7,2422.2878
2025-6-20,0:00,8,4404.2956
2025-6-20,0:00,9,5197.8045
2025-6-20,0:00,10,6131.2534
2025-6-20,0:00,11,6749.0208
2025-6-20,0:00,12,6243.3682
2025-6-20,0:00,13,6070.7597
2025-6-20,0:00,14,6346.3537
2025-6-20,0:00,15,5509.0028
2025-6-20,0:00,16,3616.2639
2025-6-20,0:00,17,1891.2755
2025-6-20,0:00,18,855.491
2025-6-20,0:00,19,5.8218
2025-6-20,0:00,20,0.0
2025-6-20,0:00,21,0.0
2025-6-20,0:00,22,0.0
2025-6-20,0:00,23,0.0
2025-6-20,0:00,24,0.0
2025-6-20,6:00,1,2507.1283
2025-6-20,6:00,2,4290.0564
2025-6-20,6:00,3,5191.9417
2025-6-20,6:00,4,6257.9662
2025-6-20,6:00,5,6918.3521
2025-6-20,6:00,6,6187.0178
2025-6-20,6:00,7,6407.3813
2025-6-20,6:00,8,6019.6721
2025-6-20,6:00,9,5573.1842
2025-6-20,6:00,10,3943.1805
2025-6-20,6:00,11,2222.5389
2025-6-20,6:00,12,1040.6186
2025-6-20,6:00,13,6.7547
2025-6-20,6:00,14,0.0
2025-6-20,6:00,15,0.0
2025-6-20,6:00,16,0.0
2025-6-20,6:00,17,0.0
2025-6-20,6:00,18,0.0
2025-6-20,6:00,19,0.0
2025-6-20,6:00,20,0.0
2025-6-20,6:00,21,0.0
2025-6-20,6:00,22,0.0
2025-6-20,6:00,23,7.5975
2025-6-20,6:00,24,1212.5592
2025-6-20,12:00,1,6647.2281
2025-6-20,12:00,2,6268.6515
2025-6-20,12:00,3,5532.2233
2025-6-20,12:00,4,3707.9115
2025-6-20,12:00,5,2184.5045
2025-6-20,12:00,6,1107.3112
2025-6-20,12:00,7,6.5864
2025-6-20,12:00,8,0.0
2025-6-20,12:00,9,0.0
2025-6-20,12:00,10,0.0
2025-6-20,12:00,11,0.0
2025-6-20,12:00,12,0.0
2025-6-20,12:00,13,0.0
2025-6-20,12:00,14,0.0
2025-6-20,12:00,15,0.0
2025-6-20,12:00,16,0.0
2025-6-20,12:00,17,8.8305
2025-6-20,12:00,18,1112.6194
2025-6-20,12:00,19,2904.0942
2025-6-20,12:00,20,3325.5985
2025-6-20,12:00,21,3511.1901
2025-6-20,12:00,22,5020.6129
2025-6-20,12:00,23,4206.3693
2025-6-20,12:00,24,4072.1989
2025-6-20,18:00,1,6.7344
2025-6-20,18:00,2,0.0
2025-6-20,18:00,3,0.0
2025-6-20,18:00,4,0.0
2025-6-20,18:00,5,0.0
2025-6-20,18:00,6,0.0
2025-6-20,18:00,7,0.0
2025-6-20,18:00,8,0.0
2025-6-20,18:00,9,0.0
2025-6-20,18:00,10,0.0
2025-6-20,18:00,11,8.217
2025-6-20,18:00,12,1119.9493
2025-6-20,18:00,13,2991.5625
2025-6-20,18:00,14,4571.1
2025-6-20,18:00,15,6411.6019
2025-6-20,18:00,16,7725.7125
2025-6-20,18:00,17,8446.5375
2025-6-20,18:00,18,8474.4375
2025-6-20,18:00,19,7544.8888
2025-6-20,18:00,20,6024.8714
2025-6-20,18:00,21,6566.6658
2025-6-20,18:00,22,4182.0227
2025-6-20,18:00,23,2909.4674
2025-6-20,18:00,24,1357.125
2025-6-21,0:00,1,0.0
2025-6-21,0:00,2,0.0
2025-6-21,0:00,3,0.0
2025-6-21,0:00,4,0.0
2025-6-21,0:00,5,6.9655
2025-6-21,0:00,6,859.4418
2025-6-21,0:00,7,2532.6761
2025-6-21,0:00,8,3933.3915
2025-6-21,0:00,9,4518.8744
2025-6-21,0:00,10,6743.1009
2025-6-21,0:00,11,7468.5499
2025-6-21,0:00,12,8161.2665
2025-6-21,0:00,13,8099.5207
2025-6-21,0:00,14,6021.0491
2025-6-21,0:00,15,6225.5688
2025-6-21,0:00,16,3539.8936
2025-6-21,0:00,17,2502.9332
2025-6-21,0:00,18,995.2963
2025-6-21,0:00,19,7.3748
2025-6-21,0:00,20,0.0
2025-6-21,0:00,21,0.0
2025-6-21,0:00,22,0.0
2025-6-21,0:00,23,0.0
2025-6-21,0:00,24,0.0
2025-6-21,6:00,1,2708.9555
2025-6-21,6:00,2,3969.123
2025-6-21,6:00,3,4741.4118
2025-6-21,6:00,4,6527.066
2025-6-21,6:00,5,7110.388
2025-6-21,6:00,6,7400.1515
2025-6-21,6:00,7,8049.7478
2025-6-21,6:00,8,5773.9485
2025-6-21,6:00,9,5404.4292
2025-6-21,6:00,10,4006.4107
2025-6-21,6:00,11,2604.2396
2025-6-21,6:00,12,906.0394
2025-6-21,6:00,13,7.0777
2025-6-21,6:00,14,0.0
2025-6-21,6:00,15,0.0
2025-6-21,6:00,16,0.0
2025-6-21,6:00,17,0.0
2025-6-21,6:00,18,0.0
2025-6-21,6:00,19,0.0
2025-6-21,6:00,20,0.0
2025-6-21,6:00,21,0.0
2025-6-21,6:00,22,0.0
2025-6-21,6:00,23,10.0125
2025-6-21,6:00,24,1316.925
2025-6-21,12:00,1,7872.1791
2025-6-21,12:00,2,5653.0395
2025-6-21,12:00,3,5297.6268
2025-6-21,12:00,4,3794.5428
2025-6-21,12:00,5,2534.4207
2025-6-21,12:00,6,972.5592
2025-6-21,12:00,7,7.2096
2025-6-21,12:00,8,0.0
2025-6-21,12:00,9,0.0
2025-6-21,12:00,10,0.0
2025-6-21,12:00,11,0.0
2025-6-21,12:00,12,0.0
2025-6-21,12:00,13,0.0
2025-6-21,12:00,14,0.0
2025-6-21,12:00,15,0.0
2025-6-21,12:00,16,0.0
2025-6-21,12:00,17,9.8572
2025-6-21,12:00,18,1132.5183
2025-6-21,12:00,19,3042.4125
2025-6-21,12:00,20,4439.9767
2025-6-21,12:00,21,6137.9706
2025-6-21,12:00,22,6838.6081
2025-6-21,12:00,23,8446.5375
2025-6-21,12:00,24,7878.3143
2025-6-21,18:00,1,7.6014
2025-6-21,18:00,2,0.0
2025-6-21,18:00,3,0.0
2025-6-21,18:00,4,0.0
2025-6-21,18:00,5,0.0
2025-6-21,18:00,6,0.0
2025-6-21,18:00,7,0.0
2025-6-21,18:00,8,0.0
2025-6-21,18:00,9,0.0
2025-6-21,18:00,10,0.0
2025-6-21,18:00,11,10.0125
2025-6-21,18:00,12,1316.925
2025-6-21,18:00,13,3042.4125
2025-6-21,18:00,14,4995.4125
2025-6-21,18:00,15,6434.7
2025-6-21,18:00,16,7725.7125
2025-6-21,18:00,17,8446.5375
2025-6-21,18:00,18,7529.5297
2025-6-21,18:00,19,5904.3003
2025-6-21,18:00,20,4952.3082
2025-6-21,18:00,21,3899.3253
2025-6-21,18:00,22,3539.8416
2025-6-21,18:00,23,2405.6423
2025-6-21,18:00,24,1236.4148
2025-6-22,0:00,1,0.0
2025-6-22,0:00,2,0.0
2025-6-22,0:00,3,0.0
2025-6-22,0:00,4,0.0
2025-6-22,0:00,5,10.0125
2025-6-22,0:00,6,1316.925
2025-6-22,0:00,7,3042.4125
2025-6-22,0:00,8,4331.8592
2025-6-22,0:00,9,5854.656
2025-6-22,0:00,10,6202.1876
2025-6-22,0:00,11,6267.2469
2025-6-22,0:00,12,6687.6415
2025-6-22,0:00,13,7084.1728
2025-6-22,0:00,14,6011.8971
2025-6-22,0:00,15,5461.7119
2025-6-22,0:00,16,4566.75
2025-6-22,0:00,17,2935.2375
2025-6-22,0:00,18,1321.1345
2025-6-22,0:00,19,8.7375
2025-6-22,0:00,20,0.0
2025-6-22,0:00,21,0.0
2025-6-22,0:00,22,0.0
2025-6-22,0:00,23,0.0
2025-6-22,0:00,24,0.0
2025-6-22,6:00,1,3006.0494
2025-6-22,6:00,2,4362.3607
2025-6-22,6:00,3,6077.2367
2025-6-22,6:00,4,6952.9135
2025-6-22,6:00,5,7281.6159
2025-6-22,6:00,6,6515.6877
2025-6-22,6:00,7,6342.4787
2025-6-22,6:00,8,5267.3437
2025-6-22,6:00,9,4293.1965
2025-6-22,6:00,10,3931.9192
2025-6-22,6:00,11,2495.2893
2025-6-22,6:00,12,1080.0123
2025-6-22,6:00,13,8.0982
2025-6-22,6:00,14,0.0
2025-6-22,6:00,15,0.0
2025-6-22,6:00,16,0.0
2025-6-22,6:00,17,0.0
2025-6-22,6:00,18,0.0
2025-6-22,6:00,19,0.0
2025-6-22,6:00,20,0.0
2025-6-22,6:00,21,0.0
2025-6-22,6:00,22,0.0
2025-6-22,6:00,23,4.3109
2025-6-22,6:00,24,521.2943
2025-6-22,12:00,1,6703.5145
2025-6-22,12:00,2,5423.2379
2025-6-22,12:00,3,4616.6611
2025-6-22,12:00,4,4102.1466
2025-6-22,12:00,5,2636.6765
2025-6-22,12:00,6,1139.9318
2025-6-22,12:00,7,8.7375
2025-6-22,12:00,8,0.0
2025-6-22,12:00,9,0.0
2025-6-22,12:00,10,0.0
2025-6-22,12:00,11,0.0
2025-6-22,12:00,12,0.0
2025-6-22,12:00,13,0.0
2025-6-22,12:00,14,0.0
2025-6-22,12:00,15,0.0
2025-6-22,12:00,16,0.0
2025-6-22,12:00,17,7.6753
2025-6-22,12:00,18,1015.2858
2025-6-22,12:00,19,2723.8322
2025-6-22,12:00,20,4326.2502
2025-6-22,12:00,21,4737.4414
2025-6-22,12:00,22,6569.516
2025-6-22,12:00,23,7428.7031
2025-6-22,12:00,24,6653.8072
2025-6-22,18:00,1,8.7375
2025-6-22,18:00,2,0.0
2025-6-22,18:00,3,0.0
2025-6-22,18:00,4,0.0
2025-6-22,18:00,5,0.0
2025-6-22,18:00,6,0.0
2025-6-22,18:00,7,0.0
2025-6-22,18:00,8,0.0
2025-6-22,18:00,9,0.0
2025-6-22,18:00,10,0.0
2025-6-22,18:00,11,7.007
2025-6-22,18:00,12,992.152
2025-6-22,18:00,13,2562.5625
2025-6-22,18:00,14,4235.7241
2025-6-22,18:00,15,4916.8837
2025-6-22,18:00,16,6776.0159
2025-6-22,18:00,17,6329.5516
2025-6-22,18:00,18,5328.8676
2025-6-22,18:00,19,5359.8666
2025-6-22,18:00,20,4313.6755
2025-6-22,18:00,21,4262.5284
2025-6-22,18:00,22,3540.8348
2025-6-22,18:00,23,2122.7786
2025-6-22,18:00,24,718.2002
2025-6-23,0:00,1,0.0
2025-6-23,0:00,2,0.0
2025-6-23,0:00,3,0.0
2025-6-23,0:00,4,0.0
2025-6-23,0:00,5,8.1925
2025-6-23,0:00,6,1026.1302
2025-6-23,0:00,7,2321.2124
2025-6-23,0:00,8,3989.729
2025-6-23,0:00,9,4724.6959
2025-6-23,0:00,10,6514.5261
2025-6-23,0:00,11,7423.5407
2025-6-23,0:00,12,8463.7016
2025-6-23,0:00,13,7655.3718
2025-6-23,0:00,14,5469.0344
2025-6-23,0:00,15,5412.1627
2025-6-23,0:00,16,4335.9279
2025-6-23,0:00,17,2044.372
2025-6-23,0:00,18,816.8065
2025-6-23,0:00,19,6.1833
2025-6-23,0:00,20,0.0
2025-6-23,0:00,21,0.0
2025-6-23,0:00,22,0.0
2025-6-23,0:00,23,0.0
2025-6-23,0:00,24,0.0
2025-6-23,6:00,1,2574.2743
2025-6-23,6:00,2,4114.2071
2025-6-23,6:00,3,5019.3875
2025-6-23,6:00,4,6457.9276
2025-6-23,6:00,5,7110.8376
2025-6-23,6:00,6,7308.3054
2025-6-23,6:00,7,6864.2807
2025-6-23,6:00,8,4935.4157
2025-6-23,6:00,9,5379.256
2025-6-23,6:00,10,4096.5366
2025-6-23,6:00,11,2066.7181
2025-6-23,6:00,12,850.7427
2025-6-23,6:00,13,6.3529
2025-6-23,6:00,14,0.0
2025-6-23,6:00,15,0.0
2025-6-23,6:00,16,0.0
2025-6-23,6:00,17,0.0
2025-6-23,6:00,18,0.0
2025-6-23,6:00,19,0.0
2025-6-23,6:00,20,0.0
2025-6-23,6:00,21,0.0
2025-6-23,6:00,22,0.0
2025-6-23,6:00,23,10.0125
2025-6-23,6:00,24,1316.925
2025-6-23,12:00,1,6968.6767
2025-6-23,12:00,2,5155.0574
2025-6-23,12:00,3,5640.531
2025-6-23,12:00,4,4116.6118
2025-6-23,12:00,5,2334.2856
2025-6-23,12:00,6,956.4142
2025-6-23,12:00,7,6.8791
2025-6-23,12:00,8,0.0
2025-6-23,12:00,9,0.0
2025-6-23,12:00,10,0.0
2025-6-23,12:00,11,0.0
2025-6-23,12:00,12,0.0
2025-6-23,12:00,13,0.0
2025-6-23,12:00,14,0.0
2025-6-23,12:00,15,0.0
2025-6-23,12:00,16,0.0
2025-6-23,12:00,17,6.2268
2025-6-23,12:00,18,1031.1587
2025-6-23,12:00,19,2665.6938
2025-6-23,12:00,20,4404.5684
2025-6-23,12:00,21,5892.7384
2025-6-23,12:00,22,6445.4164
2025-6-23,12:00,23,7936.0041
2025-6-23,12:00,24,8054.8309
2025-6-23,18:00,1,7.0873
2025-6-23,18:00,2,0.0
2025-6-23,18:00,3,0.0
2025-6-23,18:00,4,0.0
2025-6-23,18:00,5,0.0
2025-6-23,18:00,6,0.0
2025-6-23,18:00,7,0.0
2025-6-23,18:00,8,0.0
2025-6-23,18:00,9,0.0
2025-6-23,18:00,10,0.0
2025-6-23,18:00,11,7.3595
2025-6-23,18:00,12,1035.4814
2025-6-23,18:00,13,2500.1249
2025-6-23,18:00,14,3571.5288
2025-6-23,18:00,15,4966.906
2025-6-23,18:00,16,5370.422
2025-6-23,18:00,17,7249.9635
2025-6-23,18:00,18,6514.7014
2025-6-23,18:00,19,6612.2226
2025-6-23,18:00,20,4997.1722
2025-6-23,18:00,21,4164.7795
2025-6-23,18:00,22,2594.1952
2025-6-23,18:00,23,1543.7657
2025-6-23,18:00,24,780.3943
2025-6-24,0:00,1,0.0
2025-6-24,0:00,2,0.0
2025-6-24,0:00,3,0.0
2025-6-24,0:00,4,0.0
2025-6-24,0:00,5,7.9157
2025-6-24,0:00,6,1086.607
2025-6-24,0:00,7,2511.6371
2025-6-24,0:00,8,3452.2835
2025-6-24,0:00,9,4729.0866
2025-6-24,0:00,10,4853.9426
2025-6-24,0:00,11,6229.7228
2025-6-24,0:00,12,5642.5707
2025-6-24,0:00,13,5751.9294
2025-6-24,0:00,14,4783.8496
2025-6-24,0:00,15,4126.5637
2025-6-24,0:00,16,3009.6827
2025-6-24,0:00,17,1938.3336
2025-6-24,0:00,18,812.5553
2025-6-24,0:00,19,5.416
2025-6-24,0:00,20,0.0
2025-6-24,0:00,21,0.0
2025-6-24,0:00,22,0.0
2025-6-24,0:00,23,0.0
2025-6-24,0:00,24,0.0
2025-6-24,6:00,1,2345.7516
2025-6-24,6:00,2,3166.8932
2025-6-24,6:00,3,4227.1118
2025-6-24,6:00,4,4802.0027
2025-6-24,6:00,5,6234.3133
2025-6-24,6:00,6,6126.0499
2025-6-24,6:00,7,6985.822
2025-6-24,6:00,8,5915.6999
2025-6-24,6:00,9,4330.1332
2025-6-24,6:00,10,2941.134
2025-6-24,6:00,11,2169.6595
2025-6-24,6:00,12,954.7844
2025-6-24,6:00,13,6.38
2025-6-24,6:00,14,0.0
2025-6-24,6:00,15,0.0
2025-6-24,6:00,16,0.0
2025-6-24,6:00,17,0.0
2025-6-24,6:00,18,0.0
2025-6-24,6:00,19,0.0
2025-6-24,6:00,20,0.0
2025-6-24,6:00,21,0.0
2025-6-24,6:00,22,0.0
2025-6-24,6:00,23,9.2532
2025-6-24,6:00,24,1316.925
2025-6-24,12:00,1,6457.5815
2025-6-24,12:00,2,5604.1393
2025-6-24,12:00,3,4402.0469
2025-6-24,12:00,4,3288.3134
2025-6-24,12:00,5,2014.4629
2025-6-24,12:00,6,967.4587
2025-6-24,12:00,7,5.6683
2025-6-24,12:00,8,0.0
2025-6-24,12:00,9,0.0
2025-6-24,12:00,10,0.0
2025-6-24,12:00,11,0.0
2025-6-24,12:00,12,0.0
2025-6-24,12:00,13,0.0
2025-6-24,12:00,14,0.0
2025-6-24,12:00,15,0.0
2025-6-24,12:00,16,0.0
2025-6-24,12:00,17,8.5006
2025-6-24,12:00,18,1316.925
2025-6-24,12:00,19,3049.1625
2025-6-24,12:00,20,4876.9228
2025-6-24,12:00,21,6090.7875
2025-6-24,12:00,22,6993.2916
2025-6-24,12:00,23,7432.1548
2025-6-24,12:00,24,7944.2583
2025-6-24,18:00,1,6.3101
2025-6-24,18:00,2,0.0
2025-6-24,18:00,3,0.0
2025-6-24,18:00,4,0.0
2025-6-24,18:00,5,0.0
2025-6-24,18:00,6,0.0
2025-6-24,18:00,7,0.0
2025-6-24,18:00,8,0.0
2025-6-24,18:00,9,0.0
2025-6-24,18:00,10,0.0
2025-6-24,18:00,11,6.5415
2025-6-24,18:00,12,1126.9535
2025-6-24,18:00,13,2417.9664
2025-6-24,18:00,14,4005.9697
2025-6-24,18:00,15,4953.1313
2025-6-24,18:00,16,4875.7367
2025-6-24,18:00,17,5119.6815
2025-6-24,18:00,18,6221.7813
2025-6-24,18:00,19,5397.7906
2025-6-24,18:00,20,4885.1054
2025-6-24,18:00,21,3983.5272
2025-6-24,18:00,22,2411.7333
2025-6-24,18:00,23,800.7087
2025-6-24,18:00,24,573.1782
2025-6-25,0:00,1,0.0
2025-6-25,0:00,2,0.0
2025-6-25,0:00,3,0.0
2025-6-25,0:00,4,0.0
2025-6-25,0:00,5,7.1203
2025-6-25,0:00,6,1100.4605
2025-6-25,0:00,7,2235.1604
2025-6-25,0:00,8,3537.2236
2025-6-25,0:00,9,4601.9824
2025-6-25,0:00,10,5126.4126
2025-6-25,0:00,11,5708.0567
2025-6-25,0:00,12,6477.1029
2025-6-25,0:00,13,7324.6385
2025-6-25,0:00,14,6862.9115
2025-6-25,0:00,15,5881.9113
2025-6-25,0:00,16,4762.875
2025-6-25,0:00,17,2935.2375
2025-6-25,0:00,18,1213.1221
2025-6-25,0:00,19,5.3778
2025-6-25,0:00,20,0.0
2025-6-25,0:00,21,0.0
2025-6-25,0:00,22,0.0
2025-6-25,0:00,23,0.0
2025-6-25,0:00,24,0.0
2025-6-25,6:00,1,2351.7545
2025-6-25,6:00,2,3985.7895
2025-6-25,6:00,3,5103.7895
2025-6-25,6:00,4,5395.3219
2025-6-25,6:00,5,5115.6154
2025-6-25,6:00,6,6298.1075
2025-6-25,6:00,7,6632.8206
2025-6-25,6:00,8,6068.5824
2025-6-25,6:00,9,5084.1055
2025-6-25,6:00,10,4415.5106
2025-6-25,6:00,11,2675.8662
2025-6-25,6:00,12,1224.693
2025-6-25,6:00,13,6.7007
2025-6-25,6:00,14,0.0
2025-6-25,6:00,15,0.0
2025-6-25,6:00,16,0.0
2025-6-25,6:00,17,0.0
2025-6-25,6:00,18,0.0
2025-6-25,6:00,19,0.0
2025-6-25,6:00,20,0.0
2025-6-25,6:00,21,0.0
2025-6-25,6:00,22,0.0
2025-6-25,6:00,23,6.0238
2025-6-25,6:00,24,1019.0896
2025-6-25,12:00,1,6569.4117
2025-6-25,12:00,2,6023.8165
2025-6-25,12:00,3,5073.7826
2025-6-25,12:00,4,3952.1186
2025-6-25,12:00,5,2489.9921
2025-6-25,12:00,6,1114.1108
2025-6-25,12:00,7,5.9788
2025-6-25,12:00,8,0.0
2025-6-25,12:00,9,0.0
2025-6-25,12:00,10,0.0
2025-6-25,12:00,11,0.0
2025-6-25,12:00,12,0.0
2025-6-25,12:00,13,0.0
2025-6-25,12:00,14,0.0
2025-6-25,12:00,15,0.0
2025-6-25,12:00,16,0.0
2025-6-25,12:00,17,7.3153
2025-6-25,12:00,18,1146.5442
2025-6-25,12:00,19,2559.4819
2025-6-25,12:00,20,4082.1741
2025-6-25,12:00,21,4323.0886
2025-6-25,12:00,22,5386.6779
2025-6-25,12:00,23,6193.7846
2025-6-25,12:00,24,6285.2698
2025-6-25,18:00,1,6.3256
2025-6-25,18:00,2,0.0
2025-6-25,18:00,3,0.0
2025-6-25,18:00,4,0.0
2025-6-25,18:00,5,0.0
2025-6-25,18:00,6,0.0
2025-6-25,18:00,7,0.0
2025-6-25,18:00,8,0.0
2025-6-25,18:00,9,0.0
2025-6-25,18:00,10,0.0
2025-6-25,18:00,11,6.5847
2025-6-25,18:00,12,1072.568
2025-6-25,18:00,13,2187.9321
2025-6-25,18:00,14,3142.5895
2025-6-25,18:00,15,3930.0432
2025-6-25,18:00,16,5861.061
2025-6-25,18:00,17,7150.5065
2025-6-25,18:00,18,8454.3288
2025-6-25,18:00,19,7639.4167
2025-6-25,18:00,20,7268.3322
2025-6-25,18:00,21,5729.7296
2025-6-25,18:00,22,4206.5687
2025-6-25,18:00,23,2196.0093
2025-6-25,18:00,24,1074.1768
2025-6-26,0:00,1,0.0
2025-6-26,0:00,2,0.0
2025-6-26,0:00,3,0.0
2025-6-26,0:00,4,0.0
2025-6-26,0:00,5,6.1348
2025-6-26,0:00,6,939.8058
2025-6-26,0:00,7,2092.7725
2025-6-26,0:00,8,3405.5719
2025-6-26,0:00,9,4300.8828
2025-6-26,0:00,10,5530.0262
2025-6-26,0:00,11,7131.2425
2025-6-26,0:00,12,8211.3994
2025-6-26,0:00,13,7841.0717
2025-6-26,0:00,14,7415.3749
2025-6-26,0:00,15,6531.6119
2025-6-26,0:00,16,4611.8592
2025-6-26,0:00,17,2126.2192
2025-6-26,0:00,18,954.7908
2025-6-26,0:00,19,4.8384
2025-6-26,0:00,20,0.0
2025-6-26,0:00,21,0.0
2025-6-26,0:00,22,0.0
2025-6-26,0:00,23,0.0
2025-6-26,0:00,24,0.0
2025-6-26,6:00,1,2466.3061
2025-6-26,6:00,2,3997.9666
2025-6-26,6:00,3,4538.1482
2025-6-26,6:00,4,5626.4726
2025-6-26,6:00,5,6170.2928
2025-6-26,6:00,6,6820.5944
2025-6-26,6:00,7,6359.1417
2025-6-26,6:00,8,6559.5215
2025-6-26,6:00,9,5960.4808
2025-6-26,6:00,10,4519.8945
2025-6-26,6:00,11,2472.9789
2025-6-26,6:00,12,1320.7941
2025-6-26,6:00,13,6.175
2025-6-26,6:00,14,0.0
2025-6-26,6:00,15,0.0
2025-6-26,6:00,16,0.0
2025-6-26,6:00,17,0.0
2025-6-26,6:00,18,0.0
2025-6-26,6:00,19,0.0
2025-6-26,6:00,20,0.0
2025-6-26,6:00,21,0.0
2025-6-26,6:00,22,0.0
2025-6-26,6:00,23,6.2828
2025-6-26,6:00,24,1316.925
2025-6-26,12:00,1,6617.7732
2025-6-26,12:00,2,6487.5307
2025-6-26,12:00,3,5744.1561
2025-6-26,12:00,4,4527.8352
2025-6-26,12:00,5,2278.8488
2025-6-26,12:00,6,1154.5798
2025-6-26,12:00,7,5.7345
2025-6-26,12:00,8,0.0
2025-6-26,12:00,9,0.0
2025-6-26,12:00,10,0.0
2025-6-26,12:00,11,0.0
2025-6-26,12:00,12,0.0
2025-6-26,12:00,13,0.0
2025-6-26,12:00,14,0.0
2025-6-26,12:00,15,0.0
2025-6-26,12:00,16,0.0
2025-6-26,12:00,17,4.2657
2025-6-26,12:00,18,933.6392
2025-6-26,12:00,19,2212.0751
2025-6-26,12:00,20,3783.4788
2025-6-26,12:00,21,4943.8879
2025-6-26,12:00,22,6388.0912
2025-6-26,12:00,23,7649.8786
2025-6-26,12:00,24,7016.1494
2025-6-26,18:00,1,5.7529
2025-6-26,18:00,2,0.0
2025-6-26,18:00,3,0.0
2025-6-26,18:00,4,0.0
2025-6-26,18:00,5,0.0
2025-6-26,18:00,6,0.0
2025-6-26,18:00,7,0.0
2025-6-26,18:00,8,0.0
2025-6-26,18:00,9,0.0
2025-6-26,18:00,10,0.0
2025-6-26,18:00,11,5.3993
2025-6-26,18:00,12,1110.0695
2025-6-26,18:00,13,2791.6142
2025-6-26,18:00,14,3997.5325
2025-6-26,18:00,15,5359.0463
2025-6-26,18:00,16,6417.9855
2025-6-26,18:00,17,8055.0197
2025-6-26,18:00,18,7086.325
2025-6-26,18:00,19,6111.5346
2025-6-26,18:00,20,5626.9812
2025-6-26,18:00,21,4241.6832
2025-6-26,18:00,22,3032.1976
2025-6-26,18:00,23,1938.1498
2025-6-26,18:00,24,802.9898
2025-6-27,0:00,1,0.0
2025-6-27,0:00,2,0.0
2025-6-27,0:00,3,0.0
2025-6-27,0:00,4,0.0
2025-6-27,0:00,5,4.3156
2025-6-27,0:00,6,886.216
2025-6-27,0:00,7,2069.4776
2025-6-27,0:00,8,3236.6982
2025-6-27,0:00,9,4751.3686
2025-6-27,0:00,10,6484.0024
2025-6-27,0:00,11,8958.3
2025-6-27,0:00,12,8530.3307
2025-6-27,0:00,13,6850.7351
2025-6-27,0:00,14,5788.223
2025-6-27,0:00,15,4712.9165
2025-6-27,0:00,16,3066.6107
2025-6-27,0:00,17,2105.5181
2025-6-27,0:00,18,1014.2844
2025-6-27,0:00,19,5.108
2025-6-27,0:00,20,0.0
2025-6-27,0:00,21,0.0
2025-6-27,0:00,22,0.0
2025-6-27,0:00,23,0.0
2025-6-27,0:00,24,0.0
2025-6-27,6:00,1,2532.2806
2025-6-27,6:00,2,3767.9432
2025-6-27,6:00,3,5449.5626
2025-6-27,6:00,4,6426.5757
2025-6-27,6:00,5,8407.5773
2025-6-27,6:00,6,7765.8807
2025-6-27,6:00,7,6622.4814
2025-6-27,6:00,8,5737.7964
2025-6-27,6:00,9,5356.3095
2025-6-27,6:00,10,3955.6104
2025-6-27,6:00,11,2524.9417
2025-6-27,6:00,12,1061.5133
2025-6-27,6:00,13,4.8922
2025-6-27,6:00,14,0.0
2025-6-27,6:00,15,0.0
2025-6-27,6:00,16,0.0
2025-6-27,6:00,17,0.0
2025-6-27,6:00,18,0.0
2025-6-27,6:00,19,0.0
2025-6-27,6:00,20,0.0
2025-6-27,6:00,21,0.0
2025-6-27,6:00,22,0.0
2025-6-27,6:00,23,5.0546
2025-6-27,6:00,24,1316.925
2025-6-27,12:00,1,7139.4701
2025-6-27,12:00,2,6319.23
2025-6-27,12:00,3,5571.6174
2025-6-27,12:00,4,4314.9282
2025-6-27,12:00,5,2655.9395
2025-6-27,12:00,6,1032.8541
2025-6-27,12:00,7,4.7972
2025-6-27,12:00,8,0.0
2025-6-27,12:00,9,0.0
2025-6-27,12:00,10,0.0
2025-6-27,12:00,11,0.0
2025-6-27,12:00,12,0.0
2025-6-27,12:00,13,0.0
2025-6-27,12:00,14,0.0
2025-6-27,12:00,15,0.0
2025-6-27,12:00,16,0.0
2025-6-27,12:00,17,3.8455
2025-6-27,12:00,18,923.0835
2025-6-27,12:00,19,1907.6547
2025-6-27,12:00,20,2787.5021
2025-6-27,12:00,21,3851.3758
2025-6-27,12:00,22,6041.1062
2025-6-27,12:00,23,7195.4902
2025-6-27,12:00,24,9488.25
2025-6-27,18:00,1,4.9124
2025-6-27,18:00,2,0.0
2025-6-27,18:00,3,0.0
2025-6-27,18:00,4,0.0
2025-6-27,18:00,5,0.0
2025-6-27,18:00,6,0.0
2025-6-27,18:00,7,0.0
2025-6-27,18:00,8,0.0
2025-6-27,18:00,9,0.0
2025-6-27,18:00,10,0.0
2025-6-27,18:00,11,3.8601
2025-6-27,18:00,12,1034.9475
2025-6-27,18:00,13,2298.7244
2025-6-27,18:00,14,3565.4967
2025-6-27,18:00,15,4196.1584
2025-6-27,18:00,16,6275.131
2025-6-27,18:00,17,7820.4961
2025-6-27,18:00,18,9036.5
2025-6-27,18:00,19,7201.3841
2025-6-27,18:00,20,5044.5961
2025-6-27,18:00,21,4517.9568
2025-6-27,18:00,22,3939.2699
2025-6-27,18:00,23,2508.3635
2025-6-27,18:00,24,1357.125
2025-6-28,0:00,1,0.0
2025-6-28,0:00,2,0.0
2025-6-28,0:00,3,0.0
2025-6-28,0:00,4,0.0
2025-6-28,0:00,5,4.2429
2025-6-28,0:00,6,1173.109
2025-6-28,0:00,7,2577.7845
2025-6-28,0:00,8,3622.4033
2025-6-28,0:00,9,4083.9964
2025-6-28,0:00,10,6280.1294
2025-6-28,0:00,11,7209.7771
2025-6-28,0:00,12,8763.0695
2025-6-28,0:00,13,7461.434
2025-6-28,0:00,14,6155.2424
2025-6-28,0:00,15,4911.6262
2025-6-28,0:00,16,3719.5186
2025-6-28,0:00,17,2154.9307
2025-6-28,0:00,18,927.6577
2025-6-28,0:00,19,2.8446
2025-6-28,0:00,20,0.0
2025-6-28,0:00,21,0.0
2025-6-28,0:00,22,0.0
2025-6-28,0:00,23,0.0
2025-6-28,0:00,24,0.0
2025-6-28,6:00,1,2387.8619
2025-6-28,6:00,2,3471.9649
2025-6-28,6:00,3,4046.0129
2025-6-28,6:00,4,5984.8327
2025-6-28,6:00,5,7491.2092
2025-6-28,6:00,6,8147.4703
2025-6-28,6:00,7,7189.0822
2025-6-28,6:00,8,5252.9158
2025-6-28,6:00,9,4221.5171
2025-6-28,6:00,10,3608.0589
2025-6-28,6:00,11,2334.9499
2025-6-28,6:00,12,1229.94
2025-6-28,6:00,13,4.8283
2025-6-28,6:00,14,0.0
2025-6-28,6:00,15,0.0
2025-6-28,6:00,16,0.0
2025-6-28,6:00,17,0.0
2025-6-28,6:00,18,0.0
2025-6-28,6:00,19,0.0
2025-6-28,6:00,20,0.0
2025-6-28,6:00,21,0.0
2025-6-28,6:00,22,0.0
2025-6-28,6:00,23,2.5914
2025-6-28,6:00,24,1290.1228
2025-6-28,12:00,1,7482.0533
2025-6-28,12:00,2,5576.8427
2025-6-28,12:00,3,4694.8782
2025-6-28,12:00,4,3742.233
2025-6-28,12:00,5,2268.7901
2025-6-28,12:00,6,1063.4738
2025-6-28,12:00,7,4.0118
2025-6-28,12:00,8,0.0
2025-6-28,12:00,9,0.0
2025-6-28,12:00,10,0.0
2025-6-28,12:00,11,0.0
2025-6-28,12:00,12,0.0
2025-6-28,12:00,13,0.0
2025-6-28,12:00,14,0.0
2025-6-28,12:00,15,0.0
2025-6-28,12:00,16,0.0
2025-6-28,12:00,17,2.6647
2025-6-28,12:00,18,1050.9608
2025-6-28,12:00,19,2333.4371
2025-6-28,12:00,20,3686.3841
2025-6-28,12:00,21,5204.3997
2025-6-28,12:00,22,7312.9622
2025-6-28,12:00,23,8158.3796
2025-6-28,12:00,24,8267.1407
2025-6-28,18:00,1,4.3453
2025-6-28,18:00,2,0.0
2025-6-28,18:00,3,0.0
2025-6-28,18:00,4,0.0
2025-6-28,18:00,5,0.0
2025-6-28,18:00,6,0.0
2025-6-28,18:00,7,0.0
2025-6-28,18:00,8,0.0
2025-6-28,18:00,9,0.0
2025-6-28,18:00,10,0.0
2025-6-28,18:00,11,2.7514
2025-6-28,18:00,12,1094.6725
2025-6-28,18:00,13,2376.1086
2025-6-28,18:00,14,3636.2651
2025-6-28,18:00,15,4559.6454
2025-6-28,18:00,16,6782.9868
2025-6-28,18:00,17,8235.3901
2025-6-28,18:00,18,6941.5356
2025-6-28,18:00,19,6073.3052
2025-6-28,18:00,20,6037.3907
2025-6-28,18:00,21,4374.2819
2025-6-28,18:00,22,3581.1987
2025-6-28,18:00,23,2295.2125
2025-6-28,18:00,24,1121.6166
2025-6-29,0:00,1,0.0
2025-6-29,0:00,2,0.0
2025-6-29,0:00,3,0.0
2025-6-29,0:00,4,0.0
2025-6-29,0:00,5,2.6006
2025-6-29,0:00,6,973.4709
2025-6-29,0:00,7,2135.665
2025-6-29,0:00,8,3076.4814
2025-6-29,0:00,9,4613.5709
2025-6-29,0:00,10,6116.3681
2025-6-29,0:00,11,7563.0169
2025-6-29,0:00,12,7096.7205
2025-6-29,0:00,13,7136.3318
2025-6-29,0:00,14,8186.9625
2025-6-29,0:00,15,6471.2985
2025-6-29,0:00,16,4762.875
2025-6-29,0:00,17,2833.0179
2025-6-29,0:00,18,1345.2996
2025-6-29,0:00,19,2.8585
2025-6-29,0:00,20,0.0
2025-6-29,0:00,21,0.0
2025-6-29,0:00,22,0.0
2025-6-29,0:00,23,0.0
2025-6-29,0:00,24,0.0
2025-6-29,6:00,1,2431.4538
2025-6-29,6:00,2,3632.0584
2025-6-29,6:00,3,4876.2663
2025-6-29,6:00,4,6209.4124
2025-6-29,6:00,5,7837.1623
2025-6-29,6:00,6,6882.1976
2025-6-29,6:00,7,6391.8006
2025-6-29,6:00,8,6838.9157
2025-6-29,6:00,9,5379.3991
2025-6-29,6:00,10,4096.3299
2025-6-29,6:00,11,2172.0445
2025-6-29,6:00,12,986.3999
2025-6-29,6:00,13,2.7014
2025-6-29,6:00,14,0.0
2025-6-29,6:00,15,0.0
2025-6-29,6:00,16,0.0
2025-6-29,6:00,17,0.0
2025-6-29,6:00,18,0.0
2025-6-29,6:00,19,0.0
2025-6-29,6:00,20,0.0
2025-6-29,6:00,21,0.0
2025-6-29,6:00,22,0.0
2025-6-29,6:00,23,1.3271
2025-6-29,6:00,24,1242.7548
2025-6-29,12:00,1,5909.1797
2025-6-29,12:00,2,6426.0595
2025-6-29,12:00,3,5171.1597
2025-6-29,12:00,4,4111.4102
2025-6-29,12:00,5,2442.185
2025-6-29,12:00,6,1082.3176
2025-6-29,12:00,7,2.824
2025-6-29,12:00,8,0.0
2025-6-29,12:00,9,0.0
2025-6-29,12:00,10,0.0
2025-6-29,12:00,11,0.0
2025-6-29,12:00,12,0.0
2025-6-29,12:00,13,0.0
2025-6-29,12:00,14,0.0
2025-6-29,12:00,15,0.0
2025-6-29,12:00,16,0.0
2025-6-29,12:00,17,0.8334
2025-6-29,12:00,18,853.698
2025-6-29,12:00,19,2115.312
2025-6-29,12:00,20,3946.0184
2025-6-29,12:00,21,6193.2898
2025-6-29,12:00,22,7821.9375
2025-6-29,12:00,23,8958.3
2025-6-29,12:00,24,7721.3655
2025-6-29,18:00,1,2.7536
2025-6-29,18:00,2,0.0
2025-6-29,18:00,3,0.0
2025-6-29,18:00,4,0.0
2025-6-29,18:00,5,0.0
2025-6-29,18:00,6,0.0
2025-6-29,18:00,7,0.0
2025-6-29,18:00,8,0.0
2025-6-29,18:00,9,0.0
2025-6-29,18:00,10,0.0
2025-6-29,18:00,11,1.29
2025-6-29,18:00,12,957.4316
2025-6-29,18:00,13,2029.2059
2025-6-29,18:00,14,4260.8864
2025-6-29,18:00,15,5023.1273
2025-6-29,18:00,16,5795.1836
2025-6-29,18:00,17,7092.3215
2025-6-29,18:00,18,5930.6937
2025-6-29,18:00,19,5491.0003
2025-6-29,18:00,20,5631.1299
2025-6-29,18:00,21,4469.0408
2025-6-29,18:00,22,3011.9191
2025-6-29,18:00,23,1930.5944
2025-6-29,18:00,24,1082.0202
2025-6-30,0:00,1,0.0
2025-6-30,0:00,2,0.0
2025-6-30,0:00,3,0.0
2025-6-30,0:00,4,0.0
2025-6-30,0:00,5,1.3188
2025-6-30,0:00,6,990.1121
2025-6-30,0:00,7,1952.3194
2025-6-30,0:00,8,3565.0821
2025-6-30,0:00,9,4862.5273
2025-6-30,0:00,10,5804.2995
2025-6-30,0:00,11,7570.6081
2025-6-30,0:00,12,6636.219
2025-6-30,0:00,13,6743.3452
2025-6-30,0:00,14,5873.3845
2025-6-30,0:00,15,5150.0254
2025-6-30,0:00,16,3765.5852
2025-6-30,0:00,17,2357.7614
2025-6-30,0:00,18,1240.984
2025-6-30,0:00,19,1.7515
2025-6-30,0:00,20,0.0
2025-6-30,0:00,21,0.0
2025-6-30,0:00,22,0.0
2025-6-30,0:00,23,0.0
2025-6-30,0:00,24,0.0
2025-6-30,6:00,1,1865.8007
2025-6-30,6:00,2,3607.8178
2025-6-30,6:00,3,4772.2223
2025-6-30,6:00,4,5765.8543
2025-6-30,6:00,5,7215.285
2025-6-30,6:00,6,7012.9093
2025-6-30,6:00,7,6831.9561
2025-6-30,6:00,8,6871.3649
2025-6-30,6:00,9,5538.3783
2025-6-30,6:00,10,3697.6294
2025-6-30,6:00,11,1972.6731
2025-6-30,6:00,12,1022.3043
2025-6-30,6:00,13,1.1674
2025-6-30,6:00,14,0.0
2025-6-30,6:00,15,0.0
2025-6-30,6:00,16,0.0
2025-6-30,6:00,17,0.0
2025-6-30,6:00,18,0.0
2025-6-30,6:00,19,0.0
2025-6-30,6:00,20,0.0
2025-6-30,6:00,21,0.0
2025-6-30,6:00,22,0.0
2025-6-30,6:00,23,0.0539
2025-6-30,6:00,24,666.9881
2025-6-30,12:00,1,6431.1418
2025-6-30,12:00,2,6479.4896
2025-6-30,12:00,3,5193.5435
2025-6-30,12:00,4,3756.647
2025-6-30,12:00,5,2251.2273
2025-6-30,12:00,6,1093.5549
2025-6-30,12:00,7,1.3192
2025-6-30,12:00,8,0.0
2025-6-30,12:00,9,0.0
2025-6-30,12:00,10,0.0
2025-6-30,12:00,11,0.0
2025-6-30,12:00,12,0.0
2025-6-30,12:00,13,0.0
2025-6-30,12:00,14,0.0
2025-6-30,12:00,15,0.0
2025-6-30,12:00,16,0.0
2025-6-30,12:00,17,0.0882
2025-6-30,12:00,18,1308.7073
2025-6-30,12:00,19,2900.4881
2025-6-30,12:00,20,4808.6521
2025-6-30,12:00,21,6226.3082
2025-6-30,12:00,22,7399.2618
2025-6-30,12:00,23,8958.3
2025-6-30,12:00,24,8797.2982
2025-6-30,18:00,1,1.4119
2025-6-30,18:00,2,0.0
2025-6-30,18:00,3,0.0
2025-6-30,18:00,4,0.0
2025-6-30,18:00,5,0.0
2025-6-30,18:00,6,0.0
2025-6-30,18:00,7,0.0
2025-6-30,18:00,8,0.0
2025-6-30,18:00,9,0.0
2025-6-30,18:00,10,0.0
2025-6-30,18:00,11,0.074
2025-6-30,18:00,12,1183.1
2025-6-30,18:00,13,2633.7237
2025-6-30,18:00,14,4098.5944
2025-6-30,18:00,15,5827.3105
2025-6-30,18:00,16,7440.2347
2025-6-30,18:00,17,8210.5819
2025-6-30,18:00,18,8493.2528
2025-6-30,18:00,19,8849.3625
2025-6-30,18:00,20,7262.9219
2025-6-30,18:00,21,6252.314
2025-6-30,18:00,22,4762.875
2025-6-30,18:00,23,2935.2375
2025-6-30,18:00,24,1357.125
2025-7-1,0:00,1,0.0
2025-7-1,0:00,2,0.0
2025-7-1,0:00,3,0.0
2025-7-1,0:00,4,0.0
2025-7-1,0:00,5,0.0783
2025-7-1,0:00,6,1281.8689
2025-7-1,0:00,7,2612.3201
2025-7-1,0:00,8,3991.5105
2025-7-1,0:00,9,5172.3933
2025-7-1,0:00,10,5755.6498
2025-7-1,0:00,11,7411.1021
2025-7-1,0:00,12,8387.9307
2025-7-1,0:00,13,8849.3625
2025-7-1,0:00,14,6865.581
2025-7-1,0:00,15,6674.5546
2025-7-1,0:00,16,4762.875
2025-7-1,0:00,17,2809.3084
2025-7-1,0:00,18,1321.2205
2025-7-1,0:00,19,0.0833
2025-7-1,0:00,20,0.0
2025-7-1,0:00,21,0.0
2025-7-1,0:00,22,0.0
2025-7-1,0:00,23,0.0
2025-7-1,0:00,24,0.0
2025-7-1,6:00,1,2464.012
2025-7-1,6:00,2,4008.3284
2025-7-1,6:00,3,4692.1465
2025-7-1,6:00,4,5949.8648
2025-7-1,6:00,5,7469.0459
2025-7-1,6:00,6,7605.6212
2025-7-1,6:00,7,8078.6524
2025-7-1,6:00,8,7407.0143
2025-7-1,6:00,9,5888.3239
2025-7-1,6:00,10,4592.0717
2025-7-1,6:00,11,2641.1847
2025-7-1,6:00,12,1208.8415
2025-7-1,6:00,13,0.0621
2025-7-1,6:00,14,0.0
2025-7-1,6:00,15,0.0
2025-7-1,6:00,16,0.0
2025-7-1,6:00,17,0.0
2025-7-1,6:00,18,0.0
2025-7-1,6:00,19,0.0
2025-7-1,6:00,20,0.0
2025-7-1,6:00,21,0.0
2025-7-1,6:00,22,0.0
2025-7-1,6:00,23,0.0
2025-7-1,6:00,24,1316.925
2025-7-1,12:00,1,7886.7063
2025-7-1,12:00,2,6932.3868
2025-7-1,12:00,3,5757.0971
2025-7-1,12:00,4,4417.6195
2025-7-1,12:00,5,2838.9153
2025-7-1,12:00,6,1295.9873
2025-7-1,12:00,7,0.0743
2025-7-1,12:00,8,0.0
2025-7-1,12:00,9,0.0
2025-7-1,12:00,10,0.0
2025-7-1,12:00,11,0.0
2025-7-1,12:00,12,0.0
2025-7-1,12:00,13,0.0
2025-7-1,12:00,14,0.0
2025-7-1,12:00,15,0.0
2025-7-1,12:00,16,0.0
2025-7-1,12:00,17,0.0
2025-7-1,12:00,18,980.263
2025-7-1,12:00,19,2507.1552
2025-7-1,12:00,20,4604.3418
2025-7-1,12:00,21,6573.7125
2025-7-1,12:00,22,7850.775
2025-7-1,12:00,23,8881.6803
2025-7-1,12:00,24,7110.3711
2025-7-1,18:00,1,0.0735
2025-7-1,18:00,2,0.0
2025-7-1,18:00,3,0.0
2025-7-1,18:00,4,0.0
2025-7-1,18:00,5,0.0
2025-7-1,18:00,6,0.0
2025-7-1,18:00,7,0.0
2025-7-1,18:00,8,0.0
2025-7-1,18:00,9,0.0
2025-7-1,18:00,10,0.0
2025-7-1,18:00,11,0.0
2025-7-1,18:00,12,1269.3318
2025-7-1,18:00,13,2868.7893
2025-7-1,18:00,14,4995.4125
2025-7-1,18:00,15,6573.7125
2025-7-1,18:00,16,7850.775
2025-7-1,18:00,17,8958.3
2025-7-1,18:00,18,8664.9098
2025-7-1,18:00,19,7992.1593
2025-7-1,18:00,20,7305.9802
2025-7-1,18:00,21,6793.5375
2025-7-1,18:00,22,4762.875
2025-7-1,18:00,23,2935.2375
2025-7-1,18:00,24,1357.125
2025-7-2,0:00,1,0.0
2025-7-2,0:00,2,0.0
2025-7-2,0:00,3,0.0
2025-7-2,0:00,4,0.0
2025-7-2,0:00,5,0.0
2025-7-2,0:00,6,1198.1741
2025-7-2,0:00,7,2708.9934
2025-7-2,0:00,8,4434.2509
2025-7-2,0:00,9,5607.7873
2025-7-2,0:00,10,7079.4916
2025-7-2,0:00,11,8696.5222
2025-7-2,0:00,12,8346.0984
2025-7-2,0:00,13,8849.3625
2025-7-2,0:00,14,8186.9625
2025-7-2,0:00,15,6793.5375
2025-7-2,0:00,16,4015.4699
2025-7-2,0:00,17,2652.1146
2025-7-2,0:00,18,1142.2872
2025-7-2,0:00,19,0.0
2025-7-2,0:00,20,0.0
2025-7-2,0:00,21,0.0
2025-7-2,0:00,22,0.0
2025-7-2,0:00,23,0.0
2025-7-2,0:00,24,0.0
2025-7-2,6:00,1,2784.4201
2025-7-2,6:00,2,4634.7966
2025-7-2,6:00,3,5965.7096
2025-7-2,6:00,4,7446.0144
2025-7-2,6:00,5,8395.2288
2025-7-2,6:00,6,7886.2573
2025-7-2,6:00,7,7864.5911
2025-7-2,6:00,8,7859.6975
2025-7-2,6:00,9,6629.6924
2025-7-2,6:00,10,4147.8453
2025-7-2,6:00,11,2935.2375
2025-7-2,6:00,12,1357.125
2025-7-2,6:00,13,0.0
2025-7-2,6:00,14,0.0
2025-7-2,6:00,15,0.0
2025-7-2,6:00,16,0.0
2025-7-2,6:00,17,0.0
2025-7-2,6:00,18,0.0
2025-7-2,6:00,19,0.0
2025-7-2,6:00,20,0.0
2025-7-2,6:00,21,0.0
2025-7-2,6:00,22,0.0
2025-7-2,6:00,23,0.0
2025-7-2,6:00,24,1316.925
2025-7-2,12:00,1,7856.5685
2025-7-2,12:00,2,7799.9711
2025-7-2,12:00,3,6793.5375
2025-7-2,12:00,4,4192.7305
2025-7-2,12:00,5,2935.2375
2025-7-2,12:00,6,1345.8579
2025-7-2,12:00,7,0.0
2025-7-2,12:00,8,0.0
2025-7-2,12:00,9,0.0
2025-7-2,12:00,10,0.0
2025-7-2,12:00,11,0.0
2025-7-2,12:00,12,0.0
2025-7-2,12:00,13,0.0
2025-7-2,12:00,14,0.0
2025-7-2,12:00,15,0.0
2025-7-2,12:00,16,0.0
2025-7-2,12:00,17,0.0
2025-7-2,12:00,18,1316.925
2025-7-2,12:00,19,3049.1625
2025-7-2,12:00,20,4995.4125
2025-7-2,12:00,21,6573.7125
2025-7-2,12:00,22,7850.775
2025-7-2,12:00,23,8370.1536
2025-7-2,12:00,24,7438.8934
2025-7-2,18:00,1,0.0
2025-7-2,18:00,2,0.0
2025-7-2,18:00,3,0.0
2025-7-2,18:00,4,0.0
2025-7-2,18:00,5,0.0
2025-7-2,18:00,6,0.0
2025-7-2,18:00,7,0.0
2025-7-2,18:00,8,0.0
2025-7-2,18:00,9,0.0
2025-7-2,18:00,10,0.0
2025-7-2,18:00,11,0.0
2025-7-2,18:00,12,1308.8054
2025-7-2,18:00,13,2662.2633
2025-7-2,18:00,14,3382.8854
2025-7-2,18:00,15,5341.2259
2025-7-2,18:00,16,5763.5512
2025-7-2,18:00,17,7142.3907
2025-7-2,18:00,18,7021.0288
2025-7-2,18:00,19,8253.0693
2025-7-2,18:00,20,6326.6471
2025-7-2,18:00,21,6229.8383
2025-7-2,18:00,22,3912.9579
2025-7-2,18:00,23,2832.0782
2025-7-2,18:00,24,1249.3147
2025-7-3,0:00,1,0.0
2025-7-3,0:00,2,0.0
2025-7-3,0:00,3,0.0
2025-7-3,0:00,4,0.0
2025-7-3,0:00,5,0.0
2025-7-3,0:00,6,1161.1786
2025-7-3,0:00,7,2600.7164
2025-7-3,0:00,8,3247.2995
2025-7-3,0:00,9,4986.6303
2025-7-3,0:00,10,6520.9917
2025-7-3,0:00,11,7616.3513
2025-7-3,0:00,12,6798.3792
2025-7-3,0:00,13,8671.911
2025-7-3,0:00,14,6764.8282
2025-7-3,0:00,15,5229.6468
2025-7-3,0:00,16,4115.7959
2025-7-3,0:00,17,2746.0911
2025-7-3,0:00,18,1084.3868
2025-7-3,0:00,19,0.0
2025-7-3,0:00,20,0.0
2025-7-3,0:00,21,0.0
2025-7-3,0:00,22,0.0
2025-7-3,0:00,23,0.0
2025-7-3,0:00,24,0.0
2025-7-3,6:00,1,2625.3146
2025-7-3,6:00,2,3391.0078
2025-7-3,6:00,3,4979.3094
2025-7-3,6:00,4,6109.0813
2025-7-3,6:00,5,6799.8527
2025-7-3,6:00,6,6888.8182
2025-7-3,6:00,7,7394.7665
2025-7-3,6:00,8,6145.2658
2025-7-3,6:00,9,5550.1988
2025-7-3,6:00,10,4231.8537
2025-7-3,6:00,11,2505.3992
2025-7-3,6:00,12,1271.5855
2025-7-3,6:00,13,0.0
2025-7-3,6:00,14,0.0
2025-7-3,6:00,15,0.0
2025-7-3,6:00,16,0.0
2025-7-3,6:00,17,0.0
2025-7-3,6:00,18,0.0
2025-7-3,6:00,19,0.0
2025-7-3,6:00,20,0.0
2025-7-3,6:00,21,0.0
2025-7-3,6:00,22,0.0
2025-7-3,6:00,23,0.0
2025-7-3,6:00,24,1252.2669
2025-7-3,12:00,1,7690.39
2025-7-3,12:00,2,6598.9258
2025-7-3,12:00,3,5524.0824
2025-7-3,12:00,4,4409.6719
2025-7-3,12:00,5,2725.1435
2025-7-3,12:00,6,1172.3762
2025-7-3,12:00,7,0.0
2025-7-3,12:00,8,0.0
2025-7-3,12:00,9,0.0
2025-7-3,12:00,10,0.0
2025-7-3,12:00,11,0.0
2025-7-3,12:00,12,0.0
2025-7-3,12:00,13,0.0
2025-7-3,12:00,14,0.0
2025-7-3,12:00,15,0.0
2025-7-3,12:00,16,0.0
2025-7-3,12:00,17,0.0
2025-7-3,12:00,18,1316.925
2025-7-3,12:00,19,2819.3645
2025-7-3,12:00,20,4825.8704
2025-7-3,12:00,21,5829.951
2025-7-3,12:00,22,7322.2627
2025-7-3,12:00,23,8958.3
2025-7-3,12:00,24,9488.25
2025-7-3,18:00,1,0.0
2025-7-3,18:00,2,0.0
2025-7-3,18:00,3,0.0
2025-7-3,18:00,4,0.0
2025-7-3,18:00,5,0.0
2025-7-3,18:00,6,0.0
2025-7-3,18:00,7,0.0
2025-7-3,18:00,8,0.0
2025-7-3,18:00,9,0.0
2025-7-3,18:00,10,0.0
2025-7-3,18:00,11,0.0
2025-7-3,18:00,12,1228.7781
2025-7-3,18:00,13,2857.207
2025-7-3,18:00,14,4101.9111
2025-7-3,18:00,15,4454.3301
2025-7-3,18:00,16,5235.0721
2025-7-3,18:00,17,7301.5734
2025-7-3,18:00,18,7591.224
2025-7-3,18:00,19,7129.1804
2025-7-3,18:00,20,6705.1861
2025-7-3,18:00,21,6201.4599
2025-7-3,18:00,22,4540.4896
2025-7-3,18:00,23,2570.026
2025-7-3,18:00,24,1309.7376
2025-7-4,0:00,1,0.0
2025-7-4,0:00,2,0.0
2025-7-4,0:00,3,0.0
2025-7-4,0:00,4,0.0
2025-7-4,0:00,5,0.0
2025-7-4,0:00,6,1228.3186
2025-7-4,0:00,7,2512.8466
2025-7-4,0:00,8,4171.3751
2025-7-4,0:00,9,4947.829
2025-7-4,0:00,10,7300.7602
2025-7-4,0:00,11,8572.1074
2025-7-4,0:00,12,9232.1146
2025-7-4,0:00,13,8849.3625
2025-7-4,0:00,14,8058.8662
2025-7-4,0:00,15,6107.7213
2025-7-4,0:00,16,4762.875
2025-7-4,0:00,17,2935.2375
2025-7-4,0:00,18,1288.5144
2025-7-4,0:00,19,0.0
2025-7-4,0:00,20,0.0
2025-7-4,0:00,21,0.0
2025-7-4,0:00,22,0.0
2025-7-4,0:00,23,0.0
2025-7-4,0:00,24,0.0
2025-7-4,6:00,1,2684.0622
2025-7-4,6:00,2,4159.22
2025-7-4,6:00,3,5225.8236
2025-7-4,6:00,4,6898.1341
2025-7-4,6:00,5,8125.8547
2025-7-4,6:00,6,8152.8075
2025-7-4,6:00,7,7364.0126
2025-7-4,6:00,8,5886.0958
2025-7-4,6:00,9,5149.2605
2025-7-4,6:00,10,3942.7511
2025-7-4,6:00,11,2572.2215
2025-7-4,6:00,12,1357.125
2025-7-4,6:00,13,0.0
2025-7-4,6:00,14,0.0
2025-7-4,6:00,15,0.0
2025-7-4,6:00,16,0.0
2025-7-4,6:00,17,0.0
2025-7-4,6:00,18,0.0
2025-7-4,6:00,19,0.0
2025-7-4,6:00,20,0.0
2025-7-4,6:00,21,0.0
2025-7-4,6:00,22,0.0
2025-7-4,6:00,23,0.0
2025-7-4,6:00,24,1112.2781
2025-7-4,12:00,1,7982.2956
2025-7-4,12:00,2,6555.0754
2025-7-4,12:00,3,5597.9106
2025-7-4,12:00,4,4364.3001
2025-7-4,12:00,5,2935.2375
2025-7-4,12:00,6,1357.125
2025-7-4,12:00,7,0.0
2025-7-4,12:00,8,0.0
2025-7-4,12:00,9,0.0
2025-7-4,12:00,10,0.0
2025-7-4,12:00,11,0.0
2025-7-4,12:00,12,0.0
2025-7-4,12:00,13,0.0
2025-7-4,12:00,14,0.0
2025-7-4,12:00,15,0.0
2025-7-4,12:00,16,0.0
2025-7-4,12:00,17,0.0
2025-7-4,12:00,18,1122.3301
2025-7-4,12:00,19,2305.3518
2025-7-4,12:00,20,4125.4777
2025-7-4,12:00,21,5154.0374
2025-7-4,12:00,22,5085.6007
2025-7-4,12:00,23,5291.4453
2025-7-4,12:00,24,7792.9139
2025-7-4,18:00,1,0.0
2025-7-4,18:00,2,0.0
2025-7-4,18:00,3,0.0
2025-7-4,18:00,4,0.0
2025-7-4,18:00,5,0.0
2025-7-4,18:00,6,0.0
2025-7-4,18:00,7,0.0
2025-7-4,18:00,8,0.0
2025-7-4,18:00,9,0.0
2025-7-4,18:00,10,0.0
2025-7-4,18:00,11,0.0
2025-7-4,18:00,12,975.0532
2025-7-4,18:00,13,2170.182
2025-7-4,18:00,14,4037.3931
2025-7-4,18:00,15,6285.815
2025-7-4,18:00,16,7850.775
2025-7-4,18:00,17,8958.3
2025-7-4,18:00,18,9294.8202
2025-7-4,18:00,19,8849.3625
2025-7-4,18:00,20,7401.4494
2025-7-4,18:00,21,5458.2743
2025-7-4,18:00,22,3935.9441
2025-7-4,18:00,23,2571.3303
2025-7-4,18:00,24,1210.0168
2025-7-5,0:00,1,0.0
2025-7-5,0:00,2,0.0
2025-7-5,0:00,3,0.0
2025-7-5,0:00,4,0.0
2025-7-5,0:00,5,0.0
2025-7-5,0:00,6,1013.7854
2025-7-5,0:00,7,2518.322
2025-7-5,0:00,8,4199.5847
2025-7-5,0:00,9,5461.0489
2025-7-5,0:00,10,7850.775
2025-7-5,0:00,11,8770.8236
2025-7-5,0:00,12,9239.3683
2025-7-5,0:00,13,8849.3625
2025-7-5,0:00,14,8186.9625
2025-7-5,0:00,15,6261.6835
2025-7-5,0:00,16,4555.4045
2025-7-5,0:00,17,2789.1048
2025-7-5,0:00,18,1154.0923
2025-7-5,0:00,19,0.0
2025-7-5,0:00,20,0.0
2025-7-5,0:00,21,0.0
2025-7-5,0:00,22,0.0
2025-7-5,0:00,23,0.0
2025-7-5,0:00,24,0.0
2025-7-5,6:00,1,2560.5823
2025-7-5,6:00,2,4285.3571
2025-7-5,6:00,3,5897.9963
2025-7-5,6:00,4,7712.8216
2025-7-5,6:00,5,7913.2353
2025-7-5,6:00,6,8295.4065
2025-7-5,6:00,7,8554.0412
2025-7-5,6:00,8,7010.7836
2025-7-5,6:00,9,5391.4414
2025-7-5,6:00,10,4452.4492
2025-7-5,6:00,11,2834.4083
2025-7-5,6:00,12,1357.125
2025-7-5,6:00,13,0.0
2025-7-5,6:00,14,0.0
2025-7-5,6:00,15,0.0
2025-7-5,6:00,16,0.0
2025-7-5,6:00,17,0.0
2025-7-5,6:00,18,0.0
2025-7-5,6:00,19,0.0
2025-7-5,6:00,20,0.0
2025-7-5,6:00,21,0.0
2025-7-5,6:00,22,0.0
2025-7-5,6:00,23,0.0
2025-7-5,6:00,24,1082.9679
2025-7-5,12:00,1,8694.4099
2025-7-5,12:00,2,7522.1331
2025-7-5,12:00,3,5714.0562
2025-7-5,12:00,4,4331.9768
2025-7-5,12:00,5,2714.0175
2025-7-5,12:00,6,1326.9874
2025-7-5,12:00,7,0.0
2025-7-5,12:00,8,0.0
2025-7-5,12:00,9,0.0
2025-7-5,12:00,10,0.0
2025-7-5,12:00,11,0.0
2025-7-5,12:00,12,0.0
2025-7-5,12:00,13,0.0
2025-7-5,12:00,14,0.0
2025-7-5,12:00,15,0.0
2025-7-5,12:00,16,0.0
2025-7-5,12:00,17,0.0
2025-7-5,12:00,18,885.1573
2025-7-5,12:00,19,2741.2073
2025-7-5,12:00,20,3841.0344
2025-7-5,12:00,21,4452.4291
2025-7-5,12:00,22,6173.6024
2025-7-5,12:00,23,6521.6272
2025-7-5,12:00,24,3995.4733
2025-7-5,18:00,1,0.0
2025-7-5,18:00,2,0.0
2025-7-5,18:00,3,0.0
2025-7-5,18:00,4,0.0
2025-7-5,18:00,5,0.0
2025-7-5,18:00,6,0.0
2025-7-5,18:00,7,0.0
2025-7-5,18:00,8,0.0
2025-7-5,18:00,9,0.0
2025-7-5,18:00,10,0.0
2025-7-5,18:00,11,0.0
2025-7-5,18:00,12,1185.0773
2025-7-5,18:00,13,2839.7638
2025-7-5,18:00,14,4787.7018
2025-7-5,18:00,15,6094.0244
2025-7-5,18:00,16,7691.5427
2025-7-5,18:00,17,8010.009
2025-7-5,18:00,18,8069.2746
2025-7-5,18:00,19,6291.248
2025-7-5,18:00,20,5536.1774
2025-7-5,18:00,21,4053.0038
2025-7-5,18:00,22,3398.8523
2025-7-5,18:00,23,2175.1537
2025-7-5,18:00,24,1035.3363
2025-7-6,0:00,1,0.0
2025-7-6,0:00,2,0.0
2025-7-6,0:00,3,0.0
2025-7-6,0:00,4,0.0
2025-7-6,0:00,5,0.0
2025-7-6,0:00,6,1100.4697
2025-7-6,0:00,7,2977.6636
2025-7-6,0:00,8,4706.0159
2025-7-6,0:00,9,6408.2564
2025-7-6,0:00,10,7850.775
2025-7-6,0:00,11,8958.3
2025-7-6,0:00,12,9033.0316
2025-7-6,0:00,13,7390.4327
2025-7-6,0:00,14,5952.238
2025-7-6,0:00,15,4979.9088
2025-7-6,0:00,16,3944.3676
2025-7-6,0:00,17,2743.9098
2025-7-6,0:00,18,1357.125
2025-7-6,0:00,19,0.0
2025-7-6,0:00,20,0.0
2025-7-6,0:00,21,0.0
2025-7-6,0:00,22,0.0
2025-7-6,0:00,23,0.0
2025-7-6,0:00,24,0.0
2025-7-6,6:00,1,2793.2161
2025-7-6,6:00,2,4232.3014
2025-7-6,6:00,3,5290.1684
2025-7-6,6:00,4,6199.1593
2025-7-6,6:00,5,7417.6366
2025-7-6,6:00,6,7584.2456
2025-7-6,6:00,7,6936.7314
2025-7-6,6:00,8,6253.3647
2025-7-6,6:00,9,4859.9049
2025-7-6,6:00,10,3679.2005
2025-7-6,6:00,11,2270.5126
2025-7-6,6:00,12,983.5046
2025-7-6,6:00,13,0.0
2025-7-6,6:00,14,0.0
2025-7-6,6:00,15,0.0
2025-7-6,6:00,16,0.0
2025-7-6,6:00,17,0.0
2025-7-6,6:00,18,0.0
2025-7-6,6:00,19,0.0
2025-7-6,6:00,20,0.0
2025-7-6,6:00,21,0.0
2025-7-6,6:00,22,0.0
2025-7-6,6:00,23,0.0
2025-7-6,6:00,24,1235.6705
2025-7-6,12:00,1,6841.4107
2025-7-6,12:00,2,5955.6455
2025-7-6,12:00,3,4947.3788
2025-7-6,12:00,4,3572.7218
2025-7-6,12:00,5,2116.2169
2025-7-6,12:00,6,1116.1889
2025-7-6,12:00,7,0.0
2025-7-6,12:00,8,0.0
2025-7-6,12:00,9,0.0
2025-7-6,12:00,10,0.0
2025-7-6,12:00,11,0.0
2025-7-6,12:00,12,0.0
2025-7-6,12:00,13,0.0
2025-7-6,12:00,14,0.0
2025-7-6,12:00,15,0.0
2025-7-6,12:00,16,0.0
2025-7-6,12:00,17,0.0
2025-7-6,12:00,18,1121.703
2025-7-6,12:00,19,2721.7817
2025-7-6,12:00,20,4995.4125
2025-7-6,12:00,21,6407.4151
2025-7-6,12:00,22,7794.5058
2025-7-6,12:00,23,8456.5119
2025-7-6,12:00,24,8866.6285
2025-7-6,18:00,1,0.0
2025-7-6,18:00,2,0.0
2025-7-6,18:00,3,0.0
2025-7-6,18:00,4,0.0
2025-7-6,18:00,5,0.0
2025-7-6,18:00,6,0.0
2025-7-6,18:00,7,0.0
2025-7-6,18:00,8,0.0
2025-7-6,18:00,9,0.0
2025-7-6,18:00,10,0.0
2025-7-6,18:00,11,0.0
2025-7-6,18:00,12,1316.925
2025-7-6,18:00,13,3054.8625
2025-7-6,18:00,14,4995.4125
2025-7-6,18:00,15,6573.7125
2025-7-6,18:00,16,7850.775
2025-7-6,18:00,17,8451.2778
2025-7-6,18:00,18,9488.25
2025-7-6,18:00,19,8849.3625
2025-7-6,18:00,20,8186.9625
2025-7-6,18:00,21,6652.5324
2025-7-6,18:00,22,5010.6
2025-7-6,18:00,23,2935.2375
2025-7-6,18:00,24,1357.125
2025-7-7,0:00,1,0.0
2025-7-7,0:00,2,0.0
2025-7-7,0:00,3,0.0
2025-7-7,0:00,4,0.0
2025-7-7,0:00,5,0.0
2025-7-7,0:00,6,1281.046
2025-7-7,0:00,7,2924.5437
2025-7-7,0:00,8,4995.4125
2025-7-7,0:00,9,6331.0671
2025-7-7,0:00,10,7323.0118
2025-7-7,0:00,11,7413.8342
2025-7-7,0:00,12,8038.6373
2025-7-7,0:00,13,7780.1116
2025-7-7,0:00,14,6836.6335
2025-7-7,0:00,15,5408.3244
2025-7-7,0:00,16,4377.4768
2025-7-7,0:00,17,2558.8973
2025-7-7,0:00,18,1081.5686
2025-7-7,0:00,19,0.0
2025-7-7,0:00,20,0.0
2025-7-7,0:00,21,0.0
2025-7-7,0:00,22,0.0
2025-7-7,0:00,23,0.0
2025-7-7,0:00,24,0.0
2025-7-7,6:00,1,3054.8625
2025-7-7,6:00,2,4995.4125
2025-7-7,6:00,3,6318.5324
2025-7-7,6:00,4,7462.0286
2025-7-7,6:00,5,7632.768
2025-7-7,6:00,6,8170.1493
2025-7-7,6:00,7,7821.3835
2025-7-7,6:00,8,7643.7955
2025-7-7,6:00,9,6206.1601
2025-7-7,6:00,10,4767.4327
2025-7-7,6:00,11,2935.2375
2025-7-7,6:00,12,1357.125
2025-7-7,6:00,13,0.0
2025-7-7,6:00,14,0.0
2025-7-7,6:00,15,0.0
2025-7-7,6:00,16,0.0
2025-7-7,6:00,17,0.0
2025-7-7,6:00,18,0.0
2025-7-7,6:00,19,0.0
2025-7-7,6:00,20,0.0
2025-7-7,6:00,21,0.0
2025-7-7,6:00,22,0.0
2025-7-7,6:00,23,0.0
2025-7-7,6:00,24,1275.4993
2025-7-7,12:00,1,7647.8053
2025-7-7,12:00,2,7288.4184
2025-7-7,12:00,3,5795.221
2025-7-7,12:00,4,4079.0323
2025-7-7,12:00,5,2408.269
2025-7-7,12:00,6,1157.8134
2025-7-7,12:00,7,0.0
2025-7-7,12:00,8,0.0
2025-7-7,12:00,9,0.0
2025-7-7,12:00,10,0.0
2025-7-7,12:00,11,0.0
2025-7-7,12:00,12,0.0
2025-7-7,12:00,13,0.0
2025-7-7,12:00,14,0.0
2025-7-7,12:00,15,0.0
2025-7-7,12:00,16,0.0
2025-7-7,12:00,17,0.0
2025-7-7,12:00,18,842.9185
2025-7-7,12:00,19,2009.8519
2025-7-7,12:00,20,3094.7576
2025-7-7,12:00,21,4555.3075
2025-7-7,12:00,22,7770.4051
2025-7-7,12:00,23,8958.3
2025-7-7,12:00,24,9488.25
2025-7-7,18:00,1,0.0
2025-7-7,18:00,2,0.0
2025-7-7,18:00,3,0.0
2025-7-7,18:00,4,0.0
2025-7-7,18:00,5,0.0
2025-7-7,18:00,6,0.0
2025-7-7,18:00,7,0.0
2025-7-7,18:00,8,0.0
2025-7-7,18:00,9,0.0
2025-7-7,18:00,10,0.0
2025-7-7,18:00,11,0.0
2025-7-7,18:00,12,889.4464
2025-7-7,18:00,13,2471.6682
2025-7-7,18:00,14,4200.4027
2025-7-7,18:00,15,6573.7125
2025-7-7,18:00,16,7850.775
2025-7-7,18:00,17,8958.3
2025-7-7,18:00,18,8600.8145
2025-7-7,18:00,19,8256.449
2025-7-7,18:00,20,7213.6505
2025-7-7,18:00,21,5331.3346
2025-7-7,18:00,22,4443.9888
2025-7-7,18:00,23,2935.2375
2025-7-7,18:00,24,1324.1135
2025-7-8,0:00,1,0.0
2025-7-8,0:00,2,0.0
2025-7-8,0:00,3,0.0
2025-7-8,0:00,4,0.0
2025-7-8,0:00,5,0.0
2025-7-8,0:00,6,1050.5489
2025-7-8,0:00,7,2605.5632
2025-7-8,0:00,8,3883.889
2025-7-8,0:00,9,5339.4624
2025-7-8,0:00,10,6201.8965
2025-7-8,0:00,11,7883.0292
2025-7-8,0:00,12,8119.0734
2025-7-8,0:00,13,7580.3547
2025-7-8,0:00,14,6856.6043
2025-7-8,0:00,15,5945.7922
2025-7-8,0:00,16,3903.7644
2025-7-8,0:00,17,2602.0364
2025-7-8,0:00,18,1112.4614
2025-7-8,0:00,19,0.0
2025-7-8,0:00,20,0.0
2025-7-8,0:00,21,0.0
2025-7-8,0:00,22,0.0
2025-7-8,0:00,23,0.0
2025-7-8,0:00,24,0.0
2025-7-8,6:00,1,2412.6314
2025-7-8,6:00,2,3960.6414
2025-7-8,6:00,3,5650.8287
2025-7-8,6:00,4,6960.2246
2025-7-8,6:00,5,7892.209
2025-7-8,6:00,6,9008.1538
2025-7-8,6:00,7,8849.3625
2025-7-8,6:00,8,7954.4115
2025-7-8,6:00,9,5698.359
2025-7-8,6:00,10,3962.3482
2025-7-8,6:00,11,2777.8701
2025-7-8,6:00,12,897.2532
2025-7-8,6:00,13,0.0
2025-7-8,6:00,14,0.0
2025-7-8,6:00,15,0.0
2025-7-8,6:00,16,0.0
2025-7-8,6:00,17,0.0
2025-7-8,6:00,18,0.0
2025-7-8,6:00,19,0.0
2025-7-8,6:00,20,0.0
2025-7-8,6:00,21,0.0
2025-7-8,6:00,22,0.0
2025-7-8,6:00,23,0.0
2025-7-8,6:00,24,485.8569
2025-7-8,12:00,1,8568.3125
2025-7-8,12:00,2,7447.2228
2025-7-8,12:00,3,5478.766
2025-7-8,12:00,4,3476.8138
2025-7-8,12:00,5,2432.8408
2025-7-8,12:00,6,950.5802
2025-7-8,12:00,7,0.0
2025-7-8,12:00,8,0.0
2025-7-8,12:00,9,0.0
2025-7-8,12:00,10,0.0
2025-7-8,12:00,11,0.0
2025-7-8,12:00,12,0.0
2025-7-8,12:00,13,0.0
2025-7-8,12:00,14,0.0
2025-7-8,12:00,15,0.0
2025-7-8,12:00,16,0.0
2025-7-8,12:00,17,0.0
2025-7-8,12:00,18,1205.1015
2025-7-8,12:00,19,2672.1683
2025-7-8,12:00,20,3634.4975
2025-7-8,12:00,21,5141.2508
2025-7-8,12:00,22,6575.1322
2025-7-8,12:00,23,5395.5132
2025-7-8,12:00,24,5233.9953
2025-7-8,18:00,1,0.0
2025-7-8,18:00,2,0.0
2025-7-8,18:00,3,0.0
2025-7-8,18:00,4,0.0
2025-7-8,18:00,5,0.0
2025-7-8,18:00,6,0.0
2025-7-8,18:00,7,0.0
2025-7-8,18:00,8,0.0
2025-7-8,18:00,9,0.0
2025-7-8,18:00,10,0.0
2025-7-8,18:00,11,0.0
2025-7-8,18:00,12,1070.2
2025-7-8,18:00,13,2360.5998
2025-7-8,18:00,14,4102.3024
2025-7-8,18:00,15,6296.1803
2025-7-8,18:00,16,7850.775
2025-7-8,18:00,17,8945.3115
2025-7-8,18:00,18,8831.1472
2025-7-8,18:00,19,7807.8386
2025-7-8,18:00,20,6240.2282
2025-7-8,18:00,21,5418.7509
2025-7-8,18:00,22,4110.2571
2025-7-8,18:00,23,2190.539
2025-7-8,18:00,24,945.7952
2025-7-9,0:00,1,0.0
2025-7-9,0:00,2,0.0
2025-7-9,0:00,3,0.0
2025-7-9,0:00,4,0.0
2025-7-9,0:00,5,0.0
2025-7-9,0:00,6,1130.0107
2025-7-9,0:00,7,2315.2168
2025-7-9,0:00,8,3867.6546
2025-7-9,0:00,9,5645.1143
2025-7-9,0:00,10,7389.9539
2025-7-9,0:00,11,7102.8659
2025-7-9,0:00,12,7609.6147
2025-7-9,0:00,13,7508.7542
2025-7-9,0:00,14,6570.2264
2025-7-9,0:00,15,4862.495
2025-7-9,0:00,16,4566.3118
2025-7-9,0:00,17,2825.0531
2025-7-9,0:00,18,1326.584
2025-7-9,0:00,19,0.0
2025-7-9,0:00,20,0.0
2025-7-9,0:00,21,0.0
2025-7-9,0:00,22,0.0
2025-7-9,0:00,23,0.0
2025-7-9,0:00,24,0.0
2025-7-9,6:00,1,2516.8917
2025-7-9,6:00,2,4039.3677
2025-7-9,6:00,3,5881.546
2025-7-9,6:00,4,7482.2112
2025-7-9,6:00,5,7227.5529
2025-7-9,6:00,6,7514.4124
2025-7-9,6:00,7,7210.8025
2025-7-9,6:00,8,6569.4234
2025-7-9,6:00,9,5941.1327
2025-7-9,6:00,10,4850.4692
2025-7-9,6:00,11,2871.8757
2025-7-9,6:00,12,1332.3417
2025-7-9,6:00,13,0.0
2025-7-9,6:00,14,0.0
2025-7-9,6:00,15,0.0
2025-7-9,6:00,16,0.0
2025-7-9,6:00,17,0.0
2025-7-9,6:00,18,0.0
2025-7-9,6:00,19,0.0
2025-7-9,6:00,20,0.0
2025-7-9,6:00,21,0.0
2025-7-9,6:00,22,0.0
2025-7-9,6:00,23,0.0
2025-7-9,6:00,24,1283.4964
2025-7-9,12:00,1,7815.9503
2025-7-9,12:00,2,7062.5637
2025-7-9,12:00,3,6112.7619
2025-7-9,12:00,4,4674.1506
2025-7-9,12:00,5,2620.0207
2025-7-9,12:00,6,1080.1541
2025-7-9,12:00,7,0.0
2025-7-9,12:00,8,0.0
2025-7-9,12:00,9,0.0
2025-7-9,12:00,10,0.0
2025-7-9,12:00,11,0.0
2025-7-9,12:00,12,0.0
2025-7-9,12:00,13,0.0
2025-7-9,12:00,14,0.0
2025-7-9,12:00,15,0.0
2025-7-9,12:00,16,0.0
2025-7-9,12:00,17,0.0
2025-7-9,12:00,18,1161.1411
2025-7-9,12:00,19,2803.9221
2025-7-9,12:00,20,2859.4348
2025-7-9,12:00,21,3463.5779
2025-7-9,12:00,22,5402.0436
2025-7-9,12:00,23,6735.7883
2025-7-9,12:00,24,4822.651
2025-7-9,18:00,1,0.0
2025-7-9,18:00,2,0.0
2025-7-9,18:00,3,0.0
2025-7-9,18:00,4,0.0
2025-7-9,18:00,5,0.0
2025-7-9,18:00,6,0.0
2025-7-9,18:00,7,0.0
2025-7-9,18:00,8,0.0
2025-7-9,18:00,9,0.0
2025-7-9,18:00,10,0.0
2025-7-9,18:00,11,0.0
2025-7-9,18:00,12,1210.5694
2025-7-9,18:00,13,3054.8625
2025-7-9,18:00,14,4764.0685
2025-7-9,18:00,15,4678.7453
2025-7-9,18:00,16,6457.8984
2025-7-9,18:00,17,8778.7666
2025-7-9,18:00,18,7496.9509
2025-7-9,18:00,19,6744.3481
2025-7-9,18:00,20,6980.0683
2025-7-9,18:00,21,5668.99
2025-7-9,18:00,22,3845.0192
2025-7-9,18:00,23,2699.9791
2025-7-9,18:00,24,1338.5903
2025-7-10,0:00,1,0.0
2025-7-10,0:00,2,0.0
2025-7-10,0:00,3,0.0
2025-7-10,0:00,4,0.0
2025-7-10,0:00,5,0.0
2025-7-10,0:00,6,1236.3279
2025-7-10,0:00,7,3054.8625
2025-7-10,0:00,8,4561.6493
2025-7-10,0:00,9,5832.6926
2025-7-10,0:00,10,7850.775
2025-7-10,0:00,11,8958.3
2025-7-10,0:00,12,8880.2905
2025-7-10,0:00,13,8212.4724
2025-7-10,0:00,14,7292.3929
2025-7-10,0:00,15,5547.9485
2025-7-10,0:00,16,4255.6451
2025-7-10,0:00,17,2643.961
2025-7-10,0:00,18,1304.4878
2025-7-10,0:00,19,0.0
2025-7-10,0:00,20,0.0
2025-7-10,0:00,21,0.0
2025-7-10,0:00,22,0.0
2025-7-10,0:00,23,0.0
2025-7-10,0:00,24,0.0
2025-7-10,6:00,1,2976.2805
2025-7-10,6:00,2,4065.5113
2025-7-10,6:00,3,5262.9016
2025-7-10,6:00,4,7185.8702
2025-7-10,6:00,5,8958.3
2025-7-10,6:00,6,9488.25
2025-7-10,6:00,7,8849.3625
2025-7-10,6:00,8,7311.3705
2025-7-10,6:00,9,5698.8341
2025-7-10,6:00,10,4035.5334
2025-7-10,6:00,11,2266.3906
2025-7-10,6:00,12,920.8061
2025-7-10,6:00,13,0.0
2025-7-10,6:00,14,0.0
2025-7-10,6:00,15,0.0
2025-7-10,6:00,16,0.0
2025-7-10,6:00,17,0.0
2025-7-10,6:00,18,0.0
2025-7-10,6:00,19,0.0
2025-7-10,6:00,20,0.0
2025-7-10,6:00,21,0.0
2025-7-10,6:00,22,0.0
2025-7-10,6:00,23,0.0
2025-7-10,6:00,24,649.8215
2025-7-10,12:00,1,8337.52
2025-7-10,12:00,2,7260.7543
2025-7-10,12:00,3,5915.3695
2025-7-10,12:00,4,4223.0734
2025-7-10,12:00,5,2631.5594
2025-7-10,12:00,6,1197.1093
2025-7-10,12:00,7,0.0
2025-7-10,12:00,8,0.0
2025-7-10,12:00,9,0.0
2025-7-10,12:00,10,0.0
2025-7-10,12:00,11,0.0
2025-7-10,12:00,12,0.0
2025-7-10,12:00,13,0.0
2025-7-10,12:00,14,0.0
2025-7-10,12:00,15,0.0
2025-7-10,12:00,16,0.0
2025-7-10,12:00,17,0.0
2025-7-10,12:00,18,1024.8125
2025-7-10,12:00,19,2339.2345
2025-7-10,12:00,20,4401.286
2025-7-10,12:00,21,4789.2074
2025-7-10,12:00,22,4802.3741
2025-7-10,12:00,23,5207.3365
2025-7-10,12:00,24,4282.2851
2025-7-10,18:00,1,0.0
2025-7-10,18:00,2,0.0
2025-7-10,18:00,3,0.0
2025-7-10,18:00,4,0.0
2025-7-10,18:00,5,0.0
2025-7-10,18:00,6,0.0
2025-7-10,18:00,7,0.0
2025-7-10,18:00,8,0.0
2025-7-10,18:00,9,0.0
2025-7-10,18:00,10,0.0
2025-7-10,18:00,11,0.0
2025-7-10,18:00,12,953.704
2025-7-10,18:00,13,2278.2939
2025-7-10,18:00,14,4154.7204
2025-7-10,18:00,15,5252.4054
2025-7-10,18:00,16,7032.6998
2025-7-10,18:00,17,7672.1215
2025-7-10,18:00,18,6604.6012
2025-7-10,18:00,19,6008.6077
2025-7-10,18:00,20,6520.3181
2025-7-10,18:00,21,4221.7188
2025-7-10,18:00,22,3359.1932
2025-7-10,18:00,23,2226.4568
2025-7-10,18:00,24,918.3507
2025-7-11,0:00,1,0.0
2025-7-11,0:00,2,0.0
2025-7-11,0:00,3,0.0
2025-7-11,0:00,4,0.0
2025-7-11,0:00,5,0.0
2025-7-11,0:00,6,1004.9647
2025-7-11,0:00,7,2323.9862
2025-7-11,0:00,8,3870.7592
2025-7-11,0:00,9,5045.9727
2025-7-11,0:00,10,6498.2126
2025-7-11,0:00,11,7216.2212
2025-7-11,0:00,12,7175.2006
2025-7-11,0:00,13,7139.3127
2025-7-11,0:00,14,7652.2968
2025-7-11,0:00,15,6189.4391
2025-7-11,0:00,16,3742.3551
2025-7-11,0:00,17,2447.284
2025-7-11,0:00,18,954.1453
2025-7-11,0:00,19,0.0
2025-7-11,0:00,20,0.0
2025-7-11,0:00,21,0.0
2025-7-11,0:00,22,0.0
2025-7-11,0:00,23,0.0
2025-7-11,0:00,24,0.0
2025-7-11,6:00,1,2398.0611
2025-7-11,6:00,2,4289.2193
2025-7-11,6:00,3,5096.5969
2025-7-11,6:00,4,6567.3325
2025-7-11,6:00,5,7464.188
2025-7-11,6:00,6,7076.6996
2025-7-11,6:00,7,6686.054
2025-7-11,6:00,8,7280.5199
2025-7-11,6:00,9,6099.4013
2025-7-11,6:00,10,4120.6877
2025-7-11,6:00,11,2687.019
2025-7-11,6:00,12,1019.6495
2025-7-11,6:00,13,0.0
2025-7-11,6:00,14,0.0
2025-7-11,6:00,15,0.0
2025-7-11,6:00,16,0.0
2025-7-11,6:00,17,0.0
2025-7-11,6:00,18,0.0
2025-7-11,6:00,19,0.0
2025-7-11,6:00,20,0.0
2025-7-11,6:00,21,0.0
2025-7-11,6:00,22,0.0
2025-7-11,6:00,23,0.0
2025-7-11,6:00,24,1316.925
2025-7-11,12:00,1,6883.8714
2025-7-11,12:00,2,7381.7992
2025-7-11,12:00,3,6212.2828
2025-7-11,12:00,4,4545.8917
2025-7-11,12:00,5,2856.0327
2025-7-11,12:00,6,1177.2531
2025-7-11,12:00,7,0.0
2025-7-11,12:00,8,0.0
2025-7-11,12:00,9,0.0
2025-7-11,12:00,10,0.0
2025-7-11,12:00,11,0.0
2025-7-11,12:00,12,0.0
2025-7-11,12:00,13,0.0
2025-7-11,12:00,14,0.0
2025-7-11,12:00,15,0.0
2025-7-11,12:00,16,0.0
2025-7-11,12:00,17,0.0
2025-7-11,12:00,18,931.202
2025-7-11,12:00,19,1987.4357
2025-7-11,12:00,20,2684.9213
2025-7-11,12:00,21,3527.868
2025-7-11,12:00,22,5644.616
2025-7-11,12:00,23,6204.057
2025-7-11,12:00,24,6736.0759
2025-7-11,18:00,1,0.0
2025-7-11,18:00,2,0.0
2025-7-11,18:00,3,0.0
2025-7-11,18:00,4,0.0
2025-7-11,18:00,5,0.0
2025-7-11,18:00,6,0.0
2025-7-11,18:00,7,0.0
2025-7-11,18:00,8,0.0
2025-7-11,18:00,9,0.0
2025-7-11,18:00,10,0.0
2025-7-11,18:00,11,0.0
2025-7-11,18:00,12,1144.2186
2025-7-11,18:00,13,2678.8518
2025-7-11,18:00,14,4124.4049
2025-7-11,18:00,15,5956.6686
2025-7-11,18:00,16,7676.8952
2025-7-11,18:00,17,8054.4586
2025-7-11,18:00,18,7523.9039
2025-7-11,18:00,19,7194.7216
2025-7-11,18:00,20,4819.3842
2025-7-11,18:00,21,3481.0459
2025-7-11,18:00,22,2968.4696
2025-7-11,18:00,23,1936.3149
2025-7-11,18:00,24,862.4051
2025-7-12,0:00,1,0.0
2025-7-12,0:00,2,0.0
2025-7-12,0:00,3,0.0
2025-7-12,0:00,4,0.0
2025-7-12,0:00,5,0.0
2025-7-12,0:00,6,1112.8943
2025-7-12,0:00,7,2565.4466
2025-7-12,0:00,8,4499.1418
2025-7-12,0:00,9,5856.1369
2025-7-12,0:00,10,7639.2906
2025-7-12,0:00,11,8471.7676
2025-7-12,0:00,12,9488.25
2025-7-12,0:00,13,8849.3625
2025-7-12,0:00,14,8045.771
2025-7-12,0:00,15,6335.8807
2025-7-12,0:00,16,4380.9003
2025-7-12,0:00,17,2845.1174
2025-7-12,0:00,18,1142.5467
2025-7-12,0:00,19,0.0
2025-7-12,0:00,20,0.0
2025-7-12,0:00,21,0.0
2025-7-12,0:00,22,0.0
2025-7-12,0:00,23,0.0
2025-7-12,0:00,24,0.0
2025-7-12,6:00,1,2595.3892
2025-7-12,6:00,2,4211.6843
2025-7-12,6:00,3,5367.2665
2025-7-12,6:00,4,6613.8292
2025-7-12,6:00,5,6884.124
2025-7-12,6:00,6,7818.1156
2025-7-12,6:00,7,8369.444
2025-7-12,6:00,8,7091.817
2025-7-12,6:00,9,5442.216
2025-7-12,6:00,10,4111.6919
2025-7-12,6:00,11,2363.9909
2025-7-12,6:00,12,1077.7098
2025-7-12,6:00,13,0.0
2025-7-12,6:00,14,0.0
2025-7-12,6:00,15,0.0
2025-7-12,6:00,16,0.0
2025-7-12,6:00,17,0.0
2025-7-12,6:00,18,0.0
2025-7-12,6:00,19,0.0
2025-7-12,6:00,20,0.0
2025-7-12,6:00,21,0.0
2025-7-12,6:00,22,0.0
2025-7-12,6:00,23,0.0
2025-7-12,6:00,24,1306.1875
2025-7-12,12:00,1,8168.5508
2025-7-12,12:00,2,6662.1537
2025-7-12,12:00,3,5253.363
2025-7-12,12:00,4,3768.9747
2025-7-12,12:00,5,2419.0533
2025-7-12,12:00,6,1113.0487
2025-7-12,12:00,7,0.0
2025-7-12,12:00,8,0.0
2025-7-12,12:00,9,0.0
2025-7-12,12:00,10,0.0
2025-7-12,12:00,11,0.0
2025-7-12,12:00,12,0.0
2025-7-12,12:00,13,0.0
2025-7-12,12:00,14,0.0
2025-7-12,12:00,15,0.0
2025-7-12,12:00,16,0.0
2025-7-12,12:00,17,0.0
2025-7-12,12:00,18,1316.925
2025-7-12,12:00,19,2811.7567
2025-7-12,12:00,20,4074.5373
2025-7-12,12:00,21,5323.5346
2025-7-12,12:00,22,6407.7763
2025-7-12,12:00,23,7339.9209
2025-7-12,12:00,24,8169.0825
2025-7-12,18:00,1,0.0
2025-7-12,18:00,2,0.0
2025-7-12,18:00,3,0.0
2025-7-12,18:00,4,0.0
2025-7-12,18:00,5,0.0
2025-7-12,18:00,6,0.0
2025-7-12,18:00,7,0.0
2025-7-12,18:00,8,0.0
2025-7-12,18:00,9,0.0
2025-7-12,18:00,10,0.0
2025-7-12,18:00,11,0.0
2025-7-12,18:00,12,942.6364
2025-7-12,18:00,13,1905.6572
2025-7-12,18:00,14,3610.1619
2025-7-12,18:00,15,5069.5901
2025-7-12,18:00,16,6793.2961
2025-7-12,18:00,17,7955.6709
2025-7-12,18:00,18,9488.25
2025-7-12,18:00,19,8849.3625
2025-7-12,18:00,20,8186.9625
2025-7-12,18:00,21,6793.5375
2025-7-12,18:00,22,5010.6
2025-7-12,18:00,23,2935.2375
2025-7-12,18:00,24,1357.125
2025-7-13,0:00,1,0.0
2025-7-13,0:00,2,0.0
2025-7-13,0:00,3,0.0
2025-7-13,0:00,4,0.0
2025-7-13,0:00,5,0.0
2025-7-13,0:00,6,1153.8584
2025-7-13,0:00,7,2239.1595
2025-7-13,0:00,8,3870.2208
2025-7-13,0:00,9,5613.1842
2025-7-13,0:00,10,7512.4991
2025-7-13,0:00,11,8284.7239
2025-7-13,0:00,12,9488.25
2025-7-13,0:00,13,8758.1311
2025-7-13,0:00,14,7037.905
2025-7-13,0:00,15,4677.588
2025-7-13,0:00,16,3184.8933
2025-7-13,0:00,17,1698.35
2025-7-13,0:00,18,794.4667
2025-7-13,0:00,19,0.0
2025-7-13,0:00,20,0.0
2025-7-13,0:00,21,0.0
2025-7-13,0:00,22,0.0
2025-7-13,0:00,23,0.0
2025-7-13,0:00,24,0.0
2025-7-13,6:00,1,2548.6157
2025-7-13,6:00,2,4250.973
2025-7-13,6:00,3,5797.5291
2025-7-13,6:00,4,7390.1035
2025-7-13,6:00,5,8058.8698
2025-7-13,6:00,6,9399.0572
2025-7-13,6:00,7,8849.3625
2025-7-13,6:00,8,8186.9625
2025-7-13,6:00,9,5994.5976
2025-7-13,6:00,10,4266.9954
2025-7-13,6:00,11,2781.6377
2025-7-13,6:00,12,1042.1837
2025-7-13,6:00,13,0.0
2025-7-13,6:00,14,0.0
2025-7-13,6:00,15,0.0
2025-7-13,6:00,16,0.0
2025-7-13,6:00,17,0.0
2025-7-13,6:00,18,0.0
2025-7-13,6:00,19,0.0
2025-7-13,6:00,20,0.0
2025-7-13,6:00,21,0.0
2025-7-13,6:00,22,0.0
2025-7-13,6:00,23,0.0
2025-7-13,6:00,24,971.2634
2025-7-13,12:00,1,8835.4245
2025-7-13,12:00,2,8186.9625
2025-7-13,12:00,3,6141.008
2025-7-13,12:00,4,4706.3286
2025-7-13,12:00,5,2935.2375
2025-7-13,12:00,6,1235.211
2025-7-13,12:00,7,0.0
2025-7-13,12:00,8,0.0
2025-7-13,12:00,9,0.0
2025-7-13,12:00,10,0.0
2025-7-13,12:00,11,0.0
2025-7-13,12:00,12,0.0
2025-7-13,12:00,13,0.0
2025-7-13,12:00,14,0.0
2025-7-13,12:00,15,0.0
2025-7-13,12:00,16,0.0
2025-7-13,12:00,17,0.0
2025-7-13,12:00,18,1116.8668
2025-7-13,12:00,19,2859.58
2025-7-13,12:00,20,4876.237
2025-7-13,12:00,21,5336.0616
2025-7-13,12:00,22,5327.4417
2025-7-13,12:00,23,5211.7198
2025-7-13,12:00,24,5320.9207
2025-7-13,18:00,1,0.0
2025-7-13,18:00,2,0.0
2025-7-13,18:00,3,0.0
2025-7-13,18:00,4,0.0
2025-7-13,18:00,5,0.0
2025-7-13,18:00,6,0.0
2025-7-13,18:00,7,0.0
2025-7-13,18:00,8,0.0
2025-7-13,18:00,9,0.0
2025-7-13,18:00,10,0.0
2025-7-13,18:00,11,0.0
2025-7-13,18:00,12,1040.2417
2025-7-13,18:00,13,2449.9998
2025-7-13,18:00,14,3254.0395
2025-7-13,18:00,15,4992.5539
2025-7-13,18:00,16,6048.8416
2025-7-13,18:00,17,6153.2468
2025-7-13,18:00,18,5799.0857
2025-7-13,18:00,19,6901.6369
2025-7-13,18:00,20,6006.0908
2025-7-13,18:00,21,6511.9289
2025-7-13,18:00,22,5010.6
2025-7-13,18:00,23,2935.2375
2025-7-13,18:00,24,1357.125
2025-7-14,0:00,1,0.0
2025-7-14,0:00,2,0.0
2025-7-14,0:00,3,0.0
2025-7-14,0:00,4,0.0
2025-7-14,0:00,5,0.0
2025-7-14,0:00,6,1239.4894
2025-7-14,0:00,7,2926.738
2025-7-14,0:00,8,4429.5467
2025-7-14,0:00,9,5989.4046
2025-7-14,0:00,10,6849.6108
2025-7-14,0:00,11,7297.6945
2025-7-14,0:00,12,8045.8549
2025-7-14,0:00,13,7529.5113
2025-7-14,0:00,14,7705.6551
2025-7-14,0:00,15,6793.5375
2025-7-14,0:00,16,5010.6
2025-7-14,0:00,17,2935.2375
2025-7-14,0:00,18,1231.2798
2025-7-14,0:00,19,0.0
2025-7-14,0:00,20,0.0
2025-7-14,0:00,21,0.0
2025-7-14,0:00,22,0.0
2025-7-14,0:00,23,0.0
2025-7-14,0:00,24,0.0
2025-7-14,6:00,1,2893.8832
2025-7-14,6:00,2,4440.3406
2025-7-14,6:00,3,6219.3339
2025-7-14,6:00,4,7413.2931
2025-7-14,6:00,5,8148.917
2025-7-14,6:00,6,8802.5464
2025-7-14,6:00,7,8440.4415
2025-7-14,6:00,8,6869.9321
2025-7-14,6:00,9,6453.1736
2025-7-14,6:00,10,4718.641
2025-7-14,6:00,11,2935.2375
2025-7-14,6:00,12,1268.6255
2025-7-14,6:00,13,0.0
2025-7-14,6:00,14,0.0
2025-7-14,6:00,15,0.0
2025-7-14,6:00,16,0.0
2025-7-14,6:00,17,0.0
2025-7-14,6:00,18,0.0
2025-7-14,6:00,19,0.0
2025-7-14,6:00,20,0.0
2025-7-14,6:00,21,0.0
2025-7-14,6:00,22,0.0
2025-7-14,6:00,23,0.0
2025-7-14,6:00,24,905.1175
2025-7-14,12:00,1,8236.0794
2025-7-14,12:00,2,7012.9513
2025-7-14,12:00,3,6624.1473
2025-7-14,12:00,4,4400.446
2025-7-14,12:00,5,2808.854
2025-7-14,12:00,6,1031.4073
2025-7-14,12:00,7,0.0
2025-7-14,12:00,8,0.0
2025-7-14,12:00,9,0.0
2025-7-14,12:00,10,0.0
2025-7-14,12:00,11,0.0
2025-7-14,12:00,12,0.0
2025-7-14,12:00,13,0.0
2025-7-14,12:00,14,0.0
2025-7-14,12:00,15,0.0
2025-7-14,12:00,16,0.0
2025-7-14,12:00,17,0.0
2025-7-14,12:00,18,1157.3434
2025-7-14,12:00,19,2711.4609
2025-7-14,12:00,20,4995.4125
2025-7-14,12:00,21,6573.7125
2025-7-14,12:00,22,7850.775
2025-7-14,12:00,23,8867.6136
2025-7-14,12:00,24,8228.6637
2025-7-14,18:00,1,0.0
2025-7-14,18:00,2,0.0
2025-7-14,18:00,3,0.0
2025-7-14,18:00,4,0.0
2025-7-14,18:00,5,0.0
2025-7-14,18:00,6,0.0
2025-7-14,18:00,7,0.0
2025-7-14,18:00,8,0.0
2025-7-14,18:00,9,0.0
2025-7-14,18:00,10,0.0
2025-7-14,18:00,11,0.0
2025-7-14,18:00,12,1019.6162
2025-7-14,18:00,13,2458.5438
2025-7-14,18:00,14,4872.9139
2025-7-14,18:00,15,5811.3935
2025-7-14,18:00,16,6769.5807
2025-7-14,18:00,17,6606.361
2025-7-14,18:00,18,5650.282
2025-7-14,18:00,19,5723.6903
2025-7-14,18:00,20,6397.1267
2025-7-14,18:00,21,6363.5489
2025-7-14,18:00,22,4671.2359
2025-7-14,18:00,23,2935.2375
2025-7-14,18:00,24,1226.9023
2025-7-15,0:00,1,0.0
2025-7-15,0:00,2,0.0
2025-7-15,0:00,3,0.0
2025-7-15,0:00,4,0.0
2025-7-15,0:00,5,0.0
2025-7-15,0:00,6,1101.4277
2025-7-15,0:00,7,2655.3923
2025-7-15,0:00,8,4636.2056
2025-7-15,0:00,9,6232.8837
2025-7-15,0:00,10,7449.8454
2025-7-15,0:00,11,7433.7488
2025-7-15,0:00,12,6956.3153
2025-7-15,0:00,13,7106.5886
2025-7-15,0:00,14,7220.0015
2025-7-15,0:00,15,5877.4667
2025-7-15,0:00,16,4253.7391
2025-7-15,0:00,17,2670.3903
2025-7-15,0:00,18,1232.2961
2025-7-15,0:00,19,0.0
2025-7-15,0:00,20,0.0
2025-7-15,0:00,21,0.0
2025-7-15,0:00,22,0.0
2025-7-15,0:00,23,0.0
2025-7-15,0:00,24,0.0
2025-7-15,6:00,1,2665.8442
2025-7-15,6:00,2,4777.1805
2025-7-15,6:00,3,6534.5762
2025-7-15,6:00,4,7850.775
2025-7-15,6:00,5,8606.4503
2025-7-15,6:00,6,7610.8448
2025-7-15,6:00,7,7900.0237
2025-7-15,6:00,8,7828.9161
2025-7-15,6:00,9,6527.3038
2025-7-15,6:00,10,4360.3874
2025-7-15,6:00,11,2620.6754
2025-7-15,6:00,12,1076.9994
2025-7-15,6:00,13,0.0
2025-7-15,6:00,14,0.0
2025-7-15,6:00,15,0.0
2025-7-15,6:00,16,0.0
2025-7-15,6:00,17,0.0
2025-7-15,6:00,18,0.0
2025-7-15,6:00,19,0.0
2025-7-15,6:00,20,0.0
2025-7-15,6:00,21,0.0
2025-7-15,6:00,22,0.0
2025-7-15,6:00,23,0.0
2025-7-15,6:00,24,1055.5742
2025-7-15,12:00,1,7431.5193
2025-7-15,12:00,2,7238.3497
2025-7-15,12:00,3,6559.6678
2025-7-15,12:00,4,4851.8781
2025-7-15,12:00,5,2860.0416
2025-7-15,12:00,6,1147.8412
2025-7-15,12:00,7,0.0
2025-7-15,12:00,8,0.0
2025-7-15,12:00,9,0.0
2025-7-15,12:00,10,0.0
2025-7-15,12:00,11,0.0
2025-7-15,12:00,12,0.0
2025-7-15,12:00,13,0.0
2025-7-15,12:00,14,0.0
2025-7-15,12:00,15,0.0
2025-7-15,12:00,16,0.0
2025-7-15,12:00,17,0.0
2025-7-15,12:00,18,1286.8118
2025-7-15,12:00,19,3054.8625
2025-7-15,12:00,20,4714.3447
2025-7-15,12:00,21,5986.067
2025-7-15,12:00,22,7519.4417
2025-7-15,12:00,23,7712.0801
2025-7-15,12:00,24,7718.5235
2025-7-15,18:00,1,0.0
2025-7-15,18:00,2,0.0
2025-7-15,18:00,3,0.0
2025-7-15,18:00,4,0.0
2025-7-15,18:00,5,0.0
2025-7-15,18:00,6,0.0
2025-7-15,18:00,7,0.0
2025-7-15,18:00,8,0.0
2025-7-15,18:00,9,0.0
2025-7-15,18:00,10,0.0
2025-7-15,18:00,11,0.0
2025-7-15,18:00,12,1007.3793
2025-7-15,18:00,13,2847.77
2025-7-15,18:00,14,4446.5463
2025-7-15,18:00,15,6194.736
2025-7-15,18:00,16,7850.775
2025-7-15,18:00,17,8842.4717
2025-7-15,18:00,18,8328.2616
2025-7-15,18:00,19,7889.28
2025-7-15,18:00,20,8186.9625
2025-7-15,18:00,21,6793.5375
2025-7-15,18:00,22,5010.6
2025-7-15,18:00,23,2935.2375
2025-7-15,18:00,24,1357.125
2025-7-16,0:00,1,0.0
2025-7-16,0:00,2,0.0
2025-7-16,0:00,3,0.0
2025-7-16,0:00,4,0.0
2025-7-16,0:00,5,0.0
2025-7-16,0:00,6,975.7024
2025-7-16,0:00,7,2547.0172
2025-7-16,0:00,8,3940.1127
2025-7-16,0:00,9,5739.8693
2025-7-16,0:00,10,7353.0338
2025-7-16,0:00,11,8549.3741
2025-7-16,0:00,12,9049.6966
2025-7-16,0:00,13,8849.3625
2025-7-16,0:00,14,8186.9625
2025-7-16,0:00,15,5943.7333
2025-7-16,0:00,16,3887.1426
2025-7-16,0:00,17,2187.4133
2025-7-16,0:00,18,736.4884
2025-7-16,0:00,19,0.0
2025-7-16,0:00,20,0.0
2025-7-16,0:00,21,0.0
2025-7-16,0:00,22,0.0
2025-7-16,0:00,23,0.0
2025-7-16,0:00,24,0.0
2025-7-16,6:00,1,2765.0834
2025-7-16,6:00,2,4465.455
2025-7-16,6:00,3,6468.4827
2025-7-16,6:00,4,7850.775
2025-7-16,6:00,5,8529.7761
2025-7-16,6:00,6,8791.7927
2025-7-16,6:00,7,8334.3911
2025-7-16,6:00,8,8040.8789
2025-7-16,6:00,9,6185.4281
2025-7-16,6:00,10,4450.4943
2025-7-16,6:00,11,2809.7304
2025-7-16,6:00,12,1079.1919
2025-7-16,6:00,13,0.0
2025-7-16,6:00,14,0.0
2025-7-16,6:00,15,0.0
2025-7-16,6:00,16,0.0
2025-7-16,6:00,17,0.0
2025-7-16,6:00,18,0.0
2025-7-16,6:00,19,0.0
2025-7-16,6:00,20,0.0
2025-7-16,6:00,21,0.0
2025-7-16,6:00,22,0.0
2025-7-16,6:00,23,0.0
2025-7-16,6:00,24,1316.925
2025-7-16,12:00,1,7525.3836
2025-7-16,12:00,2,7487.1686
2025-7-16,12:00,3,5656.9292
2025-7-16,12:00,4,4168.1501
2025-7-16,12:00,5,2741.6775
2025-7-16,12:00,6,1123.205
2025-7-16,12:00,7,0.0
2025-7-16,12:00,8,0.0
2025-7-16,12:00,9,0.0
2025-7-16,12:00,10,0.0
2025-7-16,12:00,11,0.0
2025-7-16,12:00,12,0.0
2025-7-16,12:00,13,0.0
2025-7-16,12:00,14,0.0
2025-7-16,12:00,15,0.0
2025-7-16,12:00,16,0.0
2025-7-16,12:00,17,0.0
2025-7-16,12:00,18,1156.2381
2025-7-16,12:00,19,2703.9775
2025-7-16,12:00,20,4062.8569
2025-7-16,12:00,21,5181.2429
2025-7-16,12:00,22,6290.7133
2025-7-16,12:00,23,7478.3443
2025-7-16,12:00,24,5893.8891
2025-7-16,18:00,1,0.0
2025-7-16,18:00,2,0.0
2025-7-16,18:00,3,0.0
2025-7-16,18:00,4,0.0
2025-7-16,18:00,5,0.0
2025-7-16,18:00,6,0.0
2025-7-16,18:00,7,0.0
2025-7-16,18:00,8,0.0
2025-7-16,18:00,9,0.0
2025-7-16,18:00,10,0.0
2025-7-16,18:00,11,0.0
2025-7-16,18:00,12,1153.3664
2025-7-16,18:00,13,2174.8112
2025-7-16,18:00,14,4181.5409
2025-7-16,18:00,15,4516.8097
2025-7-16,18:00,16,5956.7799
2025-7-16,18:00,17,8153.9096
2025-7-16,18:00,18,8635.5539
2025-7-16,18:00,19,6969.5683
2025-7-16,18:00,20,7159.1569
2025-7-16,18:00,21,6149.0799
2025-7-16,18:00,22,3982.5816
2025-7-16,18:00,23,2158.5816
2025-7-16,18:00,24,955.5458
2025-7-17,0:00,1,0.0
2025-7-17,0:00,2,0.0
2025-7-17,0:00,3,0.0
2025-7-17,0:00,4,0.0
2025-7-17,0:00,5,0.0
2025-7-17,0:00,6,1196.6125
2025-7-17,0:00,7,2655.4677
2025-7-17,0:00,8,4442.8364
2025-7-17,0:00,9,5287.3529
2025-7-17,0:00,10,6588.8283
2025-7-17,0:00,11,8541.0204
2025-7-17,0:00,12,8957.2301
2025-7-17,0:00,13,8360.6039
2025-7-17,0:00,14,8186.9625
2025-7-17,0:00,15,6793.5375
2025-7-17,0:00,16,4849.3226
2025-7-17,0:00,17,2830.724
2025-7-17,0:00,18,1133.8644
2025-7-17,0:00,19,0.0
2025-7-17,0:00,20,0.0
2025-7-17,0:00,21,0.0
2025-7-17,0:00,22,0.0
2025-7-17,0:00,23,0.0
2025-7-17,0:00,24,0.0
2025-7-17,6:00,1,2640.3681
2025-7-17,6:00,2,4504.5789
2025-7-17,6:00,3,5497.8011
2025-7-17,6:00,4,7254.255
2025-7-17,6:00,5,8847.6985
2025-7-17,6:00,6,8242.6762
2025-7-17,6:00,7,7787.7717
2025-7-17,6:00,8,7160.5721
2025-7-17,6:00,9,5603.0715
2025-7-17,6:00,10,4366.5988
2025-7-17,6:00,11,2529.4812
2025-7-17,6:00,12,1028.9605
2025-7-17,6:00,13,0.0
2025-7-17,6:00,14,0.0
2025-7-17,6:00,15,0.0
2025-7-17,6:00,16,0.0
2025-7-17,6:00,17,0.0
2025-7-17,6:00,18,0.0
2025-7-17,6:00,19,0.0
2025-7-17,6:00,20,0.0
2025-7-17,6:00,21,0.0
2025-7-17,6:00,22,0.0
2025-7-17,6:00,23,0.0
2025-7-17,6:00,24,1147.7744
2025-7-17,12:00,1,8216.3189
2025-7-17,12:00,2,7371.043
2025-7-17,12:00,3,5838.2268
2025-7-17,12:00,4,4392.3649
2025-7-17,12:00,5,2377.6586
2025-7-17,12:00,6,972.4059
2025-7-17,12:00,7,0.0
2025-7-17,12:00,8,0.0
2025-7-17,12:00,9,0.0
2025-7-17,12:00,10,0.0
2025-7-17,12:00,11,0.0
2025-7-17,12:00,12,0.0
2025-7-17,12:00,13,0.0
2025-7-17,12:00,14,0.0
2025-7-17,12:00,15,0.0
2025-7-17,12:00,16,0.0
2025-7-17,12:00,17,0.0
2025-7-17,12:00,18,1316.925
2025-7-17,12:00,19,3054.8625
2025-7-17,12:00,20,4002.0045
2025-7-17,12:00,21,4661.0304
2025-7-17,12:00,22,5550.3913
2025-7-17,12:00,23,6365.1492
2025-7-17,12:00,24,5433.5432
2025-7-17,18:00,1,0.0
2025-7-17,18:00,2,0.0
2025-7-17,18:00,3,0.0
2025-7-17,18:00,4,0.0
2025-7-17,18:00,5,0.0
2025-7-17,18:00,6,0.0
2025-7-17,18:00,7,0.0
2025-7-17,18:00,8,0.0
2025-7-17,18:00,9,0.0
2025-7-17,18:00,10,0.0
2025-7-17,18:00,11,0.0
2025-7-17,18:00,12,1312.6257
2025-7-17,18:00,13,2989.2287
2025-7-17,18:00,14,3841.8361
2025-7-17,18:00,15,4580.7949
2025-7-17,18:00,16,5293.3386
2025-7-17,18:00,17,6381.0851
2025-7-17,18:00,18,5467.1206
2025-7-17,18:00,19,7152.4317
2025-7-17,18:00,20,6583.6789
2025-7-17,18:00,21,4631.9349
2025-7-17,18:00,22,4001.6624
2025-7-17,18:00,23,2826.3536
2025-7-17,18:00,24,990.9294
2025-7-18,0:00,1,0.0
2025-7-18,0:00,2,0.0
2025-7-18,0:00,3,0.0
2025-7-18,0:00,4,0.0
2025-7-18,0:00,5,0.0
2025-7-18,0:00,6,1141.6408
2025-7-18,0:00,7,2718.6475
2025-7-18,0:00,8,4210.7682
2025-7-18,0:00,9,5597.743
2025-7-18,0:00,10,6659.8403
2025-7-18,0:00,11,8032.2568
2025-7-18,0:00,12,6735.1724
2025-7-18,0:00,13,7426.1092
2025-7-18,0:00,14,5696.3447
2025-7-18,0:00,15,4108.1561
2025-7-18,0:00,16,3116.556
2025-7-18,0:00,17,2757.7529
2025-7-18,0:00,18,1033.3783
2025-7-18,0:00,19,0.0
2025-7-18,0:00,20,0.0
2025-7-18,0:00,21,0.0
2025-7-18,0:00,22,0.0
2025-7-18,0:00,23,0.0
2025-7-18,0:00,24,0.0
2025-7-18,6:00,1,2699.661
2025-7-18,6:00,2,4018.0696
2025-7-18,6:00,3,4982.666
2025-7-18,6:00,4,6110.9074
2025-7-18,6:00,5,7602.8224
2025-7-18,6:00,6,6874.0825
2025-7-18,6:00,7,7702.9853
2025-7-18,6:00,8,7033.3115
2025-7-18,6:00,9,4849.5551
2025-7-18,6:00,10,3862.0157
2025-7-18,6:00,11,2710.9979
2025-7-18,6:00,12,1079.0596
2025-7-18,6:00,13,0.0
2025-7-18,6:00,14,0.0
2025-7-18,6:00,15,0.0
2025-7-18,6:00,16,0.0
2025-7-18,6:00,17,0.0
2025-7-18,6:00,18,0.0
2025-7-18,6:00,19,0.0
2025-7-18,6:00,20,0.0
2025-7-18,6:00,21,0.0
2025-7-18,6:00,22,0.0
2025-7-18,6:00,23,0.0
2025-7-18,6:00,24,965.7092
2025-7-18,12:00,1,8268.6423
2025-7-18,12:00,2,7648.6561
2025-7-18,12:00,3,5723.3179
2025-7-18,12:00,4,4627.6287
2025-7-18,12:00,5,2861.625
2025-7-18,12:00,6,1085.541
2025-7-18,12:00,7,0.0
2025-7-18,12:00,8,0.0
2025-7-18,12:00,9,0.0
2025-7-18,12:00,10,0.0
2025-7-18,12:00,11,0.0
2025-7-18,12:00,12,0.0
2025-7-18,12:00,13,0.0
2025-7-18,12:00,14,0.0
2025-7-18,12:00,15,0.0
2025-7-18,12:00,16,0.0
2025-7-18,12:00,17,0.0
2025-7-18,12:00,18,1316.925
2025-7-18,12:00,19,3054.8625
2025-7-18,12:00,20,4995.4125
2025-7-18,12:00,21,7004.6807
2025-7-18,12:00,22,6582.9167
2025-7-18,12:00,23,7335.3488
2025-7-18,12:00,24,8111.2401
2025-7-18,18:00,1,0.0
2025-7-18,18:00,2,0.0
2025-7-18,18:00,3,0.0
2025-7-18,18:00,4,0.0
2025-7-18,18:00,5,0.0
2025-7-18,18:00,6,0.0
2025-7-18,18:00,7,0.0
2025-7-18,18:00,8,0.0
2025-7-18,18:00,9,0.0
2025-7-18,18:00,10,0.0
2025-7-18,18:00,11,0.0
2025-7-18,18:00,12,999.0667
2025-7-18,18:00,13,2861.7514
2025-7-18,18:00,14,4305.0548
2025-7-18,18:00,15,5746.6602
2025-7-18,18:00,16,6918.2839
2025-7-18,18:00,17,8451.3307
2025-7-18,18:00,18,7917.0015
2025-7-18,18:00,19,7066.2216
2025-7-18,18:00,20,6757.5066
2025-7-18,18:00,21,5356.28
2025-7-18,18:00,22,3771.3078
2025-7-18,18:00,23,2426.0989
2025-7-18,18:00,24,1079.5681
2025-7-19,0:00,1,0.0
2025-7-19,0:00,2,0.0
2025-7-19,0:00,3,0.0
2025-7-19,0:00,4,0.0
2025-7-19,0:00,5,0.0
2025-7-19,0:00,6,1219.5088
2025-7-19,0:00,7,3054.8625
2025-7-19,0:00,8,4828.1926
2025-7-19,0:00,9,5983.5739
2025-7-19,0:00,10,7160.3452
2025-7-19,0:00,11,7943.0754
2025-7-19,0:00,12,8033.9633
2025-7-19,0:00,13,6418.8315
2025-7-19,0:00,14,6097.5597
2025-7-19,0:00,15,4346.0231
2025-7-19,0:00,16,3101.2955
2025-7-19,0:00,17,1975.32
2025-7-19,0:00,18,1036.6169
2025-7-19,0:00,19,0.0
2025-7-19,0:00,20,0.0
2025-7-19,0:00,21,0.0
2025-7-19,0:00,22,0.0
2025-7-19,0:00,23,0.0
2025-7-19,0:00,24,0.0
2025-7-19,6:00,1,3054.8625
2025-7-19,6:00,2,4609.1077
2025-7-19,6:00,3,5893.9189
2025-7-19,6:00,4,7157.5057
2025-7-19,6:00,5,8767.1767
2025-7-19,6:00,6,9488.25
2025-7-19,6:00,7,9785.3625
2025-7-19,6:00,8,8556.3825
2025-7-19,6:00,9,6781.335
2025-7-19,6:00,10,4516.0705
2025-7-19,6:00,11,2700.9749
2025-7-19,6:00,12,1007.2885
2025-7-19,6:00,13,0.0
2025-7-19,6:00,14,0.0
2025-7-19,6:00,15,0.0
2025-7-19,6:00,16,0.0
2025-7-19,6:00,17,0.0
2025-7-19,6:00,18,0.0
2025-7-19,6:00,19,0.0
2025-7-19,6:00,20,0.0
2025-7-19,6:00,21,0.0
2025-7-19,6:00,22,0.0
2025-7-19,6:00,23,0.0
2025-7-19,6:00,24,1316.925
2025-7-19,12:00,1,8481.6822
2025-7-19,12:00,2,7481.2875
2025-7-19,12:00,3,5881.9776
2025-7-19,12:00,4,4177.2635
2025-7-19,12:00,5,2380.759
2025-7-19,12:00,6,916.5288
2025-7-19,12:00,7,0.0
2025-7-19,12:00,8,0.0
2025-7-19,12:00,9,0.0
2025-7-19,12:00,10,0.0
2025-7-19,12:00,11,0.0
2025-7-19,12:00,12,0.0
2025-7-19,12:00,13,0.0
2025-7-19,12:00,14,0.0
2025-7-19,12:00,15,0.0
2025-7-19,12:00,16,0.0
2025-7-19,12:00,17,0.0
2025-7-19,12:00,18,1137.8581
2025-7-19,12:00,19,3054.8625
2025-7-19,12:00,20,4995.4125
2025-7-19,12:00,21,7148.0625
2025-7-19,12:00,22,8281.2
2025-7-19,12:00,23,8958.3
2025-7-19,12:00,24,9488.25
2025-7-19,18:00,1,0.0
2025-7-19,18:00,2,0.0
2025-7-19,18:00,3,0.0
2025-7-19,18:00,4,0.0
2025-7-19,18:00,5,0.0
2025-7-19,18:00,6,0.0
2025-7-19,18:00,7,0.0
2025-7-19,18:00,8,0.0
2025-7-19,18:00,9,0.0
2025-7-19,18:00,10,0.0
2025-7-19,18:00,11,0.0
2025-7-19,18:00,12,867.1607
2025-7-19,18:00,13,2173.8822
2025-7-19,18:00,14,3939.6197
2025-7-19,18:00,15,6023.5616
2025-7-19,18:00,16,6282.4802
2025-7-19,18:00,17,8215.2829
2025-7-19,18:00,18,7959.9339
2025-7-19,18:00,19,8852.5231
2025-7-19,18:00,20,8192.2617
2025-7-19,18:00,21,6653.4291
2025-7-19,18:00,22,5010.6
2025-7-19,18:00,23,3138.9375
2025-7-19,18:00,24,1264.9125
2025-7-20,0:00,1,0.0
2025-7-20,0:00,2,0.0
2025-7-20,0:00,3,0.0
2025-7-20,0:00,4,0.0
2025-7-20,0:00,5,0.0
2025-7-20,0:00,6,990.0634
2025-7-20,0:00,7,2620.5684
2025-7-20,0:00,8,4417.8634
2025-7-20,0:00,9,6322.1852
2025-7-20,0:00,10,6550.205
2025-7-20,0:00,11,7986.8023
2025-7-20,0:00,12,6604.1495
2025-7-20,0:00,13,6786.7312
2025-7-20,0:00,14,6530.0522
2025-7-20,0:00,15,6226.5395
2025-7-20,0:00,16,4740.3219
2025-7-20,0:00,17,2987.9447
2025-7-20,0:00,18,1264.9125
2025-7-20,0:00,19,0.0
2025-7-20,0:00,20,0.0
2025-7-20,0:00,21,0.0
2025-7-20,0:00,22,0.0
2025-7-20,0:00,23,0.0
2025-7-20,0:00,24,0.0
2025-7-20,6:00,1,2556.6108
2025-7-20,6:00,2,4468.5122
2025-7-20,6:00,3,6127.8024
2025-7-20,6:00,4,6491.7206
2025-7-20,6:00,5,7949.2686
2025-7-20,6:00,6,7153.191
2025-7-20,6:00,7,7583.7572
2025-7-20,6:00,8,7253.5266
2025-7-20,6:00,9,5321.9614
2025-7-20,6:00,10,4698.8358
2025-7-20,6:00,11,2821.0162
2025-7-20,6:00,12,1133.9584
2025-7-20,6:00,13,0.0
2025-7-20,6:00,14,0.0
2025-7-20,6:00,15,0.0
2025-7-20,6:00,16,0.0
2025-7-20,6:00,17,0.0
2025-7-20,6:00,18,0.0
2025-7-20,6:00,19,0.0
2025-7-20,6:00,20,0.0
2025-7-20,6:00,21,0.0
2025-7-20,6:00,22,0.0
2025-7-20,6:00,23,0.0
2025-7-20,6:00,24,1316.925
2025-7-20,12:00,1,8090.3726
2025-7-20,12:00,2,7687.8309
2025-7-20,12:00,3,5649.2014
2025-7-20,12:00,4,4656.5053
2025-7-20,12:00,5,2649.4966
2025-7-20,12:00,6,1058.941
2025-7-20,12:00,7,0.0
2025-7-20,12:00,8,0.0
2025-7-20,12:00,9,0.0
2025-7-20,12:00,10,0.0
2025-7-20,12:00,11,0.0
2025-7-20,12:00,12,0.0
2025-7-20,12:00,13,0.0
2025-7-20,12:00,14,0.0
2025-7-20,12:00,15,0.0
2025-7-20,12:00,16,0.0
2025-7-20,12:00,17,0.0
2025-7-20,12:00,18,937.4395
2025-7-20,12:00,19,2940.9028
2025-7-20,12:00,20,4904.424
2025-7-20,12:00,21,5523.2559
2025-7-20,12:00,22,6816.1049
2025-7-20,12:00,23,8958.3
2025-7-20,12:00,24,8194.1266
2025-7-20,18:00,1,0.0
2025-7-20,18:00,2,0.0
2025-7-20,18:00,3,0.0
2025-7-20,18:00,4,0.0
2025-7-20,18:00,5,0.0
2025-7-20,18:00,6,0.0
2025-7-20,18:00,7,0.0
2025-7-20,18:00,8,0.0
2025-7-20,18:00,9,0.0
2025-7-20,18:00,10,0.0
2025-7-20,18:00,11,0.0
2025-7-20,18:00,12,953.4462
2025-7-20,18:00,13,2767.5539
2025-7-20,18:00,14,3769.5048
2025-7-20,18:00,15,5567.983
2025-7-20,18:00,16,7116.3491
2025-7-20,18:00,17,7943.9881
2025-7-20,18:00,18,8427.7754
2025-7-20,18:00,19,9399.7783
2025-7-20,18:00,20,8637.975
2025-7-20,18:00,21,6947.8429
2025-7-20,18:00,22,4333.9644
2025-7-20,18:00,23,2193.0142
2025-7-20,18:00,24,927.7989
2025-7-21,0:00,1,0.0
2025-7-21,0:00,2,0.0
2025-7-21,0:00,3,0.0
2025-7-21,0:00,4,0.0
2025-7-21,0:00,5,0.0
2025-7-21,0:00,6,1090.3104
2025-7-21,0:00,7,2745.159
2025-7-21,0:00,8,4092.3989
2025-7-21,0:00,9,5514.6164
2025-7-21,0:00,10,7313.1841
2025-7-21,0:00,11,8040.4252
2025-7-21,0:00,12,7326.3987
2025-7-21,0:00,13,7228.8126
2025-7-21,0:00,14,7576.365
2025-7-21,0:00,15,5495.1018
2025-7-21,0:00,16,3563.2079
2025-7-21,0:00,17,2395.5858
2025-7-21,0:00,18,1109.0887
2025-7-21,0:00,19,0.0
2025-7-21,0:00,20,0.0
2025-7-21,0:00,21,0.0
2025-7-21,0:00,22,0.0
2025-7-21,0:00,23,0.0
2025-7-21,0:00,24,0.0
2025-7-21,6:00,1,2647.3924
2025-7-21,6:00,2,4101.2115
2025-7-21,6:00,3,5616.7331
2025-7-21,6:00,4,7181.177
2025-7-21,6:00,5,8653.184
2025-7-21,6:00,6,7738.9246
2025-7-21,6:00,7,7882.6222
2025-7-21,6:00,8,8207.8071
2025-7-21,6:00,9,6325.2298
2025-7-21,6:00,10,4028.1861
2025-7-21,6:00,11,2700.4179
2025-7-21,6:00,12,1095.2676
2025-7-21,6:00,13,0.0
2025-7-21,6:00,14,0.0
2025-7-21,6:00,15,0.0
2025-7-21,6:00,16,0.0
2025-7-21,6:00,17,0.0
2025-7-21,6:00,18,0.0
2025-7-21,6:00,19,0.0
2025-7-21,6:00,20,0.0
2025-7-21,6:00,21,0.0
2025-7-21,6:00,22,0.0
2025-7-21,6:00,23,0.0
2025-7-21,6:00,24,1008.343
2025-7-21,12:00,1,7318.3217
2025-7-21,12:00,2,7206.1823
2025-7-21,12:00,3,5679.3693
2025-7-21,12:00,4,3701.0115
2025-7-21,12:00,5,2349.724
2025-7-21,12:00,6,939.1049
2025-7-21,12:00,7,0.0
2025-7-21,12:00,8,0.0
2025-7-21,12:00,9,0.0
2025-7-21,12:00,10,0.0
2025-7-21,12:00,11,0.0
2025-7-21,12:00,12,0.0
2025-7-21,12:00,13,0.0
2025-7-21,12:00,14,0.0
2025-7-21,12:00,15,0.0
2025-7-21,12:00,16,0.0
2025-7-21,12:00,17,0.0
2025-7-21,12:00,18,1120.3244
2025-7-21,12:00,19,2674.4962
2025-7-21,12:00,20,4340.3303
2025-7-21,12:00,21,5699.5715
2025-7-21,12:00,22,5988.9944
2025-7-21,12:00,23,6864.6772
2025-7-21,12:00,24,7794.986
2025-7-21,18:00,1,0.0
2025-7-21,18:00,2,0.0
2025-7-21,18:00,3,0.0
2025-7-21,18:00,4,0.0
2025-7-21,18:00,5,0.0
2025-7-21,18:00,6,0.0
2025-7-21,18:00,7,0.0
2025-7-21,18:00,8,0.0
2025-7-21,18:00,9,0.0
2025-7-21,18:00,10,0.0
2025-7-21,18:00,11,0.0
2025-7-21,18:00,12,1124.446
2025-7-21,18:00,13,3054.8625
2025-7-21,18:00,14,4995.4125
2025-7-21,18:00,15,7148.0625
2025-7-21,18:00,16,8103.66
2025-7-21,18:00,17,8300.8063
2025-7-21,18:00,18,9488.25
2025-7-21,18:00,19,9511.1767
2025-7-21,18:00,20,7201.4315
2025-7-21,18:00,21,5899.3075
2025-7-21,18:00,22,5010.6
2025-7-21,18:00,23,2971.4431
2025-7-21,18:00,24,1128.902
2025-7-22,0:00,1,0.0
2025-7-22,0:00,2,0.0
2025-7-22,0:00,3,0.0
2025-7-22,0:00,4,0.0
2025-7-22,0:00,5,0.0
2025-7-22,0:00,6,1017.193
2025-7-22,0:00,7,2841.7992
2025-7-22,0:00,8,4934.7704
2025-7-22,0:00,9,6565.4417
2025-7-22,0:00,10,6671.864
2025-7-22,0:00,11,7196.4084
2025-7-22,0:00,12,9488.25
2025-7-22,0:00,13,8113.0763
2025-7-22,0:00,14,6274.1212
2025-7-22,0:00,15,5754.3266
2025-7-22,0:00,16,5010.6
2025-7-22,0:00,17,2699.3063
2025-7-22,0:00,18,921.7872
2025-7-22,0:00,19,0.0
2025-7-22,0:00,20,0.0
2025-7-22,0:00,21,0.0
2025-7-22,0:00,22,0.0
2025-7-22,0:00,23,0.0
2025-7-22,0:00,24,0.0
2025-7-22,6:00,1,2629.4982
2025-7-22,6:00,2,4656.8557
2025-7-22,6:00,3,6147.935
2025-7-22,6:00,4,6596.842
2025-7-22,6:00,5,6413.3994
2025-7-22,6:00,6,7482.5561
2025-7-22,6:00,7,5880.545
2025-7-22,6:00,8,4785.6809
2025-7-22,6:00,9,4681.4121
2025-7-22,6:00,10,4501.2526
2025-7-22,6:00,11,2270.4797
2025-7-22,6:00,12,1029.4299
2025-7-22,6:00,13,0.0
2025-7-22,6:00,14,0.0
2025-7-22,6:00,15,0.0
2025-7-22,6:00,16,0.0
2025-7-22,6:00,17,0.0
2025-7-22,6:00,18,0.0
2025-7-22,6:00,19,0.0
2025-7-22,6:00,20,0.0
2025-7-22,6:00,21,0.0
2025-7-22,6:00,22,0.0
2025-7-22,6:00,23,0.0
2025-7-22,6:00,24,794.4419
2025-7-22,12:00,1,7648.375
2025-7-22,12:00,2,6261.2826
2025-7-22,12:00,3,5756.3816
2025-7-22,12:00,4,4852.8504
2025-7-22,12:00,5,2642.2487
2025-7-22,12:00,6,1070.4371
2025-7-22,12:00,7,0.0
2025-7-22,12:00,8,0.0
2025-7-22,12:00,9,0.0
2025-7-22,12:00,10,0.0
2025-7-22,12:00,11,0.0
2025-7-22,12:00,12,0.0
2025-7-22,12:00,13,0.0
2025-7-22,12:00,14,0.0
2025-7-22,12:00,15,0.0
2025-7-22,12:00,16,0.0
2025-7-22,12:00,17,0.0
2025-7-22,12:00,18,922.4589
2025-7-22,12:00,19,2107.1523
2025-7-22,12:00,20,4398.8695
2025-7-22,12:00,21,6010.2172
2025-7-22,12:00,22,8281.2
2025-7-22,12:00,23,8958.3
2025-7-22,12:00,24,9612.8625
2025-7-22,18:00,1,0.0
2025-7-22,18:00,2,0.0
2025-7-22,18:00,3,0.0
2025-7-22,18:00,4,0.0
2025-7-22,18:00,5,0.0
2025-7-22,18:00,6,0.0
2025-7-22,18:00,7,0.0
2025-7-22,18:00,8,0.0
2025-7-22,18:00,9,0.0
2025-7-22,18:00,10,0.0
2025-7-22,18:00,11,0.0
2025-7-22,18:00,12,845.8458
2025-7-22,18:00,13,2094.2973
2025-7-22,18:00,14,4366.4512
2025-7-22,18:00,15,6344.3449
2025-7-22,18:00,16,8281.2
2025-7-22,18:00,17,8958.3
2025-7-22,18:00,18,9612.8625
2025-7-22,18:00,19,9785.3625
2025-7-22,18:00,20,7982.057
2025-7-22,18:00,21,4637.9714
2025-7-22,18:00,22,3527.5892
2025-7-22,18:00,23,2095.9967
2025-7-22,18:00,24,957.9117
2025-7-23,0:00,1,0.0
2025-7-23,0:00,2,0.0
2025-7-23,0:00,3,0.0
2025-7-23,0:00,4,0.0
2025-7-23,0:00,5,0.0
2025-7-23,0:00,6,933.0874
2025-7-23,0:00,7,2138.2138
2025-7-23,0:00,8,3789.621
2025-7-23,0:00,9,5031.1838
2025-7-23,0:00,10,6700.5572
2025-7-23,0:00,11,6782.3938
2025-7-23,0:00,12,7543.3112
2025-7-23,0:00,13,7710.9652
2025-7-23,0:00,14,6371.5578
2025-7-23,0:00,15,4302.0353
2025-7-23,0:00,16,3041.4375
2025-7-23,0:00,17,2192.7785
2025-7-23,0:00,18,1034.1719
2025-7-23,0:00,19,0.0
2025-7-23,0:00,20,0.0
2025-7-23,0:00,21,0.0
2025-7-23,0:00,22,0.0
2025-7-23,0:00,23,0.0
2025-7-23,0:00,24,0.0
2025-7-23,6:00,1,2309.7174
2025-7-23,6:00,2,4362.6696
2025-7-23,6:00,3,6134.0378
2025-7-23,6:00,4,7914.8268
2025-7-23,6:00,5,8055.8291
2025-7-23,6:00,6,8505.9813
2025-7-23,6:00,7,8491.7383
2025-7-23,6:00,8,7096.9102
2025-7-23,6:00,9,5736.4023
2025-7-23,6:00,10,4042.5832
2025-7-23,6:00,11,2492.7247
2025-7-23,6:00,12,1056.0562
2025-7-23,6:00,13,0.0
2025-7-23,6:00,14,0.0
2025-7-23,6:00,15,0.0
2025-7-23,6:00,16,0.0
2025-7-23,6:00,17,0.0
2025-7-23,6:00,18,0.0
2025-7-23,6:00,19,0.0
2025-7-23,6:00,20,0.0
2025-7-23,6:00,21,0.0
2025-7-23,6:00,22,0.0
2025-7-23,6:00,23,0.0
2025-7-23,6:00,24,1231.0125
2025-7-23,12:00,1,8728.3817
2025-7-23,12:00,2,7168.683
2025-7-23,12:00,3,5601.6466
2025-7-23,12:00,4,3774.0479
2025-7-23,12:00,5,2476.0884
2025-7-23,12:00,6,919.4446
2025-7-23,12:00,7,0.0
2025-7-23,12:00,8,0.0
2025-7-23,12:00,9,0.0
2025-7-23,12:00,10,0.0
2025-7-23,12:00,11,0.0
2025-7-23,12:00,12,0.0
2025-7-23,12:00,13,0.0
2025-7-23,12:00,14,0.0
2025-7-23,12:00,15,0.0
2025-7-23,12:00,16,0.0
2025-7-23,12:00,17,0.0
2025-7-23,12:00,18,1129.8546
2025-7-23,12:00,19,2962.2415
2025-7-23,12:00,20,4796.2125
2025-7-23,12:00,21,6099.8298
2025-7-23,12:00,22,7122.705
2025-7-23,12:00,23,7088.2208
2025-7-23,12:00,24,7477.9319
2025-7-23,18:00,1,0.0
2025-7-23,18:00,2,0.0
2025-7-23,18:00,3,0.0
2025-7-23,18:00,4,0.0
2025-7-23,18:00,5,0.0
2025-7-23,18:00,6,0.0
2025-7-23,18:00,7,0.0
2025-7-23,18:00,8,0.0
2025-7-23,18:00,9,0.0
2025-7-23,18:00,10,0.0
2025-7-23,18:00,11,0.0
2025-7-23,18:00,12,1017.9473
2025-7-23,18:00,13,2456.1682
2025-7-23,18:00,14,4348.1814
2025-7-23,18:00,15,6476.9513
2025-7-23,18:00,16,7139.7917
2025-7-23,18:00,17,7448.376
2025-7-23,18:00,18,7835.4752
2025-7-23,18:00,19,4808.5394
2025-7-23,18:00,20,3762.4969
2025-7-23,18:00,21,3936.6189
2025-7-23,18:00,22,2578.6546
2025-7-23,18:00,23,1574.4861
2025-7-23,18:00,24,1003.0024
2025-7-24,0:00,1,0.0
2025-7-24,0:00,2,0.0
2025-7-24,0:00,3,0.0
2025-7-24,0:00,4,0.0
2025-7-24,0:00,5,0.0
2025-7-24,0:00,6,1038.7181
2025-7-24,0:00,7,2574.9511
2025-7-24,0:00,8,4356.8374
2025-7-24,0:00,9,5979.8137
2025-7-24,0:00,10,6560.2442
2025-7-24,0:00,11,7405.6454
2025-7-24,0:00,12,7672.5917
2025-7-24,0:00,13,6118.3264
2025-7-24,0:00,14,5498.9621
2025-7-24,0:00,15,4768.4937
2025-7-24,0:00,16,3281.4134
2025-7-24,0:00,17,2062.0023
2025-7-24,0:00,18,943.4997
2025-7-24,0:00,19,0.0
2025-7-24,0:00,20,0.0
2025-7-24,0:00,21,0.0
2025-7-24,0:00,22,0.0
2025-7-24,0:00,23,0.0
2025-7-24,0:00,24,0.0
2025-7-24,6:00,1,2850.516
2025-7-24,6:00,2,4751.3477
2025-7-24,6:00,3,6323.5905
2025-7-24,6:00,4,7489.9581
2025-7-24,6:00,5,7844.2628
2025-7-24,6:00,6,8599.2136
2025-7-24,6:00,7,7222.6153
2025-7-24,6:00,8,6422.0606
2025-7-24,6:00,9,5409.597
2025-7-24,6:00,10,3477.5188
2025-7-24,6:00,11,2110.1824
2025-7-24,6:00,12,1064.7757
2025-7-24,6:00,13,0.0
2025-7-24,6:00,14,0.0
2025-7-24,6:00,15,0.0
2025-7-24,6:00,16,0.0
2025-7-24,6:00,17,0.0
2025-7-24,6:00,18,0.0
2025-7-24,6:00,19,0.0
2025-7-24,6:00,20,0.0
2025-7-24,6:00,21,0.0
2025-7-24,6:00,22,0.0
2025-7-24,6:00,23,0.0
2025-7-24,6:00,24,928.8023
2025-7-24,12:00,1,7002.285
2025-7-24,12:00,2,6543.8837
2025-7-24,12:00,3,5336.4476
2025-7-24,12:00,4,3807.0319
2025-7-24,12:00,5,2348.8503
2025-7-24,12:00,6,1101.4781
2025-7-24,12:00,7,0.0
2025-7-24,12:00,8,0.0
2025-7-24,12:00,9,0.0
2025-7-24,12:00,10,0.0
2025-7-24,12:00,11,0.0
2025-7-24,12:00,12,0.0
2025-7-24,12:00,13,0.0
2025-7-24,12:00,14,0.0
2025-7-24,12:00,15,0.0
2025-7-24,12:00,16,0.0
2025-7-24,12:00,17,0.0
2025-7-24,12:00,18,1102.7861
2025-7-24,12:00,19,2674.7417
2025-7-24,12:00,20,4270.6055
2025-7-24,12:00,21,5674.7869
2025-7-24,12:00,22,6472.3641
2025-7-24,12:00,23,7683.9841
2025-7-24,12:00,24,8477.9333
2025-7-24,18:00,1,0.0
2025-7-24,18:00,2,0.0
2025-7-24,18:00,3,0.0
2025-7-24,18:00,4,0.0
2025-7-24,18:00,5,0.0
2025-7-24,18:00,6,0.0
2025-7-24,18:00,7,0.0
2025-7-24,18:00,8,0.0
2025-7-24,18:00,9,0.0
2025-7-24,18:00,10,0.0
2025-7-24,18:00,11,0.0
2025-7-24,18:00,12,1231.0125
2025-7-24,18:00,13,3054.8625
2025-7-24,18:00,14,4725.658
2025-7-24,18:00,15,7148.0625
2025-7-24,18:00,16,8292.8283
2025-7-24,18:00,17,9059.0625
2025-7-24,18:00,18,9612.8625
2025-7-24,18:00,19,9785.3625
2025-7-24,18:00,20,8082.2622
2025-7-24,18:00,21,6576.2362
2025-7-24,18:00,22,4398.9103
2025-7-24,18:00,23,2285.8715
2025-7-24,18:00,24,652.4228
2025-7-25,0:00,1,0.0
2025-7-25,0:00,2,0.0
2025-7-25,0:00,3,0.0
2025-7-25,0:00,4,0.0
2025-7-25,0:00,5,0.0
2025-7-25,0:00,6,1136.2788
2025-7-25,0:00,7,2952.3193
2025-7-25,0:00,8,4332.0309
2025-7-25,0:00,9,6540.9335
2025-7-25,0:00,10,7204.355
2025-7-25,0:00,11,8562.5824
2025-7-25,0:00,12,8375.8037
2025-7-25,0:00,13,8431.2378
2025-7-25,0:00,14,7315.3214
2025-7-25,0:00,15,5753.3818
2025-7-25,0:00,16,4022.687
2025-7-25,0:00,17,2804.7794
2025-7-25,0:00,18,923.4705
2025-7-25,0:00,19,0.0
2025-7-25,0:00,20,0.0
2025-7-25,0:00,21,0.0
2025-7-25,0:00,22,0.0
2025-7-25,0:00,23,0.0
2025-7-25,0:00,24,0.0
2025-7-25,6:00,1,2822.0852
2025-7-25,6:00,2,4189.3852
2025-7-25,6:00,3,6288.6743
2025-7-25,6:00,4,6973.1721
2025-7-25,6:00,5,7709.6807
2025-7-25,6:00,6,7682.9058
2025-7-25,6:00,7,7232.3805
2025-7-25,6:00,8,5808.0629
2025-7-25,6:00,9,5216.4191
2025-7-25,6:00,10,4442.5032
2025-7-25,6:00,11,2643.2996
2025-7-25,6:00,12,872.223
2025-7-25,6:00,13,0.0
2025-7-25,6:00,14,0.0
2025-7-25,6:00,15,0.0
2025-7-25,6:00,16,0.0
2025-7-25,6:00,17,0.0
2025-7-25,6:00,18,0.0
2025-7-25,6:00,19,0.0
2025-7-25,6:00,20,0.0
2025-7-25,6:00,21,0.0
2025-7-25,6:00,22,0.0
2025-7-25,6:00,23,0.0
2025-7-25,6:00,24,945.954
2025-7-25,12:00,1,8172.3223
2025-7-25,12:00,2,7000.3369
2025-7-25,12:00,3,6041.9992
2025-7-25,12:00,4,4498.4427
2025-7-25,12:00,5,2826.2138
2025-7-25,12:00,6,854.4627
2025-7-25,12:00,7,0.0
2025-7-25,12:00,8,0.0
2025-7-25,12:00,9,0.0
2025-7-25,12:00,10,0.0
2025-7-25,12:00,11,0.0
2025-7-25,12:00,12,0.0
2025-7-25,12:00,13,0.0
2025-7-25,12:00,14,0.0
2025-7-25,12:00,15,0.0
2025-7-25,12:00,16,0.0
2025-7-25,12:00,17,0.0
2025-7-25,12:00,18,726.6266
2025-7-25,12:00,19,2279.1149
2025-7-25,12:00,20,3531.1372
2025-7-25,12:00,21,4376.0746
2025-7-25,12:00,22,5300.5469
2025-7-25,12:00,23,5694.1565
2025-7-25,12:00,24,5585.7844
2025-7-25,18:00,1,0.0
2025-7-25,18:00,2,0.0
2025-7-25,18:00,3,0.0
2025-7-25,18:00,4,0.0
2025-7-25,18:00,5,0.0
2025-7-25,18:00,6,0.0
2025-7-25,18:00,7,0.0
2025-7-25,18:00,8,0.0
2025-7-25,18:00,9,0.0
2025-7-25,18:00,10,0.0
2025-7-25,18:00,11,0.0
2025-7-25,18:00,12,837.2809
2025-7-25,18:00,13,2986.7483
2025-7-25,18:00,14,4796.2125
2025-7-25,18:00,15,5927.0799
2025-7-25,18:00,16,7241.4385
2025-7-25,18:00,17,7859.4391
2025-7-25,18:00,18,8111.9783
2025-7-25,18:00,19,7993.3895
2025-7-25,18:00,20,6816.1294
2025-7-25,18:00,21,5712.3523
2025-7-25,18:00,22,4660.4616
2025-7-25,18:00,23,2382.9666
2025-7-25,18:00,24,917.0207
2025-7-26,0:00,1,0.0
2025-7-26,0:00,2,0.0
2025-7-26,0:00,3,0.0
2025-7-26,0:00,4,0.0
2025-7-26,0:00,5,0.0
2025-7-26,0:00,6,901.0346
2025-7-26,0:00,7,2659.3708
2025-7-26,0:00,8,4340.2316
2025-7-26,0:00,9,5207.1641
2025-7-26,0:00,10,7212.0267
2025-7-26,0:00,11,7314.9076
2025-7-26,0:00,12,7385.069
2025-7-26,0:00,13,6865.6513
2025-7-26,0:00,14,6637.8157
2025-7-26,0:00,15,5010.006
2025-7-26,0:00,16,4519.0006
2025-7-26,0:00,17,2974.8359
2025-7-26,0:00,18,1144.4467
2025-7-26,0:00,19,0.0
2025-7-26,0:00,20,0.0
2025-7-26,0:00,21,0.0
2025-7-26,0:00,22,0.0
2025-7-26,0:00,23,0.0
2025-7-26,0:00,24,0.0
2025-7-26,6:00,1,2670.6362
2025-7-26,6:00,2,4293.8577
2025-7-26,6:00,3,5598.1242
2025-7-26,6:00,4,7482.4939
2025-7-26,6:00,5,7307.242
2025-7-26,6:00,6,7699.7396
2025-7-26,6:00,7,7427.5239
2025-7-26,6:00,8,6846.9593
2025-7-26,6:00,9,5635.3037
2025-7-26,6:00,10,4458.7815
2025-7-26,6:00,11,2625.6906
2025-7-26,6:00,12,1000.4682
2025-7-26,6:00,13,0.0
2025-7-26,6:00,14,0.0
2025-7-26,6:00,15,0.0
2025-7-26,6:00,16,0.0
2025-7-26,6:00,17,0.0
2025-7-26,6:00,18,0.0
2025-7-26,6:00,19,0.0
2025-7-26,6:00,20,0.0
2025-7-26,6:00,21,0.0
2025-7-26,6:00,22,0.0
2025-7-26,6:00,23,0.0
2025-7-26,6:00,24,602.4537
2025-7-26,12:00,1,7673.4093
2025-7-26,12:00,2,7068.2185
2025-7-26,12:00,3,5522.0437
2025-7-26,12:00,4,4553.687
2025-7-26,12:00,5,2787.7319
2025-7-26,12:00,6,966.1581
2025-7-26,12:00,7,0.0
2025-7-26,12:00,8,0.0
2025-7-26,12:00,9,0.0
2025-7-26,12:00,10,0.0
2025-7-26,12:00,11,0.0
2025-7-26,12:00,12,0.0
2025-7-26,12:00,13,0.0
2025-7-26,12:00,14,0.0
2025-7-26,12:00,15,0.0
2025-7-26,12:00,16,0.0
2025-7-26,12:00,17,0.0
2025-7-26,12:00,18,831.5297
2025-7-26,12:00,19,1948.1941
2025-7-26,12:00,20,3478.4983
2025-7-26,12:00,21,4020.6373
2025-7-26,12:00,22,4810.6117
2025-7-26,12:00,23,4722.8854
2025-7-26,12:00,24,4931.5221
2025-7-26,18:00,1,0.0
2025-7-26,18:00,2,0.0
2025-7-26,18:00,3,0.0
2025-7-26,18:00,4,0.0
2025-7-26,18:00,5,0.0
2025-7-26,18:00,6,0.0
2025-7-26,18:00,7,0.0
2025-7-26,18:00,8,0.0
2025-7-26,18:00,9,0.0
2025-7-26,18:00,10,0.0
2025-7-26,18:00,11,0.0
2025-7-26,18:00,12,1089.7286
2025-7-26,18:00,13,2755.2364
2025-7-26,18:00,14,4464.4321
2025-7-26,18:00,15,6244.9568
2025-7-26,18:00,16,8312.2098
2025-7-26,18:00,17,8375.2831
2025-7-26,18:00,18,9612.8625
2025-7-26,18:00,19,8535.9537
2025-7-26,18:00,20,7451.3669
2025-7-26,18:00,21,7191.225
2025-7-26,18:00,22,5010.6
2025-7-26,18:00,23,3138.9375
2025-7-26,18:00,24,1162.95
2025-7-27,0:00,1,0.0
2025-7-27,0:00,2,0.0
2025-7-27,0:00,3,0.0
2025-7-27,0:00,4,0.0
2025-7-27,0:00,5,0.0
2025-7-27,0:00,6,838.1091
2025-7-27,0:00,7,2146.289
2025-7-27,0:00,8,3320.1022
2025-7-27,0:00,9,4834.7821
2025-7-27,0:00,10,6687.2979
2025-7-27,0:00,11,7485.2538
2025-7-27,0:00,12,8276.3426
2025-7-27,0:00,13,7859.8494
2025-7-27,0:00,14,7649.213
2025-7-27,0:00,15,6862.6548
2025-7-27,0:00,16,5010.6
2025-7-27,0:00,17,3138.9375
2025-7-27,0:00,18,1162.95
2025-7-27,0:00,19,0.0
2025-7-27,0:00,20,0.0
2025-7-27,0:00,21,0.0
2025-7-27,0:00,22,0.0
2025-7-27,0:00,23,0.0
2025-7-27,0:00,24,0.0
2025-7-27,6:00,1,2334.4194
2025-7-27,6:00,2,3735.5774
2025-7-27,6:00,3,5119.5493
2025-7-27,6:00,4,7050.742
2025-7-27,6:00,5,8066.9718
2025-7-27,6:00,6,8994.9406
2025-7-27,6:00,7,7966.1259
2025-7-27,6:00,8,7161.7162
2025-7-27,6:00,9,6454.5044
2025-7-27,6:00,10,4575.8227
2025-7-27,6:00,11,2625.5317
2025-7-27,6:00,12,1020.4338
2025-7-27,6:00,13,0.0
2025-7-27,6:00,14,0.0
2025-7-27,6:00,15,0.0
2025-7-27,6:00,16,0.0
2025-7-27,6:00,17,0.0
2025-7-27,6:00,18,0.0
2025-7-27,6:00,19,0.0
2025-7-27,6:00,20,0.0
2025-7-27,6:00,21,0.0
2025-7-27,6:00,22,0.0
2025-7-27,6:00,23,0.0
2025-7-27,6:00,24,831.7285
2025-7-27,12:00,1,7675.2182
2025-7-27,12:00,2,7027.3611
2025-7-27,12:00,3,6002.2269
2025-7-27,12:00,4,4423.39
2025-7-27,12:00,5,2766.0458
2025-7-27,12:00,6,1000.3213
2025-7-27,12:00,7,0.0
2025-7-27,12:00,8,0.0
2025-7-27,12:00,9,0.0
2025-7-27,12:00,10,0.0
2025-7-27,12:00,11,0.0
2025-7-27,12:00,12,0.0
2025-7-27,12:00,13,0.0
2025-7-27,12:00,14,0.0
2025-7-27,12:00,15,0.0
2025-7-27,12:00,16,0.0
2025-7-27,12:00,17,0.0
2025-7-27,12:00,18,1231.0125
2025-7-27,12:00,19,3054.8625
2025-7-27,12:00,20,4557.1192
2025-7-27,12:00,21,5272.4251
2025-7-27,12:00,22,5764.4283
2025-7-27,12:00,23,6772.6352
2025-7-27,12:00,24,5057.6858
2025-7-27,18:00,1,0.0
2025-7-27,18:00,2,0.0
2025-7-27,18:00,3,0.0
2025-7-27,18:00,4,0.0
2025-7-27,18:00,5,0.0
2025-7-27,18:00,6,0.0
2025-7-27,18:00,7,0.0
2025-7-27,18:00,8,0.0
2025-7-27,18:00,9,0.0
2025-7-27,18:00,10,0.0
2025-7-27,18:00,11,0.0
2025-7-27,18:00,12,926.4304
2025-7-27,18:00,13,2210.7735
2025-7-27,18:00,14,3810.1478
2025-7-27,18:00,15,5108.7472
2025-7-27,18:00,16,7681.3171
2025-7-27,18:00,17,8457.941
2025-7-27,18:00,18,8505.8735
2025-7-27,18:00,19,7431.3356
2025-7-27,18:00,20,7304.603
2025-7-27,18:00,21,5725.9229
2025-7-27,18:00,22,4218.0946
2025-7-27,18:00,23,2497.6815
2025-7-27,18:00,24,1077.4779
2025-7-28,0:00,1,0.0
2025-7-28,0:00,2,0.0
2025-7-28,0:00,3,0.0
2025-7-28,0:00,4,0.0
2025-7-28,0:00,5,0.0
2025-7-28,0:00,6,987.6088
2025-7-28,0:00,7,2580.4807
2025-7-28,0:00,8,3975.2413
2025-7-28,0:00,9,5372.5279
2025-7-28,0:00,10,7260.628
2025-7-28,0:00,11,8144.3128
2025-7-28,0:00,12,7424.7008
2025-7-28,0:00,13,6820.2245
2025-7-28,0:00,14,6523.7483
2025-7-28,0:00,15,5256.8957
2025-7-28,0:00,16,4179.3552
2025-7-28,0:00,17,2726.2833
2025-7-28,0:00,18,1162.95
2025-7-28,0:00,19,0.0
2025-7-28,0:00,20,0.0
2025-7-28,0:00,21,0.0
2025-7-28,0:00,22,0.0
2025-7-28,0:00,23,0.0
2025-7-28,0:00,24,0.0
2025-7-28,6:00,1,2586.2281
2025-7-28,6:00,2,3910.481
2025-7-28,6:00,3,5225.7151
2025-7-28,6:00,4,6782.0325
2025-7-28,6:00,5,7846.5555
2025-7-28,6:00,6,7357.5164
2025-7-28,6:00,7,6945.25
2025-7-28,6:00,8,6937.6954
2025-7-28,6:00,9,5538.802
2025-7-28,6:00,10,3532.2435
2025-7-28,6:00,11,2121.3431
2025-7-28,6:00,12,769.0011
2025-7-28,6:00,13,0.0
2025-7-28,6:00,14,0.0
2025-7-28,6:00,15,0.0
2025-7-28,6:00,16,0.0
2025-7-28,6:00,17,0.0
2025-7-28,6:00,18,0.0
2025-7-28,6:00,19,0.0
2025-7-28,6:00,20,0.0
2025-7-28,6:00,21,0.0
2025-7-28,6:00,22,0.0
2025-7-28,6:00,23,0.0
2025-7-28,6:00,24,1005.8777
2025-7-28,12:00,1,6916.9566
2025-7-28,12:00,2,6969.1867
2025-7-28,12:00,3,5428.2262
2025-7-28,12:00,4,3917.5641
2025-7-28,12:00,5,2364.3379
2025-7-28,12:00,6,941.4512
2025-7-28,12:00,7,0.0
2025-7-28,12:00,8,0.0
2025-7-28,12:00,9,0.0
2025-7-28,12:00,10,0.0
2025-7-28,12:00,11,0.0
2025-7-28,12:00,12,0.0
2025-7-28,12:00,13,0.0
2025-7-28,12:00,14,0.0
2025-7-28,12:00,15,0.0
2025-7-28,12:00,16,0.0
2025-7-28,12:00,17,0.0
2025-7-28,12:00,18,1231.0125
2025-7-28,12:00,19,2658.1676
2025-7-28,12:00,20,4777.5733
2025-7-28,12:00,21,6002.487
2025-7-28,12:00,22,7042.4124
2025-7-28,12:00,23,6619.7676
2025-7-28,12:00,24,8075.5959
2025-7-28,18:00,1,0.0
2025-7-28,18:00,2,0.0
2025-7-28,18:00,3,0.0
2025-7-28,18:00,4,0.0
2025-7-28,18:00,5,0.0
2025-7-28,18:00,6,0.0
2025-7-28,18:00,7,0.0
2025-7-28,18:00,8,0.0
2025-7-28,18:00,9,0.0
2025-7-28,18:00,10,0.0
2025-7-28,18:00,11,0.0
2025-7-28,18:00,12,929.4597
2025-7-28,18:00,13,1801.138
2025-7-28,18:00,14,3789.6835
2025-7-28,18:00,15,4639.8532
2025-7-28,18:00,16,5725.0209
2025-7-28,18:00,17,4659.9142
2025-7-28,18:00,18,5863.0247
2025-7-28,18:00,19,5145.2429
2025-7-28,18:00,20,5271.0082
2025-7-28,18:00,21,4014.6119
2025-7-28,18:00,22,3586.5884
2025-7-28,18:00,23,2130.0243
2025-7-28,18:00,24,872.8358
2025-7-29,0:00,1,0.0
2025-7-29,0:00,2,0.0
2025-7-29,0:00,3,0.0
2025-7-29,0:00,4,0.0
2025-7-29,0:00,5,0.0
2025-7-29,0:00,6,1151.9984
2025-7-29,0:00,7,2594.1323
2025-7-29,0:00,8,4475.6935
2025-7-29,0:00,9,5827.1458
2025-7-29,0:00,10,7048.1541
2025-7-29,0:00,11,7096.9614
2025-7-29,0:00,12,8075.7354
2025-7-29,0:00,13,8209.4147
2025-7-29,0:00,14,7721.2989
2025-7-29,0:00,15,5783.8191
2025-7-29,0:00,16,4116.8963
2025-7-29,0:00,17,2432.3037
2025-7-29,0:00,18,1055.4385
2025-7-29,0:00,19,0.0
2025-7-29,0:00,20,0.0
2025-7-29,0:00,21,0.0
2025-7-29,0:00,22,0.0
2025-7-29,0:00,23,0.0
2025-7-29,0:00,24,0.0
2025-7-29,6:00,1,2435.4217
2025-7-29,6:00,2,4108.0266
2025-7-29,6:00,3,5493.6379
2025-7-29,6:00,4,6030.6823
2025-7-29,6:00,5,5735.026
2025-7-29,6:00,6,7084.8742
2025-7-29,6:00,7,7453.1789
2025-7-29,6:00,8,6837.0563
2025-7-29,6:00,9,5892.8235
2025-7-29,6:00,10,4606.0474
2025-7-29,6:00,11,2702.4102
2025-7-29,6:00,12,1095.4078
2025-7-29,6:00,13,0.0
2025-7-29,6:00,14,0.0
2025-7-29,6:00,15,0.0
2025-7-29,6:00,16,0.0
2025-7-29,6:00,17,0.0
2025-7-29,6:00,18,0.0
2025-7-29,6:00,19,0.0
2025-7-29,6:00,20,0.0
2025-7-29,6:00,21,0.0
2025-7-29,6:00,22,0.0
2025-7-29,6:00,23,0.0
2025-7-29,6:00,24,794.5016
2025-7-29,12:00,1,7492.894
2025-7-29,12:00,2,6933.0207
2025-7-29,12:00,3,5738.0481
2025-7-29,12:00,4,4181.6836
2025-7-29,12:00,5,2311.6652
2025-7-29,12:00,6,910.2671
2025-7-29,12:00,7,0.0
2025-7-29,12:00,8,0.0
2025-7-29,12:00,9,0.0
2025-7-29,12:00,10,0.0
2025-7-29,12:00,11,0.0
2025-7-29,12:00,12,0.0
2025-7-29,12:00,13,0.0
2025-7-29,12:00,14,0.0
2025-7-29,12:00,15,0.0
2025-7-29,12:00,16,0.0
2025-7-29,12:00,17,0.0
2025-7-29,12:00,18,760.2373
2025-7-29,12:00,19,1994.2235
2025-7-29,12:00,20,4148.8857
2025-7-29,12:00,21,6496.5785
2025-7-29,12:00,22,8263.6882
2025-7-29,12:00,23,8956.163
2025-7-29,12:00,24,9612.8625
2025-7-29,18:00,1,0.0
2025-7-29,18:00,2,0.0
2025-7-29,18:00,3,0.0
2025-7-29,18:00,4,0.0
2025-7-29,18:00,5,0.0
2025-7-29,18:00,6,0.0
2025-7-29,18:00,7,0.0
2025-7-29,18:00,8,0.0
2025-7-29,18:00,9,0.0
2025-7-29,18:00,10,0.0
2025-7-29,18:00,11,0.0
2025-7-29,18:00,12,966.8573
2025-7-29,18:00,13,2558.9477
2025-7-29,18:00,14,3994.2636
2025-7-29,18:00,15,5686.876
2025-7-29,18:00,16,7787.1233
2025-7-29,18:00,17,8650.518
2025-7-29,18:00,18,9612.8625
2025-7-29,18:00,19,9785.3625
2025-7-29,18:00,20,7830.5112
2025-7-29,18:00,21,5479.933
2025-7-29,18:00,22,3612.6196
2025-7-29,18:00,23,2409.59
2025-7-29,18:00,24,910.077
2025-7-30,0:00,1,0.0
2025-7-30,0:00,2,0.0
2025-7-30,0:00,3,0.0
2025-7-30,0:00,4,0.0
2025-7-30,0:00,5,0.0
2025-7-30,0:00,6,979.3511
2025-7-30,0:00,7,2682.4398
2025-7-30,0:00,8,4119.2211
2025-7-30,0:00,9,5539.4598
2025-7-30,0:00,10,7562.1596
2025-7-30,0:00,11,7933.9022
2025-7-30,0:00,12,9290.3073
2025-7-30,0:00,13,9757.4487
2025-7-30,0:00,14,8954.8125
2025-7-30,0:00,15,7191.225
2025-7-30,0:00,16,4458.6684
2025-7-30,0:00,17,2864.5011
2025-7-30,0:00,18,1136.6077
2025-7-30,0:00,19,0.0
2025-7-30,0:00,20,0.0
2025-7-30,0:00,21,0.0
2025-7-30,0:00,22,0.0
2025-7-30,0:00,23,0.0
2025-7-30,0:00,24,0.0
2025-7-30,6:00,1,2384.3893
2025-7-30,6:00,2,3780.4919
2025-7-30,6:00,3,5230.9664
2025-7-30,6:00,4,6683.8851
2025-7-30,6:00,5,6987.9038
2025-7-30,6:00,6,8467.1696
2025-7-30,6:00,7,8449.0177
2025-7-30,6:00,8,7470.5265
2025-7-30,6:00,9,5739.0085
2025-7-30,6:00,10,3857.1721
2025-7-30,6:00,11,2571.8557
2025-7-30,6:00,12,853.7691
2025-7-30,6:00,13,0.0
2025-7-30,6:00,14,0.0
2025-7-30,6:00,15,0.0
2025-7-30,6:00,16,0.0
2025-7-30,6:00,17,0.0
2025-7-30,6:00,18,0.0
2025-7-30,6:00,19,0.0
2025-7-30,6:00,20,0.0
2025-7-30,6:00,21,0.0
2025-7-30,6:00,22,0.0
2025-7-30,6:00,23,0.0
2025-7-30,6:00,24,902.4244
2025-7-30,12:00,1,8093.0659
2025-7-30,12:00,2,7174.6888
2025-7-30,12:00,3,5311.9888
2025-7-30,12:00,4,3813.2323
2025-7-30,12:00,5,2641.0981
2025-7-30,12:00,6,980.4445
2025-7-30,12:00,7,0.0
2025-7-30,12:00,8,0.0
2025-7-30,12:00,9,0.0
2025-7-30,12:00,10,0.0
2025-7-30,12:00,11,0.0
2025-7-30,12:00,12,0.0
2025-7-30,12:00,13,0.0
2025-7-30,12:00,14,0.0
2025-7-30,12:00,15,0.0
2025-7-30,12:00,16,0.0
2025-7-30,12:00,17,0.0
2025-7-30,12:00,18,1218.1875
2025-7-30,12:00,19,3054.8625
2025-7-30,12:00,20,4742.0899
2025-7-30,12:00,21,6383.2028
2025-7-30,12:00,22,7602.6098
2025-7-30,12:00,23,8822.1156
2025-7-30,12:00,24,7239.5235
2025-7-30,18:00,1,0.0
2025-7-30,18:00,2,0.0
2025-7-30,18:00,3,0.0
2025-7-30,18:00,4,0.0
2025-7-30,18:00,5,0.0
2025-7-30,18:00,6,0.0
2025-7-30,18:00,7,0.0
2025-7-30,18:00,8,0.0
2025-7-30,18:00,9,0.0
2025-7-30,18:00,10,0.0
2025-7-30,18:00,11,0.0
2025-7-30,18:00,12,1071.9647
2025-7-30,18:00,13,2880.2493
2025-7-30,18:00,14,4171.0109
2025-7-30,18:00,15,5848.1934
2025-7-30,18:00,16,6303.2168
2025-7-30,18:00,17,6338.7593
2025-7-30,18:00,18,6820.1726
2025-7-30,18:00,19,5781.3661
2025-7-30,18:00,20,4115.5453
2025-7-30,18:00,21,4519.9795
2025-7-30,18:00,22,3550.6547
2025-7-30,18:00,23,1884.2685
2025-7-30,18:00,24,892.9929
2025-7-31,0:00,1,0.0
2025-7-31,0:00,2,0.0
2025-7-31,0:00,3,0.0
2025-7-31,0:00,4,0.0
2025-7-31,0:00,5,0.0
2025-7-31,0:00,6,1040.3685
2025-7-31,0:00,7,3054.8625
2025-7-31,0:00,8,4117.8794
2025-7-31,0:00,9,5919.3178
2025-7-31,0:00,10,6814.8346
2025-7-31,0:00,11,7982.7477
2025-7-31,0:00,12,8359.9491
2025-7-31,0:00,13,8393.9048
2025-7-31,0:00,14,6756.1251
2025-7-31,0:00,15,6622.8385
2025-7-31,0:00,16,5089.6125
2025-7-31,0:00,17,2802.455
2025-7-31,0:00,18,1013.3758
2025-7-31,0:00,19,0.0
2025-7-31,0:00,20,0.0
2025-7-31,0:00,21,0.0
2025-7-31,0:00,22,0.0
2025-7-31,0:00,23,0.0
2025-7-31,0:00,24,0.0
2025-7-31,6:00,1,2814.9206
2025-7-31,6:00,2,3764.9862
2025-7-31,6:00,3,5630.9703
2025-7-31,6:00,4,6614.7043
2025-7-31,6:00,5,7994.1957
2025-7-31,6:00,6,7826.996
2025-7-31,6:00,7,7539.2233
2025-7-31,6:00,8,6701.1248
2025-7-31,6:00,9,6031.6543
2025-7-31,6:00,10,4744.4873
2025-7-31,6:00,11,2672.3152
2025-7-31,6:00,12,995.1066
2025-7-31,6:00,13,0.0
2025-7-31,6:00,14,0.0
2025-7-31,6:00,15,0.0
2025-7-31,6:00,16,0.0
2025-7-31,6:00,17,0.0
2025-7-31,6:00,18,0.0
2025-7-31,6:00,19,0.0
2025-7-31,6:00,20,0.0
2025-7-31,6:00,21,0.0
2025-7-31,6:00,22,0.0
2025-7-31,6:00,23,0.0
2025-7-31,6:00,24,1218.1875
2025-7-31,12:00,1,7349.4573
2025-7-31,12:00,2,6579.8615
2025-7-31,12:00,3,5739.2505
2025-7-31,12:00,4,4428.6133
2025-7-31,12:00,5,2473.3085
2025-7-31,12:00,6,975.4477
2025-7-31,12:00,7,0.0
2025-7-31,12:00,8,0.0
2025-7-31,12:00,9,0.0
2025-7-31,12:00,10,0.0
2025-7-31,12:00,11,0.0
2025-7-31,12:00,12,0.0
2025-7-31,12:00,13,0.0
2025-7-31,12:00,14,0.0
2025-7-31,12:00,15,0.0
2025-7-31,12:00,16,0.0
2025-7-31,12:00,17,0.0
2025-7-31,12:00,18,1218.1875
2025-7-31,12:00,19,3054.8625
2025-7-31,12:00,20,5050.05
2025-7-31,12:00,21,7292.1
2025-7-31,12:00,22,8376.0
2025-7-31,12:00,23,9358.8375
2025-7-31,12:00,24,9599.9963
2025-7-31,18:00,1,0.0
2025-7-31,18:00,2,0.0
2025-7-31,18:00,3,0.0
2025-7-31,18:00,4,0.0
2025-7-31,18:00,5,0.0
2025-7-31,18:00,6,0.0
2025-7-31,18:00,7,0.0
2025-7-31,18:00,8,0.0
2025-7-31,18:00,9,0.0
2025-7-31,18:00,10,0.0
2025-7-31,18:00,11,0.0
2025-7-31,18:00,12,1218.1875
2025-7-31,18:00,13,3054.8625
2025-7-31,18:00,14,4688.8496
2025-7-31,18:00,15,6432.2588
2025-7-31,18:00,16,7905.4038
2025-7-31,18:00,17,9358.8375
2025-7-31,18:00,18,9708.2625
2025-7-31,18:00,19,9785.3625
2025-7-31,18:00,20,8954.8125
2025-7-31,18:00,21,6688.4529
2025-7-31,18:00,22,3383.9833
2025-7-31,18:00,23,1643.6189
2025-7-31,18:00,24,240.447
2025-8-1,0:00,1,0.0
2025-8-1,0:00,2,0.0
2025-8-1,0:00,3,0.0
2025-8-1,0:00,4,0.0
2025-8-1,0:00,5,0.0
2025-8-1,0:00,6,1217.2879
2025-8-1,0:00,7,2982.6738
2025-8-1,0:00,8,4661.4147
2025-8-1,0:00,9,6792.4877
2025-8-1,0:00,10,7782.5117
2025-8-1,0:00,11,8589.4639
2025-8-1,0:00,12,8006.5408
2025-8-1,0:00,13,8267.5793
2025-8-1,0:00,14,6892.4727
2025-8-1,0:00,15,5542.7391
2025-8-1,0:00,16,4053.5333
2025-8-1,0:00,17,2305.6071
2025-8-1,0:00,18,997.3558
2025-8-1,0:00,19,0.0
2025-8-1,0:00,20,0.0
2025-8-1,0:00,21,0.0
2025-8-1,0:00,22,0.0
2025-8-1,0:00,23,0.0
2025-8-1,0:00,24,0.0
2025-8-1,6:00,1,2972.4481
2025-8-1,6:00,2,4523.742
2025-8-1,6:00,3,6738.6333
2025-8-1,6:00,4,7833.8435
2025-8-1,6:00,5,9198.1753
2025-8-1,6:00,6,9012.366
2025-8-1,6:00,7,9785.3625
2025-8-1,6:00,8,8871.0515
2025-8-1,6:00,9,6812.9717
2025-8-1,6:00,10,4739.9249
2025-8-1,6:00,11,2803.7414
2025-8-1,6:00,12,995.3374
2025-8-1,6:00,13,0.0
2025-8-1,6:00,14,0.0
2025-8-1,6:00,15,0.0
2025-8-1,6:00,16,0.0
2025-8-1,6:00,17,0.0
2025-8-1,6:00,18,0.0
2025-8-1,6:00,19,0.0
2025-8-1,6:00,20,0.0
2025-8-1,6:00,21,0.0
2025-8-1,6:00,22,0.0
2025-8-1,6:00,23,0.0
2025-8-1,6:00,24,991.7894
2025-8-1,12:00,1,9070.6785
2025-8-1,12:00,2,7791.5965
2025-8-1,12:00,3,6229.8801
2025-8-1,12:00,4,4785.1919
2025-8-1,12:00,5,2877.7144
2025-8-1,12:00,6,1048.4932
2025-8-1,12:00,7,0.0
2025-8-1,12:00,8,0.0
2025-8-1,12:00,9,0.0
2025-8-1,12:00,10,0.0
2025-8-1,12:00,11,0.0
2025-8-1,12:00,12,0.0
2025-8-1,12:00,13,0.0
2025-8-1,12:00,14,0.0
2025-8-1,12:00,15,0.0
2025-8-1,12:00,16,0.0
2025-8-1,12:00,17,0.0
2025-8-1,12:00,18,1200.5835
2025-8-1,12:00,19,3016.2237
2025-8-1,12:00,20,4933.6986
2025-8-1,12:00,21,5954.1433
2025-8-1,12:00,22,8160.897
2025-8-1,12:00,23,6428.5745
2025-8-1,12:00,24,8783.1381
2025-8-1,18:00,1,0.0
2025-8-1,18:00,2,0.0
2025-8-1,18:00,3,0.0
2025-8-1,18:00,4,0.0
2025-8-1,18:00,5,0.0
2025-8-1,18:00,6,0.0
2025-8-1,18:00,7,0.0
2025-8-1,18:00,8,0.0
2025-8-1,18:00,9,0.0
2025-8-1,18:00,10,0.0
2025-8-1,18:00,11,0.0
2025-8-1,18:00,12,1032.9319
2025-8-1,18:00,13,2941.7259
2025-8-1,18:00,14,4869.6429
2025-8-1,18:00,15,7292.1
2025-8-1,18:00,16,8376.0
2025-8-1,18:00,17,9542.025
2025-8-1,18:00,18,8965.6217
2025-8-1,18:00,19,8896.8617
2025-8-1,18:00,20,7710.9485
2025-8-1,18:00,21,6773.8858
2025-8-1,18:00,22,4669.6336
2025-8-1,18:00,23,3138.9375
2025-8-1,18:00,24,1017.8032
2025-8-2,0:00,1,0.0
2025-8-2,0:00,2,0.0
2025-8-2,0:00,3,0.0
2025-8-2,0:00,4,0.0
2025-8-2,0:00,5,0.0
2025-8-2,0:00,6,1060.6624
2025-8-2,0:00,7,2764.4621
2025-8-2,0:00,8,4298.5166
2025-8-2,0:00,9,6244.6674
2025-8-2,0:00,10,7079.9094
2025-8-2,0:00,11,7461.8845
2025-8-2,0:00,12,7279.9513
2025-8-2,0:00,13,6630.1016
2025-8-2,0:00,14,5329.568
2025-8-2,0:00,15,4922.5471
2025-8-2,0:00,16,3598.0019
2025-8-2,0:00,17,2513.1127
2025-8-2,0:00,18,989.92
2025-8-2,0:00,19,0.0
2025-8-2,0:00,20,0.0
2025-8-2,0:00,21,0.0
2025-8-2,0:00,22,0.0
2025-8-2,0:00,23,0.0
2025-8-2,0:00,24,0.0
2025-8-2,6:00,1,2774.1859
2025-8-2,6:00,2,4322.3937
2025-8-2,6:00,3,6481.8716
2025-8-2,6:00,4,7838.3328
2025-8-2,6:00,5,8559.6954
2025-8-2,6:00,6,8420.5164
2025-8-2,6:00,7,8440.8694
2025-8-2,6:00,8,8181.643
2025-8-2,6:00,9,6501.6385
2025-8-2,6:00,10,4339.7903
2025-8-2,6:00,11,2871.7113
2025-8-2,6:00,12,1001.6542
2025-8-2,6:00,13,0.0
2025-8-2,6:00,14,0.0
2025-8-2,6:00,15,0.0
2025-8-2,6:00,16,0.0
2025-8-2,6:00,17,0.0
2025-8-2,6:00,18,0.0
2025-8-2,6:00,19,0.0
2025-8-2,6:00,20,0.0
2025-8-2,6:00,21,0.0
2025-8-2,6:00,22,0.0
2025-8-2,6:00,23,0.0
2025-8-2,6:00,24,1218.1875
2025-8-2,12:00,1,8820.5947
2025-8-2,12:00,2,8406.8224
2025-8-2,12:00,3,6640.6499
2025-8-2,12:00,4,4233.611
2025-8-2,12:00,5,2669.9835
2025-8-2,12:00,6,951.8922
2025-8-2,12:00,7,0.0
2025-8-2,12:00,8,0.0
2025-8-2,12:00,9,0.0
2025-8-2,12:00,10,0.0
2025-8-2,12:00,11,0.0
2025-8-2,12:00,12,0.0
2025-8-2,12:00,13,0.0
2025-8-2,12:00,14,0.0
2025-8-2,12:00,15,0.0
2025-8-2,12:00,16,0.0
2025-8-2,12:00,17,0.0
2025-8-2,12:00,18,902.1175
2025-8-2,12:00,19,2117.0989
2025-8-2,12:00,20,4438.0445
2025-8-2,12:00,21,7292.1
2025-8-2,12:00,22,7736.9531
2025-8-2,12:00,23,9542.025
2025-8-2,12:00,24,9708.2625
2025-8-2,18:00,1,0.0
2025-8-2,18:00,2,0.0
2025-8-2,18:00,3,0.0
2025-8-2,18:00,4,0.0
2025-8-2,18:00,5,0.0
2025-8-2,18:00,6,0.0
2025-8-2,18:00,7,0.0
2025-8-2,18:00,8,0.0
2025-8-2,18:00,9,0.0
2025-8-2,18:00,10,0.0
2025-8-2,18:00,11,0.0
2025-8-2,18:00,12,1021.7806
2025-8-2,18:00,13,2623.7206
2025-8-2,18:00,14,4411.7388
2025-8-2,18:00,15,7205.0741
2025-8-2,18:00,16,8376.0
2025-8-2,18:00,17,8498.7903
2025-8-2,18:00,18,8908.5392
2025-8-2,18:00,19,9493.2925
2025-8-2,18:00,20,7012.0157
2025-8-2,18:00,21,6379.8698
2025-8-2,18:00,22,5089.6125
2025-8-2,18:00,23,3138.9375
2025-8-2,18:00,24,1095.2625
2025-8-3,0:00,1,0.0
2025-8-3,0:00,2,0.0
2025-8-3,0:00,3,0.0
2025-8-3,0:00,4,0.0
2025-8-3,0:00,5,0.0
2025-8-3,0:00,6,1089.2469
2025-8-3,0:00,7,2834.7434
2025-8-3,0:00,8,4820.4869
2025-8-3,0:00,9,7117.7806
2025-8-3,0:00,10,8314.2467
2025-8-3,0:00,11,8682.3623
2025-8-3,0:00,12,9612.8548
2025-8-3,0:00,13,9785.3625
2025-8-3,0:00,14,8954.8125
2025-8-3,0:00,15,7191.225
2025-8-3,0:00,16,5089.6125
2025-8-3,0:00,17,3138.9375
2025-8-3,0:00,18,1095.2625
2025-8-3,0:00,19,0.0
2025-8-3,0:00,20,0.0
2025-8-3,0:00,21,0.0
2025-8-3,0:00,22,0.0
2025-8-3,0:00,23,0.0
2025-8-3,0:00,24,0.0
2025-8-3,6:00,1,2858.948
2025-8-3,6:00,2,4714.8236
2025-8-3,6:00,3,7292.1
2025-8-3,6:00,4,8376.0
2025-8-3,6:00,5,8700.8457
2025-8-3,6:00,6,8983.577
2025-8-3,6:00,7,9770.8225
2025-8-3,6:00,8,8149.1153
2025-8-3,6:00,9,6385.3017
2025-8-3,6:00,10,4375.2351
2025-8-3,6:00,11,2906.8606
2025-8-3,6:00,12,1024.1955
2025-8-3,6:00,13,0.0
2025-8-3,6:00,14,0.0
2025-8-3,6:00,15,0.0
2025-8-3,6:00,16,0.0
2025-8-3,6:00,17,0.0
2025-8-3,6:00,18,0.0
2025-8-3,6:00,19,0.0
2025-8-3,6:00,20,0.0
2025-8-3,6:00,21,0.0
2025-8-3,6:00,22,0.0
2025-8-3,6:00,23,0.0
2025-8-3,6:00,24,777.0636
2025-8-3,12:00,1,9785.3625
2025-8-3,12:00,2,8830.1411
2025-8-3,12:00,3,7191.225
2025-8-3,12:00,4,5089.6125
2025-8-3,12:00,5,3138.9375
2025-8-3,12:00,6,1095.2625
2025-8-3,12:00,7,0.0
2025-8-3,12:00,8,0.0
2025-8-3,12:00,9,0.0
2025-8-3,12:00,10,0.0
2025-8-3,12:00,11,0.0
2025-8-3,12:00,12,0.0
2025-8-3,12:00,13,0.0
2025-8-3,12:00,14,0.0
2025-8-3,12:00,15,0.0
2025-8-3,12:00,16,0.0
2025-8-3,12:00,17,0.0
2025-8-3,12:00,18,976.4027
2025-8-3,12:00,19,2988.675
2025-8-3,12:00,20,5050.05
2025-8-3,12:00,21,7292.1
2025-8-3,12:00,22,7793.0345
2025-8-3,12:00,23,8882.5876
2025-8-3,12:00,24,6618.172
2025-8-3,18:00,1,0.0
2025-8-3,18:00,2,0.0
2025-8-3,18:00,3,0.0
2025-8-3,18:00,4,0.0
2025-8-3,18:00,5,0.0
2025-8-3,18:00,6,0.0
2025-8-3,18:00,7,0.0
2025-8-3,18:00,8,0.0
2025-8-3,18:00,9,0.0
2025-8-3,18:00,10,0.0
2025-8-3,18:00,11,0.0
2025-8-3,18:00,12,1076.8842
2025-8-3,18:00,13,2949.2763
2025-8-3,18:00,14,4917.0201
2025-8-3,18:00,15,6875.9656
2025-8-3,18:00,16,7893.6154
2025-8-3,18:00,17,7424.8724
2025-8-3,18:00,18,8630.5217
2025-8-3,18:00,19,7739.3864
2025-8-3,18:00,20,7038.9107
2025-8-3,18:00,21,6124.4164
2025-8-3,18:00,22,4957.9296
2025-8-3,18:00,23,3138.9375
2025-8-3,18:00,24,1095.2625
2025-8-4,0:00,1,0.0
2025-8-4,0:00,2,0.0
2025-8-4,0:00,3,0.0
2025-8-4,0:00,4,0.0
2025-8-4,0:00,5,0.0
2025-8-4,0:00,6,917.2382
2025-8-4,0:00,7,2816.0373
2025-8-4,0:00,8,4784.1705
2025-8-4,0:00,9,6538.5711
2025-8-4,0:00,10,8376.0
2025-8-4,0:00,11,8893.567
2025-8-4,0:00,12,9051.2115
2025-8-4,0:00,13,9170.0783
2025-8-4,0:00,14,8814.6245
2025-8-4,0:00,15,6017.6881
2025-8-4,0:00,16,3867.8596
2025-8-4,0:00,17,2541.56
2025-8-4,0:00,18,794.7367
2025-8-4,0:00,19,0.0
2025-8-4,0:00,20,0.0
2025-8-4,0:00,21,0.0
2025-8-4,0:00,22,0.0
2025-8-4,0:00,23,0.0
2025-8-4,0:00,24,0.0
2025-8-4,6:00,1,2843.6405
2025-8-4,6:00,2,4682.9962
2025-8-4,6:00,3,6647.0386
2025-8-4,6:00,4,7688.2163
2025-8-4,6:00,5,8206.074
2025-8-4,6:00,6,8478.8907
2025-8-4,6:00,7,8593.7851
2025-8-4,6:00,8,7435.4081
2025-8-4,6:00,9,6168.6769
2025-8-4,6:00,10,4097.6895
2025-8-4,6:00,11,2437.0916
2025-8-4,6:00,12,805.7807
2025-8-4,6:00,13,0.0
2025-8-4,6:00,14,0.0
2025-8-4,6:00,15,0.0
2025-8-4,6:00,16,0.0
2025-8-4,6:00,17,0.0
2025-8-4,6:00,18,0.0
2025-8-4,6:00,19,0.0
2025-8-4,6:00,20,0.0
2025-8-4,6:00,21,0.0
2025-8-4,6:00,22,0.0
2025-8-4,6:00,23,0.0
2025-8-4,6:00,24,1013.0761
2025-8-4,12:00,1,8989.4282
2025-8-4,12:00,2,8405.8834
2025-8-4,12:00,3,6793.4506
2025-8-4,12:00,4,4793.2385
2025-8-4,12:00,5,3138.9375
2025-8-4,12:00,6,1069.5847
2025-8-4,12:00,7,0.0
2025-8-4,12:00,8,0.0
2025-8-4,12:00,9,0.0
2025-8-4,12:00,10,0.0
2025-8-4,12:00,11,0.0
2025-8-4,12:00,12,0.0
2025-8-4,12:00,13,0.0
2025-8-4,12:00,14,0.0
2025-8-4,12:00,15,0.0
2025-8-4,12:00,16,0.0
2025-8-4,12:00,17,0.0
2025-8-4,12:00,18,633.4423
2025-8-4,12:00,19,2259.8797
2025-8-4,12:00,20,4082.4963
2025-8-4,12:00,21,6288.6582
2025-8-4,12:00,22,8214.8706
2025-8-4,12:00,23,9070.6771
2025-8-4,12:00,24,9093.4739
2025-8-4,18:00,1,0.0
2025-8-4,18:00,2,0.0
2025-8-4,18:00,3,0.0
2025-8-4,18:00,4,0.0
2025-8-4,18:00,5,0.0
2025-8-4,18:00,6,0.0
2025-8-4,18:00,7,0.0
2025-8-4,18:00,8,0.0
2025-8-4,18:00,9,0.0
2025-8-4,18:00,10,0.0
2025-8-4,18:00,11,0.0
2025-8-4,18:00,12,963.9653
2025-8-4,18:00,13,2988.675
2025-8-4,18:00,14,4992.2098
2025-8-4,18:00,15,7292.1
2025-8-4,18:00,16,8371.4718
2025-8-4,18:00,17,8337.7856
2025-8-4,18:00,18,9236.738
2025-8-4,18:00,19,9785.3625
2025-8-4,18:00,20,7190.2786
2025-8-4,18:00,21,5282.4415
2025-8-4,18:00,22,4146.8092
2025-8-4,18:00,23,2676.6986
2025-8-4,18:00,24,869.6247
2025-8-5,0:00,1,0.0
2025-8-5,0:00,2,0.0
2025-8-5,0:00,3,0.0
2025-8-5,0:00,4,0.0
2025-8-5,0:00,5,0.0
2025-8-5,0:00,6,835.0473
2025-8-5,0:00,7,2638.4614
2025-8-5,0:00,8,4515.554
2025-8-5,0:00,9,6373.7526
2025-8-5,0:00,10,8270.38
2025-8-5,0:00,11,9205.4387
2025-8-5,0:00,12,9708.2625
2025-8-5,0:00,13,9693.0687
2025-8-5,0:00,14,8033.6926
2025-8-5,0:00,15,6888.3049
2025-8-5,0:00,16,4388.3347
2025-8-5,0:00,17,2678.7907
2025-8-5,0:00,18,1059.4125
2025-8-5,0:00,19,0.0
2025-8-5,0:00,20,0.0
2025-8-5,0:00,21,0.0
2025-8-5,0:00,22,0.0
2025-8-5,0:00,23,0.0
2025-8-5,0:00,24,0.0
2025-8-5,6:00,1,2696.6912
2025-8-5,6:00,2,4733.4222
2025-8-5,6:00,3,6177.4377
2025-8-5,6:00,4,7436.1789
2025-8-5,6:00,5,8084.9015
2025-8-5,6:00,6,9105.7369
2025-8-5,6:00,7,8636.8409
2025-8-5,6:00,8,7806.1092
2025-8-5,6:00,9,6534.1298
2025-8-5,6:00,10,4054.6597
2025-8-5,6:00,11,2761.3153
2025-8-5,6:00,12,989.6847
2025-8-5,6:00,13,0.0
2025-8-5,6:00,14,0.0
2025-8-5,6:00,15,0.0
2025-8-5,6:00,16,0.0
2025-8-5,6:00,17,0.0
2025-8-5,6:00,18,0.0
2025-8-5,6:00,19,0.0
2025-8-5,6:00,20,0.0
2025-8-5,6:00,21,0.0
2025-8-5,6:00,22,0.0
2025-8-5,6:00,23,0.0
2025-8-5,6:00,24,881.2961
2025-8-5,12:00,1,9013.7173
2025-8-5,12:00,2,8449.6443
2025-8-5,12:00,3,6501.1078
2025-8-5,12:00,4,4699.1534
2025-8-5,12:00,5,3039.8807
2025-8-5,12:00,6,1042.8533
2025-8-5,12:00,7,0.0
2025-8-5,12:00,8,0.0
2025-8-5,12:00,9,0.0
2025-8-5,12:00,10,0.0
2025-8-5,12:00,11,0.0
2025-8-5,12:00,12,0.0
2025-8-5,12:00,13,0.0
2025-8-5,12:00,14,0.0
2025-8-5,12:00,15,0.0
2025-8-5,12:00,16,0.0
2025-8-5,12:00,17,0.0
2025-8-5,12:00,18,966.8621
2025-8-5,12:00,19,2439.8711
2025-8-5,12:00,20,3808.5508
2025-8-5,12:00,21,5465.1345
2025-8-5,12:00,22,5034.4964
2025-8-5,12:00,23,5208.1586
2025-8-5,12:00,24,5202.396
2025-8-5,18:00,1,0.0
2025-8-5,18:00,2,0.0
2025-8-5,18:00,3,0.0
2025-8-5,18:00,4,0.0
2025-8-5,18:00,5,0.0
2025-8-5,18:00,6,0.0
2025-8-5,18:00,7,0.0
2025-8-5,18:00,8,0.0
2025-8-5,18:00,9,0.0
2025-8-5,18:00,10,0.0
2025-8-5,18:00,11,0.0
2025-8-5,18:00,12,709.0515
2025-8-5,18:00,13,1926.1254
2025-8-5,18:00,14,3928.3329
2025-8-5,18:00,15,5262.3325
2025-8-5,18:00,16,5324.7782
2025-8-5,18:00,17,6443.1229
2025-8-5,18:00,18,7587.3991
2025-8-5,18:00,19,6916.6659
2025-8-5,18:00,20,6764.0657
2025-8-5,18:00,21,5361.9445
2025-8-5,18:00,22,3945.7266
2025-8-5,18:00,23,2642.377
2025-8-5,18:00,24,854.1546
2025-8-6,0:00,1,0.0
2025-8-6,0:00,2,0.0
2025-8-6,0:00,3,0.0
2025-8-6,0:00,4,0.0
2025-8-6,0:00,5,0.0
2025-8-6,0:00,6,931.9271
2025-8-6,0:00,7,2815.0567
2025-8-6,0:00,8,5011.5599
2025-8-6,0:00,9,7292.1
2025-8-6,0:00,10,8376.0
2025-8-6,0:00,11,8659.3452
2025-8-6,0:00,12,9217.7444
2025-8-6,0:00,13,8634.3159
2025-8-6,0:00,14,6573.7315
2025-8-6,0:00,15,3419.8926
2025-8-6,0:00,16,3086.8078
2025-8-6,0:00,17,2081.8679
2025-8-6,0:00,18,782.8645
2025-8-6,0:00,19,0.0
2025-8-6,0:00,20,0.0
2025-8-6,0:00,21,0.0
2025-8-6,0:00,22,0.0
2025-8-6,0:00,23,0.0
2025-8-6,0:00,24,0.0
2025-8-6,6:00,1,2692.0005
2025-8-6,6:00,2,4702.9448
2025-8-6,6:00,3,6719.0961
2025-8-6,6:00,4,8122.6141
2025-8-6,6:00,5,8392.9767
2025-8-6,6:00,6,9029.3495
2025-8-6,6:00,7,8487.5173
2025-8-6,6:00,8,7051.8946
2025-8-6,6:00,9,5267.3301
2025-8-6,6:00,10,4002.4246
2025-8-6,6:00,11,2978.1586
2025-8-6,6:00,12,1049.4067
2025-8-6,6:00,13,0.0
2025-8-6,6:00,14,0.0
2025-8-6,6:00,15,0.0
2025-8-6,6:00,16,0.0
2025-8-6,6:00,17,0.0
2025-8-6,6:00,18,0.0
2025-8-6,6:00,19,0.0
2025-8-6,6:00,20,0.0
2025-8-6,6:00,21,0.0
2025-8-6,6:00,22,0.0
2025-8-6,6:00,23,0.0
2025-8-6,6:00,24,908.9899
2025-8-6,12:00,1,8393.0542
2025-8-6,12:00,2,7117.9571
2025-8-6,12:00,3,5146.7715
2025-8-6,12:00,4,3815.6638
2025-8-6,12:00,5,2645.0719
2025-8-6,12:00,6,974.0414
2025-8-6,12:00,7,0.0
2025-8-6,12:00,8,0.0
2025-8-6,12:00,9,0.0
2025-8-6,12:00,10,0.0
2025-8-6,12:00,11,0.0
2025-8-6,12:00,12,0.0
2025-8-6,12:00,13,0.0
2025-8-6,12:00,14,0.0
2025-8-6,12:00,15,0.0
2025-8-6,12:00,16,0.0
2025-8-6,12:00,17,0.0
2025-8-6,12:00,18,880.0528
2025-8-6,12:00,19,2487.2304
2025-8-6,12:00,20,4767.3326
2025-8-6,12:00,21,5741.8453
2025-8-6,12:00,22,7113.0152
2025-8-6,12:00,23,7724.2837
2025-8-6,12:00,24,8832.7876
2025-8-6,18:00,1,0.0
2025-8-6,18:00,2,0.0
2025-8-6,18:00,3,0.0
2025-8-6,18:00,4,0.0
2025-8-6,18:00,5,0.0
2025-8-6,18:00,6,0.0
2025-8-6,18:00,7,0.0
2025-8-6,18:00,8,0.0
2025-8-6,18:00,9,0.0
2025-8-6,18:00,10,0.0
2025-8-6,18:00,11,0.0
2025-8-6,18:00,12,1115.3798
2025-8-6,18:00,13,2608.8336
2025-8-6,18:00,14,4745.9229
2025-8-6,18:00,15,7121.6081
2025-8-6,18:00,16,7097.0166
2025-8-6,18:00,17,9542.025
2025-8-6,18:00,18,9708.2625
2025-8-6,18:00,19,9785.3625
2025-8-6,18:00,20,8954.8125
2025-8-6,18:00,21,7191.225
2025-8-6,18:00,22,5008.9959
2025-8-6,18:00,23,2791.6422
2025-8-6,18:00,24,1059.4125
2025-8-7,0:00,1,0.0
2025-8-7,0:00,2,0.0
2025-8-7,0:00,3,0.0
2025-8-7,0:00,4,0.0
2025-8-7,0:00,5,0.0
2025-8-7,0:00,6,1049.2521
2025-8-7,0:00,7,2697.3466
2025-8-7,0:00,8,4084.0592
2025-8-7,0:00,9,5814.722
2025-8-7,0:00,10,6783.9278
2025-8-7,0:00,11,7048.3572
2025-8-7,0:00,12,7658.0567
2025-8-7,0:00,13,7223.4436
2025-8-7,0:00,14,7628.5551
2025-8-7,0:00,15,5559.6385
2025-8-7,0:00,16,4844.5324
2025-8-7,0:00,17,3138.9375
2025-8-7,0:00,18,1059.4125
2025-8-7,0:00,19,0.0
2025-8-7,0:00,20,0.0
2025-8-7,0:00,21,0.0
2025-8-7,0:00,22,0.0
2025-8-7,0:00,23,0.0
2025-8-7,0:00,24,0.0
2025-8-7,6:00,1,2624.8072
2025-8-7,6:00,2,4409.4947
2025-8-7,6:00,3,6646.3677
2025-8-7,6:00,4,7764.9433
2025-8-7,6:00,5,8942.1463
2025-8-7,6:00,6,9476.5342
2025-8-7,6:00,7,8737.0122
2025-8-7,6:00,8,7843.5586
2025-8-7,6:00,9,5589.9407
2025-8-7,6:00,10,4206.3171
2025-8-7,6:00,11,2627.8591
2025-8-7,6:00,12,944.3957
2025-8-7,6:00,13,0.0
2025-8-7,6:00,14,0.0
2025-8-7,6:00,15,0.0
2025-8-7,6:00,16,0.0
2025-8-7,6:00,17,0.0
2025-8-7,6:00,18,0.0
2025-8-7,6:00,19,0.0
2025-8-7,6:00,20,0.0
2025-8-7,6:00,21,0.0
2025-8-7,6:00,22,0.0
2025-8-7,6:00,23,0.0
2025-8-7,6:00,24,756.824
2025-8-7,12:00,1,9334.3097
2025-8-7,12:00,2,8700.6932
2025-8-7,12:00,3,6201.7082
2025-8-7,12:00,4,4427.8068
2025-8-7,12:00,5,2638.1517
2025-8-7,12:00,6,903.0344
2025-8-7,12:00,7,0.0
2025-8-7,12:00,8,0.0
2025-8-7,12:00,9,0.0
2025-8-7,12:00,10,0.0
2025-8-7,12:00,11,0.0
2025-8-7,12:00,12,0.0
2025-8-7,12:00,13,0.0
2025-8-7,12:00,14,0.0
2025-8-7,12:00,15,0.0
2025-8-7,12:00,16,0.0
2025-8-7,12:00,17,0.0
2025-8-7,12:00,18,1031.1296
2025-8-7,12:00,19,2881.0552
2025-8-7,12:00,20,4713.186
2025-8-7,12:00,21,5578.216
2025-8-7,12:00,22,8376.0
2025-8-7,12:00,23,9542.025
2025-8-7,12:00,24,9708.2625
2025-8-7,18:00,1,0.0
2025-8-7,18:00,2,0.0
2025-8-7,18:00,3,0.0
2025-8-7,18:00,4,0.0
2025-8-7,18:00,5,0.0
2025-8-7,18:00,6,0.0
2025-8-7,18:00,7,0.0
2025-8-7,18:00,8,0.0
2025-8-7,18:00,9,0.0
2025-8-7,18:00,10,0.0
2025-8-7,18:00,11,0.0
2025-8-7,18:00,12,845.3066
2025-8-7,18:00,13,2405.8334
2025-8-7,18:00,14,4379.0944
2025-8-7,18:00,15,6492.0909
2025-8-7,18:00,16,8234.2306
2025-8-7,18:00,17,7917.2437
2025-8-7,18:00,18,7807.5775
2025-8-7,18:00,19,8009.3521
2025-8-7,18:00,20,6497.2837
2025-8-7,18:00,21,4086.4145
2025-8-7,18:00,22,4158.9436
2025-8-7,18:00,23,2616.1712
2025-8-7,18:00,24,551.6175
2025-8-8,0:00,1,0.0
2025-8-8,0:00,2,0.0
2025-8-8,0:00,3,0.0
2025-8-8,0:00,4,0.0
2025-8-8,0:00,5,0.0
2025-8-8,0:00,6,842.9833
2025-8-8,0:00,7,2557.09
2025-8-8,0:00,8,4203.5655
2025-8-8,0:00,9,6405.866
2025-8-8,0:00,10,8376.0
2025-8-8,0:00,11,9542.025
2025-8-8,0:00,12,9708.2625
2025-8-8,0:00,13,9785.3625
2025-8-8,0:00,14,8954.8125
2025-8-8,0:00,15,7191.225
2025-8-8,0:00,16,4746.0286
2025-8-8,0:00,17,2819.6834
2025-8-8,0:00,18,952.3581
2025-8-8,0:00,19,0.0
2025-8-8,0:00,20,0.0
2025-8-8,0:00,21,0.0
2025-8-8,0:00,22,0.0
2025-8-8,0:00,23,0.0
2025-8-8,0:00,24,0.0
2025-8-8,6:00,1,2522.4161
2025-8-8,6:00,2,4375.734
2025-8-8,6:00,3,6242.4623
2025-8-8,6:00,4,8376.0
2025-8-8,6:00,5,9542.025
2025-8-8,6:00,6,9708.2625
2025-8-8,6:00,7,9480.0981
2025-8-8,6:00,8,8954.8125
2025-8-8,6:00,9,6791.5194
2025-8-8,6:00,10,4955.617
2025-8-8,6:00,11,2743.9946
2025-8-8,6:00,12,840.5877
2025-8-8,6:00,13,0.0
2025-8-8,6:00,14,0.0
2025-8-8,6:00,15,0.0
2025-8-8,6:00,16,0.0
2025-8-8,6:00,17,0.0
2025-8-8,6:00,18,0.0
2025-8-8,6:00,19,0.0
2025-8-8,6:00,20,0.0
2025-8-8,6:00,21,0.0
2025-8-8,6:00,22,0.0
2025-8-8,6:00,23,0.0
2025-8-8,6:00,24,689.5208
2025-8-8,12:00,1,9217.3532
2025-8-8,12:00,2,8954.8125
2025-8-8,12:00,3,6751.571
2025-8-8,12:00,4,5100.156
2025-8-8,12:00,5,2773.1265
2025-8-8,12:00,6,927.967
2025-8-8,12:00,7,0.0
2025-8-8,12:00,8,0.0
2025-8-8,12:00,9,0.0
2025-8-8,12:00,10,0.0
2025-8-8,12:00,11,0.0
2025-8-8,12:00,12,0.0
2025-8-8,12:00,13,0.0
2025-8-8,12:00,14,0.0
2025-8-8,12:00,15,0.0
2025-8-8,12:00,16,0.0
2025-8-8,12:00,17,0.0
2025-8-8,12:00,18,538.7859
2025-8-8,12:00,19,1774.6833
2025-8-8,12:00,20,4027.7669
2025-8-8,12:00,21,6741.255
2025-8-8,12:00,22,7496.8527
2025-8-8,12:00,23,8190.9344
2025-8-8,12:00,24,8558.1951
2025-8-8,18:00,1,0.0
2025-8-8,18:00,2,0.0
2025-8-8,18:00,3,0.0
2025-8-8,18:00,4,0.0
2025-8-8,18:00,5,0.0
2025-8-8,18:00,6,0.0
2025-8-8,18:00,7,0.0
2025-8-8,18:00,8,0.0
2025-8-8,18:00,9,0.0
2025-8-8,18:00,10,0.0
2025-8-8,18:00,11,0.0
2025-8-8,18:00,12,905.2597
2025-8-8,18:00,13,2671.6776
2025-8-8,18:00,14,4617.3915
2025-8-8,18:00,15,7292.1
2025-8-8,18:00,16,8698.6875
2025-8-8,18:00,17,9542.025
2025-8-8,18:00,18,9428.1665
2025-8-8,18:00,19,9785.3625
2025-8-8,18:00,20,8954.8125
2025-8-8,18:00,21,5909.0352
2025-8-8,18:00,22,4395.2145
2025-8-8,18:00,23,2167.5386
2025-8-8,18:00,24,542.4126
2025-8-9,0:00,1,0.0
2025-8-9,0:00,2,0.0
2025-8-9,0:00,3,0.0
2025-8-9,0:00,4,0.0
2025-8-9,0:00,5,0.0
2025-8-9,0:00,6,834.7978
2025-8-9,0:00,7,2640.0534
2025-8-9,0:00,8,4899.9083
2025-8-9,0:00,9,7212.37
2025-8-9,0:00,10,8203.931
2025-8-9,0:00,11,7898.5572
2025-8-9,0:00,12,8280.3371
2025-8-9,0:00,13,7712.907
2025-8-9,0:00,14,8142.0673
2025-8-9,0:00,15,6187.9113
2025-8-9,0:00,16,4819.6446
2025-8-9,0:00,17,2627.6127
2025-8-9,0:00,18,801.8879
2025-8-9,0:00,19,0.0
2025-8-9,0:00,20,0.0
2025-8-9,0:00,21,0.0
2025-8-9,0:00,22,0.0
2025-8-9,0:00,23,0.0
2025-8-9,0:00,24,0.0
2025-8-9,6:00,1,2622.6403
2025-8-9,6:00,2,4821.8494
2025-8-9,6:00,3,7022.6156
2025-8-9,6:00,4,8698.6875
2025-8-9,6:00,5,8798.4357
2025-8-9,6:00,6,8610.3943
2025-8-9,6:00,7,7968.4512
2025-8-9,6:00,8,8389.6518
2025-8-9,6:00,9,6551.5835
2025-8-9,6:00,10,4970.1743
2025-8-9,6:00,11,2718.504
2025-8-9,6:00,12,870.0299
2025-8-9,6:00,13,0.0
2025-8-9,6:00,14,0.0
2025-8-9,6:00,15,0.0
2025-8-9,6:00,16,0.0
2025-8-9,6:00,17,0.0
2025-8-9,6:00,18,0.0
2025-8-9,6:00,19,0.0
2025-8-9,6:00,20,0.0
2025-8-9,6:00,21,0.0
2025-8-9,6:00,22,0.0
2025-8-9,6:00,23,0.0
2025-8-9,6:00,24,815.9809
2025-8-9,12:00,1,8044.7467
2025-8-9,12:00,2,8146.6886
2025-8-9,12:00,3,6319.7008
2025-8-9,12:00,4,4770.8461
2025-8-9,12:00,5,2617.6016
2025-8-9,12:00,6,821.1435
2025-8-9,12:00,7,0.0
2025-8-9,12:00,8,0.0
2025-8-9,12:00,9,0.0
2025-8-9,12:00,10,0.0
2025-8-9,12:00,11,0.0
2025-8-9,12:00,12,0.0
2025-8-9,12:00,13,0.0
2025-8-9,12:00,14,0.0
2025-8-9,12:00,15,0.0
2025-8-9,12:00,16,0.0
2025-8-9,12:00,17,0.0
2025-8-9,12:00,18,906.6295
2025-8-9,12:00,19,2677.8356
2025-8-9,12:00,20,5050.05
2025-8-9,12:00,21,7292.1
2025-8-9,12:00,22,8698.6875
2025-8-9,12:00,23,9542.025
2025-8-9,12:00,24,9891.9
2025-8-9,18:00,1,0.0
2025-8-9,18:00,2,0.0
2025-8-9,18:00,3,0.0
2025-8-9,18:00,4,0.0
2025-8-9,18:00,5,0.0
2025-8-9,18:00,6,0.0
2025-8-9,18:00,7,0.0
2025-8-9,18:00,8,0.0
2025-8-9,18:00,9,0.0
2025-8-9,18:00,10,0.0
2025-8-9,18:00,11,0.0
2025-8-9,18:00,12,939.7397
2025-8-9,18:00,13,2788.3563
2025-8-9,18:00,14,4235.4356
2025-8-9,18:00,15,5504.4122
2025-8-9,18:00,16,6784.3803
2025-8-9,18:00,17,8740.9332
2025-8-9,18:00,18,8798.9547
2025-8-9,18:00,19,7227.4335
2025-8-9,18:00,20,6772.2039
2025-8-9,18:00,21,7191.225
2025-8-9,18:00,22,4685.2659
2025-8-9,18:00,23,2690.5342
2025-8-9,18:00,24,973.542
2025-8-10,0:00,1,0.0
2025-8-10,0:00,2,0.0
2025-8-10,0:00,3,0.0
2025-8-10,0:00,4,0.0
2025-8-10,0:00,5,0.0
2025-8-10,0:00,6,902.3104
2025-8-10,0:00,7,2988.675
2025-8-10,0:00,8,4887.2193
2025-8-10,0:00,9,7275.5789
2025-8-10,0:00,10,8416.0596
2025-8-10,0:00,11,9542.025
2025-8-10,0:00,12,8424.7164
2025-8-10,0:00,13,7828.1127
2025-8-10,0:00,14,6371.785
2025-8-10,0:00,15,6529.8421
2025-8-10,0:00,16,4245.5844
2025-8-10,0:00,17,2428.9982
2025-8-10,0:00,18,728.4354
2025-8-10,0:00,19,0.0
2025-8-10,0:00,20,0.0
2025-8-10,0:00,21,0.0
2025-8-10,0:00,22,0.0
2025-8-10,0:00,23,0.0
2025-8-10,0:00,24,0.0
2025-8-10,6:00,1,2988.675
2025-8-10,6:00,2,4764.4382
2025-8-10,6:00,3,6659.225
2025-8-10,6:00,4,8153.3325
2025-8-10,6:00,5,9542.025
2025-8-10,6:00,6,9173.2023
2025-8-10,6:00,7,8109.7967
2025-8-10,6:00,8,7666.5863
2025-8-10,6:00,9,6502.038
2025-8-10,6:00,10,4364.8738
2025-8-10,6:00,11,2633.9376
2025-8-10,6:00,12,887.3348
2025-8-10,6:00,13,0.0
2025-8-10,6:00,14,0.0
2025-8-10,6:00,15,0.0
2025-8-10,6:00,16,0.0
2025-8-10,6:00,17,0.0
2025-8-10,6:00,18,0.0
2025-8-10,6:00,19,0.0
2025-8-10,6:00,20,0.0
2025-8-10,6:00,21,0.0
2025-8-10,6:00,22,0.0
2025-8-10,6:00,23,0.0
2025-8-10,6:00,24,1162.6884
2025-8-10,12:00,1,7938.8606
2025-8-10,12:00,2,7811.6591
2025-8-10,12:00,3,6887.5782
2025-8-10,12:00,4,4607.3187
2025-8-10,12:00,5,2614.9576
2025-8-10,12:00,6,862.286
2025-8-10,12:00,7,0.0
2025-8-10,12:00,8,0.0
2025-8-10,12:00,9,0.0
2025-8-10,12:00,10,0.0
2025-8-10,12:00,11,0.0
2025-8-10,12:00,12,0.0
2025-8-10,12:00,13,0.0
2025-8-10,12:00,14,0.0
2025-8-10,12:00,15,0.0
2025-8-10,12:00,16,0.0
2025-8-10,12:00,17,0.0
2025-8-10,12:00,18,856.6185
2025-8-10,12:00,19,2883.2095
2025-8-10,12:00,20,5050.05
2025-8-10,12:00,21,5988.7157
2025-8-10,12:00,22,8591.1312
2025-8-10,12:00,23,9375.3347
2025-8-10,12:00,24,7167.4542
2025-8-10,18:00,1,0.0
2025-8-10,18:00,2,0.0
2025-8-10,18:00,3,0.0
2025-8-10,18:00,4,0.0
2025-8-10,18:00,5,0.0
2025-8-10,18:00,6,0.0
2025-8-10,18:00,7,0.0
2025-8-10,18:00,8,0.0
2025-8-10,18:00,9,0.0
2025-8-10,18:00,10,0.0
2025-8-10,18:00,11,0.0
2025-8-10,18:00,12,771.5644
2025-8-10,18:00,13,2155.3452
2025-8-10,18:00,14,3588.9021
2025-8-10,18:00,15,4993.0498
2025-8-10,18:00,16,5856.8681
2025-8-10,18:00,17,6822.201
2025-8-10,18:00,18,6636.4332
2025-8-10,18:00,19,6334.1844
2025-8-10,18:00,20,6674.9658
2025-8-10,18:00,21,5326.2453
2025-8-10,18:00,22,4313.8076
2025-8-10,18:00,23,2467.3291
2025-8-10,18:00,24,815.6496
2025-8-11,0:00,1,0.0
2025-8-11,0:00,2,0.0
2025-8-11,0:00,3,0.0
2025-8-11,0:00,4,0.0
2025-8-11,0:00,5,0.0
2025-8-11,0:00,6,862.3035
2025-8-11,0:00,7,2650.337
2025-8-11,0:00,8,4766.6281
2025-8-11,0:00,9,5941.0384
2025-8-11,0:00,10,6936.438
2025-8-11,0:00,11,9133.7739
2025-8-11,0:00,12,9206.0107
2025-8-11,0:00,13,7747.9535
2025-8-11,0:00,14,8667.0228
2025-8-11,0:00,15,7191.225
2025-8-11,0:00,16,5102.325
2025-8-11,0:00,17,3039.4565
2025-8-11,0:00,18,1041.329
2025-8-11,0:00,19,0.0
2025-8-11,0:00,20,0.0
2025-8-11,0:00,21,0.0
2025-8-11,0:00,22,0.0
2025-8-11,0:00,23,0.0
2025-8-11,0:00,24,0.0
2025-8-11,6:00,1,2658.731
2025-8-11,6:00,2,4605.4761
2025-8-11,6:00,3,5792.5847
2025-8-11,6:00,4,7266.1546
2025-8-11,6:00,5,8774.2559
2025-8-11,6:00,6,8726.3291
2025-8-11,6:00,7,7913.5295
2025-8-11,6:00,8,8723.8084
2025-8-11,6:00,9,6613.2925
2025-8-11,6:00,10,4651.673
2025-8-11,6:00,11,2533.8244
2025-8-11,6:00,12,921.9144
2025-8-11,6:00,13,0.0
2025-8-11,6:00,14,0.0
2025-8-11,6:00,15,0.0
2025-8-11,6:00,16,0.0
2025-8-11,6:00,17,0.0
2025-8-11,6:00,18,0.0
2025-8-11,6:00,19,0.0
2025-8-11,6:00,20,0.0
2025-8-11,6:00,21,0.0
2025-8-11,6:00,22,0.0
2025-8-11,6:00,23,0.0
2025-8-11,6:00,24,700.0406
2025-8-11,12:00,1,8130.2476
2025-8-11,12:00,2,8516.9123
2025-8-11,12:00,3,6352.8936
2025-8-11,12:00,4,4768.8258
2025-8-11,12:00,5,2646.0772
2025-8-11,12:00,6,896.6442
2025-8-11,12:00,7,0.0
2025-8-11,12:00,8,0.0
2025-8-11,12:00,9,0.0
2025-8-11,12:00,10,0.0
2025-8-11,12:00,11,0.0
2025-8-11,12:00,12,0.0
2025-8-11,12:00,13,0.0
2025-8-11,12:00,14,0.0
2025-8-11,12:00,15,0.0
2025-8-11,12:00,16,0.0
2025-8-11,12:00,17,0.0
2025-8-11,12:00,18,1002.4231
2025-8-11,12:00,19,2885.236
2025-8-11,12:00,20,5050.05
2025-8-11,12:00,21,6338.0991
2025-8-11,12:00,22,7585.257
2025-8-11,12:00,23,8687.7275
2025-8-11,12:00,24,9891.9
2025-8-11,18:00,1,0.0
2025-8-11,18:00,2,0.0
2025-8-11,18:00,3,0.0
2025-8-11,18:00,4,0.0
2025-8-11,18:00,5,0.0
2025-8-11,18:00,6,0.0
2025-8-11,18:00,7,0.0
2025-8-11,18:00,8,0.0
2025-8-11,18:00,9,0.0
2025-8-11,18:00,10,0.0
2025-8-11,18:00,11,0.0
2025-8-11,18:00,12,896.2992
2025-8-11,18:00,13,2641.0836
2025-8-11,18:00,14,4682.3284
2025-8-11,18:00,15,5937.9796
2025-8-11,18:00,16,6631.2048
2025-8-11,18:00,17,6857.6298
2025-8-11,18:00,18,8862.2076
2025-8-11,18:00,19,7749.2154
2025-8-11,18:00,20,7150.8344
2025-8-11,18:00,21,6079.1722
2025-8-11,18:00,22,5102.325
2025-8-11,18:00,23,2904.976
2025-8-11,18:00,24,1057.4981
2025-8-12,0:00,1,0.0
2025-8-12,0:00,2,0.0
2025-8-12,0:00,3,0.0
2025-8-12,0:00,4,0.0
2025-8-12,0:00,5,0.0
2025-8-12,0:00,6,1002.4748
2025-8-12,0:00,7,2988.675
2025-8-12,0:00,8,5050.05
2025-8-12,0:00,9,6167.9895
2025-8-12,0:00,10,7015.0415
2025-8-12,0:00,11,7708.0664
2025-8-12,0:00,12,7856.7908
2025-8-12,0:00,13,6954.2384
2025-8-12,0:00,14,6676.2474
2025-8-12,0:00,15,6309.1961
2025-8-12,0:00,16,4385.9424
2025-8-12,0:00,17,2742.4132
2025-8-12,0:00,18,919.9462
2025-8-12,0:00,19,0.0
2025-8-12,0:00,20,0.0
2025-8-12,0:00,21,0.0
2025-8-12,0:00,22,0.0
2025-8-12,0:00,23,0.0
2025-8-12,0:00,24,0.0
2025-8-12,6:00,1,2988.675
2025-8-12,6:00,2,5050.05
2025-8-12,6:00,3,6067.3223
2025-8-12,6:00,4,7167.9045
2025-8-12,6:00,5,7865.2746
2025-8-12,6:00,6,8881.6111
2025-8-12,6:00,7,8111.8554
2025-8-12,6:00,8,7334.6734
2025-8-12,6:00,9,5595.8847
2025-8-12,6:00,10,3778.1924
2025-8-12,6:00,11,2188.7167
2025-8-12,6:00,12,756.66
2025-8-12,6:00,13,0.0
2025-8-12,6:00,14,0.0
2025-8-12,6:00,15,0.0
2025-8-12,6:00,16,0.0
2025-8-12,6:00,17,0.0
2025-8-12,6:00,18,0.0
2025-8-12,6:00,19,0.0
2025-8-12,6:00,20,0.0
2025-8-12,6:00,21,0.0
2025-8-12,6:00,22,0.0
2025-8-12,6:00,23,0.0
2025-8-12,6:00,24,785.4728
2025-8-12,12:00,1,8227.6333
2025-8-12,12:00,2,7551.8174
2025-8-12,12:00,3,5823.5058
2025-8-12,12:00,4,4149.9092
2025-8-12,12:00,5,2442.1777
2025-8-12,12:00,6,778.4581
2025-8-12,12:00,7,0.0
2025-8-12,12:00,8,0.0
2025-8-12,12:00,9,0.0
2025-8-12,12:00,10,0.0
2025-8-12,12:00,11,0.0
2025-8-12,12:00,12,0.0
2025-8-12,12:00,13,0.0
2025-8-12,12:00,14,0.0
2025-8-12,12:00,15,0.0
2025-8-12,12:00,16,0.0
2025-8-12,12:00,17,0.0
2025-8-12,12:00,18,674.8018
2025-8-12,12:00,19,1789.2284
2025-8-12,12:00,20,2615.246
2025-8-12,12:00,21,3500.0078
2025-8-12,12:00,22,5018.0612
2025-8-12,12:00,23,5875.3061
2025-8-12,12:00,24,7064.9065
2025-8-12,18:00,1,0.0
2025-8-12,18:00,2,0.0
2025-8-12,18:00,3,0.0
2025-8-12,18:00,4,0.0
2025-8-12,18:00,5,0.0
2025-8-12,18:00,6,0.0
2025-8-12,18:00,7,0.0
2025-8-12,18:00,8,0.0
2025-8-12,18:00,9,0.0
2025-8-12,18:00,10,0.0
2025-8-12,18:00,11,0.0
2025-8-12,18:00,12,771.3439
2025-8-12,18:00,13,2803.5261
2025-8-12,18:00,14,4559.9671
2025-8-12,18:00,15,5582.0308
2025-8-12,18:00,16,5628.1319
2025-8-12,18:00,17,6910.0524
2025-8-12,18:00,18,7749.8039
2025-8-12,18:00,19,8470.3878
2025-8-12,18:00,20,8743.3039
2025-8-12,18:00,21,7191.225
2025-8-12,18:00,22,5102.325
2025-8-12,18:00,23,3131.7655
2025-8-12,18:00,24,803.8407
2025-8-13,0:00,1,0.0
2025-8-13,0:00,2,0.0
2025-8-13,0:00,3,0.0
2025-8-13,0:00,4,0.0
2025-8-13,0:00,5,0.0
2025-8-13,0:00,6,768.4503
2025-8-13,0:00,7,2745.4591
2025-8-13,0:00,8,4318.2785
2025-8-13,0:00,9,6458.5052
2025-8-13,0:00,10,7680.682
2025-8-13,0:00,11,8581.4315
2025-8-13,0:00,12,8407.9917
2025-8-13,0:00,13,9037.3846
2025-8-13,0:00,14,8954.8125
2025-8-13,0:00,15,7191.225
2025-8-13,0:00,16,5102.325
2025-8-13,0:00,17,3138.9375
2025-8-13,0:00,18,1059.4125
2025-8-13,0:00,19,0.0
2025-8-13,0:00,20,0.0
2025-8-13,0:00,21,0.0
2025-8-13,0:00,22,0.0
2025-8-13,0:00,23,0.0
2025-8-13,0:00,24,0.0
2025-8-13,6:00,1,2863.0009
2025-8-13,6:00,2,4581.8889
2025-8-13,6:00,3,6522.2028
2025-8-13,6:00,4,7481.7634
2025-8-13,6:00,5,8114.4164
2025-8-13,6:00,6,8725.9299
2025-8-13,6:00,7,8097.5356
2025-8-13,6:00,8,7394.6194
2025-8-13,6:00,9,6971.2266
2025-8-13,6:00,10,5102.325
2025-8-13,6:00,11,3123.516
2025-8-13,6:00,12,981.4581
2025-8-13,6:00,13,0.0
2025-8-13,6:00,14,0.0
2025-8-13,6:00,15,0.0
2025-8-13,6:00,16,0.0
2025-8-13,6:00,17,0.0
2025-8-13,6:00,18,0.0
2025-8-13,6:00,19,0.0
2025-8-13,6:00,20,0.0
2025-8-13,6:00,21,0.0
2025-8-13,6:00,22,0.0
2025-8-13,6:00,23,0.0
2025-8-13,6:00,24,426.8997
2025-8-13,12:00,1,8171.9642
2025-8-13,12:00,2,7624.8486
2025-8-13,12:00,3,6549.9679
2025-8-13,12:00,4,4991.7914
2025-8-13,12:00,5,2916.0697
2025-8-13,12:00,6,901.9933
2025-8-13,12:00,7,0.0
2025-8-13,12:00,8,0.0
2025-8-13,12:00,9,0.0
2025-8-13,12:00,10,0.0
2025-8-13,12:00,11,0.0
2025-8-13,12:00,12,0.0
2025-8-13,12:00,13,0.0
2025-8-13,12:00,14,0.0
2025-8-13,12:00,15,0.0
2025-8-13,12:00,16,0.0
2025-8-13,12:00,17,0.0
2025-8-13,12:00,18,857.605
2025-8-13,12:00,19,2988.675
2025-8-13,12:00,20,4479.6371
2025-8-13,12:00,21,6182.2695
2025-8-13,12:00,22,7653.0098
2025-8-13,12:00,23,7373.5662
2025-8-13,12:00,24,5531.7799
2025-8-13,18:00,1,0.0
2025-8-13,18:00,2,0.0
2025-8-13,18:00,3,0.0
2025-8-13,18:00,4,0.0
2025-8-13,18:00,5,0.0
2025-8-13,18:00,6,0.0
2025-8-13,18:00,7,0.0
2025-8-13,18:00,8,0.0
2025-8-13,18:00,9,0.0
2025-8-13,18:00,10,0.0
2025-8-13,18:00,11,0.0
2025-8-13,18:00,12,679.9876
2025-8-13,18:00,13,2197.5823
2025-8-13,18:00,14,3270.2702
2025-8-13,18:00,15,4800.8276
2025-8-13,18:00,16,5255.1074
2025-8-13,18:00,17,6774.0559
2025-8-13,18:00,18,8949.7983
2025-8-13,18:00,19,8970.7761
2025-8-13,18:00,20,8344.1323
2025-8-13,18:00,21,7191.225
2025-8-13,18:00,22,5102.325
2025-8-13,18:00,23,2623.1622
2025-8-13,18:00,24,814.5589
2025-8-14,0:00,1,0.0
2025-8-14,0:00,2,0.0
2025-8-14,0:00,3,0.0
2025-8-14,0:00,4,0.0
2025-8-14,0:00,5,0.0
2025-8-14,0:00,6,670.6955
2025-8-14,0:00,7,2548.476
2025-8-14,0:00,8,4367.4112
2025-8-14,0:00,9,6110.6024
2025-8-14,0:00,10,8442.2216
2025-8-14,0:00,11,9542.025
2025-8-14,0:00,12,9205.0077
2025-8-14,0:00,13,8630.9351
2025-8-14,0:00,14,8501.8497
2025-8-14,0:00,15,6199.2825
2025-8-14,0:00,16,4690.1305
2025-8-14,0:00,17,2183.6281
2025-8-14,0:00,18,642.1179
2025-8-14,0:00,19,0.0
2025-8-14,0:00,20,0.0
2025-8-14,0:00,21,0.0
2025-8-14,0:00,22,0.0
2025-8-14,0:00,23,0.0
2025-8-14,0:00,24,0.0
2025-8-14,6:00,1,2420.7292
2025-8-14,6:00,2,3857.09
2025-8-14,6:00,3,5823.9658
2025-8-14,6:00,4,7388.2237
2025-8-14,6:00,5,8515.5482
2025-8-14,6:00,6,8253.1701
2025-8-14,6:00,7,8169.7943
2025-8-14,6:00,8,7814.2347
2025-8-14,6:00,9,6170.8457
2025-8-14,6:00,10,4483.9284
2025-8-14,6:00,11,2334.7133
2025-8-14,6:00,12,738.5574
2025-8-14,6:00,13,0.0
2025-8-14,6:00,14,0.0
2025-8-14,6:00,15,0.0
2025-8-14,6:00,16,0.0
2025-8-14,6:00,17,0.0
2025-8-14,6:00,18,0.0
2025-8-14,6:00,19,0.0
2025-8-14,6:00,20,0.0
2025-8-14,6:00,21,0.0
2025-8-14,6:00,22,0.0
2025-8-14,6:00,23,0.0
2025-8-14,6:00,24,767.9367
2025-8-14,12:00,1,8212.5784
2025-8-14,12:00,2,8225.1366
2025-8-14,12:00,3,6793.187
2025-8-14,12:00,4,4731.1523
2025-8-14,12:00,5,2460.3206
2025-8-14,12:00,6,753.4884
2025-8-14,12:00,7,0.0
2025-8-14,12:00,8,0.0
2025-8-14,12:00,9,0.0
2025-8-14,12:00,10,0.0
2025-8-14,12:00,11,0.0
2025-8-14,12:00,12,0.0
2025-8-14,12:00,13,0.0
2025-8-14,12:00,14,0.0
2025-8-14,12:00,15,0.0
2025-8-14,12:00,16,0.0
2025-8-14,12:00,17,0.0
2025-8-14,12:00,18,718.9691
2025-8-14,12:00,19,2480.432
2025-8-14,12:00,20,3867.0849
2025-8-14,12:00,21,5643.4688
2025-8-14,12:00,22,7338.9491
2025-8-14,12:00,23,8574.8862
2025-8-14,12:00,24,7908.0181
2025-8-14,18:00,1,0.0
2025-8-14,18:00,2,0.0
2025-8-14,18:00,3,0.0
2025-8-14,18:00,4,0.0
2025-8-14,18:00,5,0.0
2025-8-14,18:00,6,0.0
2025-8-14,18:00,7,0.0
2025-8-14,18:00,8,0.0
2025-8-14,18:00,9,0.0
2025-8-14,18:00,10,0.0
2025-8-14,18:00,11,0.0
2025-8-14,18:00,12,788.537
2025-8-14,18:00,13,2612.6406
2025-8-14,18:00,14,4793.3051
2025-8-14,18:00,15,6786.4912
2025-8-14,18:00,16,8698.6875
2025-8-14,18:00,17,9670.4625
2025-8-14,18:00,18,9891.9
2025-8-14,18:00,19,9785.3625
2025-8-14,18:00,20,8782.4807
2025-8-14,18:00,21,6407.1885
2025-8-14,18:00,22,4088.6977
2025-8-14,18:00,23,1645.2594
2025-8-14,18:00,24,484.7453
2025-8-15,0:00,1,0.0
2025-8-15,0:00,2,0.0
2025-8-15,0:00,3,0.0
2025-8-15,0:00,4,0.0
2025-8-15,0:00,5,0.0
2025-8-15,0:00,6,820.4695
2025-8-15,0:00,7,2560.8289
2025-8-15,0:00,8,4452.9265
2025-8-15,0:00,9,6290.1743
2025-8-15,0:00,10,7641.7991
2025-8-15,0:00,11,7793.7153
2025-8-15,0:00,12,7836.4211
2025-8-15,0:00,13,6890.8108
2025-8-15,0:00,14,5574.5735
2025-8-15,0:00,15,4939.0464
2025-8-15,0:00,16,4328.1144
2025-8-15,0:00,17,2131.648
2025-8-15,0:00,18,611.711
2025-8-15,0:00,19,0.0
2025-8-15,0:00,20,0.0
2025-8-15,0:00,21,0.0
2025-8-15,0:00,22,0.0
2025-8-15,0:00,23,0.0
2025-8-15,0:00,24,0.0
2025-8-15,6:00,1,2468.6699
2025-8-15,6:00,2,4332.1135
2025-8-15,6:00,3,6130.1877
2025-8-15,6:00,4,7597.6368
2025-8-15,6:00,5,8932.1901
2025-8-15,6:00,6,9056.294
2025-8-15,6:00,7,8726.5343
2025-8-15,6:00,8,8132.7928
2025-8-15,6:00,9,6387.1324
2025-8-15,6:00,10,4682.0338
2025-8-15,6:00,11,2499.8333
2025-8-15,6:00,12,798.2492
2025-8-15,6:00,13,0.0
2025-8-15,6:00,14,0.0
2025-8-15,6:00,15,0.0
2025-8-15,6:00,16,0.0
2025-8-15,6:00,17,0.0
2025-8-15,6:00,18,0.0
2025-8-15,6:00,19,0.0
2025-8-15,6:00,20,0.0
2025-8-15,6:00,21,0.0
2025-8-15,6:00,22,0.0
2025-8-15,6:00,23,0.0
2025-8-15,6:00,24,1045.0544
2025-8-15,12:00,1,9095.8878
2025-8-15,12:00,2,8352.3281
2025-8-15,12:00,3,6619.5282
2025-8-15,12:00,4,4891.6802
2025-8-15,12:00,5,2738.0613
2025-8-15,12:00,6,853.5919
2025-8-15,12:00,7,0.0
2025-8-15,12:00,8,0.0
2025-8-15,12:00,9,0.0
2025-8-15,12:00,10,0.0
2025-8-15,12:00,11,0.0
2025-8-15,12:00,12,0.0
2025-8-15,12:00,13,0.0
2025-8-15,12:00,14,0.0
2025-8-15,12:00,15,0.0
2025-8-15,12:00,16,0.0
2025-8-15,12:00,17,0.0
2025-8-15,12:00,18,1046.4482
2025-8-15,12:00,19,2988.675
2025-8-15,12:00,20,5050.05
2025-8-15,12:00,21,7292.1
2025-8-15,12:00,22,6812.1774
2025-8-15,12:00,23,5896.3459
2025-8-15,12:00,24,6226.7421
2025-8-15,18:00,1,0.0
2025-8-15,18:00,2,0.0
2025-8-15,18:00,3,0.0
2025-8-15,18:00,4,0.0
2025-8-15,18:00,5,0.0
2025-8-15,18:00,6,0.0
2025-8-15,18:00,7,0.0
2025-8-15,18:00,8,0.0
2025-8-15,18:00,9,0.0
2025-8-15,18:00,10,0.0
2025-8-15,18:00,11,0.0
2025-8-15,18:00,12,946.9332
2025-8-15,18:00,13,2988.675
2025-8-15,18:00,14,5050.05
2025-8-15,18:00,15,7292.1
2025-8-15,18:00,16,8698.6875
2025-8-15,18:00,17,9670.4625
2025-8-15,18:00,18,9891.9
2025-8-15,18:00,19,9785.3625
2025-8-15,18:00,20,8622.7391
2025-8-15,18:00,21,5936.1092
2025-8-15,18:00,22,4405.9358
2025-8-15,18:00,23,2751.4737
2025-8-15,18:00,24,730.8987
2025-8-16,0:00,1,0.0
2025-8-16,0:00,2,0.0
2025-8-16,0:00,3,0.0
2025-8-16,0:00,4,0.0
2025-8-16,0:00,5,0.0
2025-8-16,0:00,6,935.6977
2025-8-16,0:00,7,2988.675
2025-8-16,0:00,8,5050.05
2025-8-16,0:00,9,6792.7133
2025-8-16,0:00,10,7635.013
2025-8-16,0:00,11,8002.8036
2025-8-16,0:00,12,8645.0409
2025-8-16,0:00,13,7144.222
2025-8-16,0:00,14,6685.7146
2025-8-16,0:00,15,4658.0482
2025-8-16,0:00,16,3078.2604
2025-8-16,0:00,17,1558.0817
2025-8-16,0:00,18,618.4504
2025-8-16,0:00,19,0.0
2025-8-16,0:00,20,0.0
2025-8-16,0:00,21,0.0
2025-8-16,0:00,22,0.0
2025-8-16,0:00,23,0.0
2025-8-16,0:00,24,0.0
2025-8-16,6:00,1,2800.4277
2025-8-16,6:00,2,5017.9062
2025-8-16,6:00,3,7247.3552
2025-8-16,6:00,4,8019.382
2025-8-16,6:00,5,8727.3072
2025-8-16,6:00,6,9806.7484
2025-8-16,6:00,7,8481.7747
2025-8-16,6:00,8,8271.0412
2025-8-16,6:00,9,6754.0083
2025-8-16,6:00,10,4896.7808
2025-8-16,6:00,11,2482.0376
2025-8-16,6:00,12,829.4816
2025-8-16,6:00,13,0.0
2025-8-16,6:00,14,0.0
2025-8-16,6:00,15,0.0
2025-8-16,6:00,16,0.0
2025-8-16,6:00,17,0.0
2025-8-16,6:00,18,0.0
2025-8-16,6:00,19,0.0
2025-8-16,6:00,20,0.0
2025-8-16,6:00,21,0.0
2025-8-16,6:00,22,0.0
2025-8-16,6:00,23,0.0
2025-8-16,6:00,24,640.8599
2025-8-16,12:00,1,8480.3317
2025-8-16,12:00,2,7656.3863
2025-8-16,12:00,3,6448.0332
2025-8-16,12:00,4,4693.4339
2025-8-16,12:00,5,2605.7846
2025-8-16,12:00,6,765.8512
2025-8-16,12:00,7,0.0
2025-8-16,12:00,8,0.0
2025-8-16,12:00,9,0.0
2025-8-16,12:00,10,0.0
2025-8-16,12:00,11,0.0
2025-8-16,12:00,12,0.0
2025-8-16,12:00,13,0.0
2025-8-16,12:00,14,0.0
2025-8-16,12:00,15,0.0
2025-8-16,12:00,16,0.0
2025-8-16,12:00,17,0.0
2025-8-16,12:00,18,793.0689
2025-8-16,12:00,19,2450.4121
2025-8-16,12:00,20,4542.7886
2025-8-16,12:00,21,5632.5875
2025-8-16,12:00,22,6493.4595
2025-8-16,12:00,23,8766.8991
2025-8-16,12:00,24,9142.3371
2025-8-16,18:00,1,0.0
2025-8-16,18:00,2,0.0
2025-8-16,18:00,3,0.0
2025-8-16,18:00,4,0.0
2025-8-16,18:00,5,0.0
2025-8-16,18:00,6,0.0
2025-8-16,18:00,7,0.0
2025-8-16,18:00,8,0.0
2025-8-16,18:00,9,0.0
2025-8-16,18:00,10,0.0
2025-8-16,18:00,11,0.0
2025-8-16,18:00,12,792.8762
2025-8-16,18:00,13,2664.1727
2025-8-16,18:00,14,5050.05
2025-8-16,18:00,15,7292.1
2025-8-16,18:00,16,8698.6875
2025-8-16,18:00,17,9670.4625
2025-8-16,18:00,18,9775.1994
2025-8-16,18:00,19,8418.7441
2025-8-16,18:00,20,7381.5887
2025-8-16,18:00,21,5360.6874
2025-8-16,18:00,22,3700.3034
2025-8-16,18:00,23,2066.3239
2025-8-16,18:00,24,558.7626
2025-8-17,0:00,1,0.0
2025-8-17,0:00,2,0.0
2025-8-17,0:00,3,0.0
2025-8-17,0:00,4,0.0
2025-8-17,0:00,5,0.0
2025-8-17,0:00,6,609.7466
2025-8-17,0:00,7,2154.178
2025-8-17,0:00,8,4662.7639
2025-8-17,0:00,9,5790.7676
2025-8-17,0:00,10,7369.3396
2025-8-17,0:00,11,8965.2212
2025-8-17,0:00,12,7681.3355
2025-8-17,0:00,13,7275.8762
2025-8-17,0:00,14,8063.0758
2025-8-17,0:00,15,6626.2459
2025-8-17,0:00,16,4606.2334
2025-8-17,0:00,17,3138.9375
2025-8-17,0:00,18,870.8472
2025-8-17,0:00,19,0.0
2025-8-17,0:00,20,0.0
2025-8-17,0:00,21,0.0
2025-8-17,0:00,22,0.0
2025-8-17,0:00,23,0.0
2025-8-17,0:00,24,0.0
2025-8-17,6:00,1,2256.6574
2025-8-17,6:00,2,4732.7916
2025-8-17,6:00,3,6334.5737
2025-8-17,6:00,4,7652.055
2025-8-17,6:00,5,9226.7684
2025-8-17,6:00,6,8499.7437
2025-8-17,6:00,7,7328.656
2025-8-17,6:00,8,7711.266
2025-8-17,6:00,9,6580.5272
2025-8-17,6:00,10,4988.8676
2025-8-17,6:00,11,2784.6599
2025-8-17,6:00,12,853.2718
2025-8-17,6:00,13,0.0
2025-8-17,6:00,14,0.0
2025-8-17,6:00,15,0.0
2025-8-17,6:00,16,0.0
2025-8-17,6:00,17,0.0
2025-8-17,6:00,18,0.0
2025-8-17,6:00,19,0.0
2025-8-17,6:00,20,0.0
2025-8-17,6:00,21,0.0
2025-8-17,6:00,22,0.0
2025-8-17,6:00,23,0.0
2025-8-17,6:00,24,540.0846
2025-8-17,12:00,1,8306.8678
2025-8-17,12:00,2,8678.4577
2025-8-17,12:00,3,6823.1913
2025-8-17,12:00,4,4664.4318
2025-8-17,12:00,5,2578.339
2025-8-17,12:00,6,731.5581
2025-8-17,12:00,7,0.0
2025-8-17,12:00,8,0.0
2025-8-17,12:00,9,0.0
2025-8-17,12:00,10,0.0
2025-8-17,12:00,11,0.0
2025-8-17,12:00,12,0.0
2025-8-17,12:00,13,0.0
2025-8-17,12:00,14,0.0
2025-8-17,12:00,15,0.0
2025-8-17,12:00,16,0.0
2025-8-17,12:00,17,0.0
2025-8-17,12:00,18,737.1499
2025-8-17,12:00,19,2656.6794
2025-8-17,12:00,20,5050.05
2025-8-17,12:00,21,7292.1
2025-8-17,12:00,22,8698.6875
2025-8-17,12:00,23,9670.4625
2025-8-17,12:00,24,9891.9
2025-8-17,18:00,1,0.0
2025-8-17,18:00,2,0.0
2025-8-17,18:00,3,0.0
2025-8-17,18:00,4,0.0
2025-8-17,18:00,5,0.0
2025-8-17,18:00,6,0.0
2025-8-17,18:00,7,0.0
2025-8-17,18:00,8,0.0
2025-8-17,18:00,9,0.0
2025-8-17,18:00,10,0.0
2025-8-17,18:00,11,0.0
2025-8-17,18:00,12,718.405
2025-8-17,18:00,13,2452.3808
2025-8-17,18:00,14,4440.1469
2025-8-17,18:00,15,6038.2942
2025-8-17,18:00,16,7874.6557
2025-8-17,18:00,17,9658.0872
2025-8-17,18:00,18,9516.8701
2025-8-17,18:00,19,8108.8273
2025-8-17,18:00,20,6830.9439
2025-8-17,18:00,21,4801.7822
2025-8-17,18:00,22,4798.3105
2025-8-17,18:00,23,2897.1227
2025-8-17,18:00,24,906.9918
2025-8-18,0:00,1,0.0
2025-8-18,0:00,2,0.0
2025-8-18,0:00,3,0.0
2025-8-18,0:00,4,0.0
2025-8-18,0:00,5,0.0
2025-8-18,0:00,6,723.1527
2025-8-18,0:00,7,2437.759
2025-8-18,0:00,8,4124.5285
2025-8-18,0:00,9,5706.8258
2025-8-18,0:00,10,7590.9439
2025-8-18,0:00,11,9517.7374
2025-8-18,0:00,12,9787.3963
2025-8-18,0:00,13,9148.7537
2025-8-18,0:00,14,7308.8336
2025-8-18,0:00,15,6919.2353
2025-8-18,0:00,16,4694.9151
2025-8-18,0:00,17,2074.8122
2025-8-18,0:00,18,548.1655
2025-8-18,0:00,19,0.0
2025-8-18,0:00,20,0.0
2025-8-18,0:00,21,0.0
2025-8-18,0:00,22,0.0
2025-8-18,0:00,23,0.0
2025-8-18,0:00,24,0.0
2025-8-18,6:00,1,2524.135
2025-8-18,6:00,2,4548.9805
2025-8-18,6:00,3,5804.3714
2025-8-18,6:00,4,7120.9139
2025-8-18,6:00,5,9246.2907
2025-8-18,6:00,6,9535.1199
2025-8-18,6:00,7,8375.6035
2025-8-18,6:00,8,7336.6482
2025-8-18,6:00,9,6438.0288
2025-8-18,6:00,10,4643.8227
2025-8-18,6:00,11,2355.6158
2025-8-18,6:00,12,633.8561
2025-8-18,6:00,13,0.0
2025-8-18,6:00,14,0.0
2025-8-18,6:00,15,0.0
2025-8-18,6:00,16,0.0
2025-8-18,6:00,17,0.0
2025-8-18,6:00,18,0.0
2025-8-18,6:00,19,0.0
2025-8-18,6:00,20,0.0
2025-8-18,6:00,21,0.0
2025-8-18,6:00,22,0.0
2025-8-18,6:00,23,0.0
2025-8-18,6:00,24,1043.25
2025-8-18,12:00,1,8717.2717
2025-8-18,12:00,2,7743.5641
2025-8-18,12:00,3,6648.2211
2025-8-18,12:00,4,4974.9949
2025-8-18,12:00,5,2523.795
2025-8-18,12:00,6,689.833
2025-8-18,12:00,7,0.0
2025-8-18,12:00,8,0.0
2025-8-18,12:00,9,0.0
2025-8-18,12:00,10,0.0
2025-8-18,12:00,11,0.0
2025-8-18,12:00,12,0.0
2025-8-18,12:00,13,0.0
2025-8-18,12:00,14,0.0
2025-8-18,12:00,15,0.0
2025-8-18,12:00,16,0.0
2025-8-18,12:00,17,0.0
2025-8-18,12:00,18,782.2729
2025-8-18,12:00,19,2633.6752
2025-8-18,12:00,20,5050.05
2025-8-18,12:00,21,7292.1
2025-8-18,12:00,22,7870.2201
2025-8-18,12:00,23,9173.1778
2025-8-18,12:00,24,8308.4785
2025-8-18,18:00,1,0.0
2025-8-18,18:00,2,0.0
2025-8-18,18:00,3,0.0
2025-8-18,18:00,4,0.0
2025-8-18,18:00,5,0.0
2025-8-18,18:00,6,0.0
2025-8-18,18:00,7,0.0
2025-8-18,18:00,8,0.0
2025-8-18,18:00,9,0.0
2025-8-18,18:00,10,0.0
2025-8-18,18:00,11,0.0
2025-8-18,18:00,12,894.301
2025-8-18,18:00,13,2556.8632
2025-8-18,18:00,14,4175.0922
2025-8-18,18:00,15,5174.7524
2025-8-18,18:00,16,5763.6801
2025-8-18,18:00,17,7471.0881
2025-8-18,18:00,18,7189.2603
2025-8-18,18:00,19,7734.5082
2025-8-18,18:00,20,5697.1451
2025-8-18,18:00,21,5363.1155
2025-8-18,18:00,22,3613.1697
2025-8-18,18:00,23,2388.1786
2025-8-18,18:00,24,610.7096
2025-8-19,0:00,1,0.0
2025-8-19,0:00,2,0.0
2025-8-19,0:00,3,0.0
2025-8-19,0:00,4,0.0
2025-8-19,0:00,5,0.0
2025-8-19,0:00,6,874.2847
2025-8-19,0:00,7,2680.3761
2025-8-19,0:00,8,4871.503
2025-8-19,0:00,9,6187.8004
2025-8-19,0:00,10,7673.4568
2025-8-19,0:00,11,8990.1557
2025-8-19,0:00,12,9240.8792
2025-8-19,0:00,13,8650.0688
2025-8-19,0:00,14,7963.2658
2025-8-19,0:00,15,6534.2017
2025-8-19,0:00,16,4237.7237
2025-8-19,0:00,17,2741.4157
2025-8-19,0:00,18,737.869
2025-8-19,0:00,19,0.0
2025-8-19,0:00,20,0.0
2025-8-19,0:00,21,0.0
2025-8-19,0:00,22,0.0
2025-8-19,0:00,23,0.0
2025-8-19,0:00,24,0.0
2025-8-19,6:00,1,2724.7173
2025-8-19,6:00,2,4995.4003
2025-8-19,6:00,3,6621.5221
2025-8-19,6:00,4,7921.4943
2025-8-19,6:00,5,8199.0336
2025-8-19,6:00,6,8546.9956
2025-8-19,6:00,7,8810.6203
2025-8-19,6:00,8,7674.2672
2025-8-19,6:00,9,6640.7885
2025-8-19,6:00,10,5102.325
2025-8-19,6:00,11,2993.5875
2025-8-19,6:00,12,876.216
2025-8-19,6:00,13,0.0
2025-8-19,6:00,14,0.0
2025-8-19,6:00,15,0.0
2025-8-19,6:00,16,0.0
2025-8-19,6:00,17,0.0
2025-8-19,6:00,18,0.0
2025-8-19,6:00,19,0.0
2025-8-19,6:00,20,0.0
2025-8-19,6:00,21,0.0
2025-8-19,6:00,22,0.0
2025-8-19,6:00,23,0.0
2025-8-19,6:00,24,232.6574
2025-8-19,12:00,1,8814.7153
2025-8-19,12:00,2,7602.1807
2025-8-19,12:00,3,6269.4359
2025-8-19,12:00,4,4423.6065
2025-8-19,12:00,5,2764.1106
2025-8-19,12:00,6,789.1767
2025-8-19,12:00,7,0.0
2025-8-19,12:00,8,0.0
2025-8-19,12:00,9,0.0
2025-8-19,12:00,10,0.0
2025-8-19,12:00,11,0.0
2025-8-19,12:00,12,0.0
2025-8-19,12:00,13,0.0
2025-8-19,12:00,14,0.0
2025-8-19,12:00,15,0.0
2025-8-19,12:00,16,0.0
2025-8-19,12:00,17,0.0
2025-8-19,12:00,18,528.9245
2025-8-19,12:00,19,1603.781
2025-8-19,12:00,20,2565.0328
2025-8-19,12:00,21,4263.0153
2025-8-19,12:00,22,5799.7436
2025-8-19,12:00,23,5788.8977
2025-8-19,12:00,24,5658.9223
2025-8-19,18:00,1,0.0
2025-8-19,18:00,2,0.0
2025-8-19,18:00,3,0.0
2025-8-19,18:00,4,0.0
2025-8-19,18:00,5,0.0
2025-8-19,18:00,6,0.0
2025-8-19,18:00,7,0.0
2025-8-19,18:00,8,0.0
2025-8-19,18:00,9,0.0
2025-8-19,18:00,10,0.0
2025-8-19,18:00,11,0.0
2025-8-19,18:00,12,507.0842
2025-8-19,18:00,13,1888.9845
2025-8-19,18:00,14,2745.8566
2025-8-19,18:00,15,3780.4349
2025-8-19,18:00,16,6086.5975
2025-8-19,18:00,17,6730.1356
2025-8-19,18:00,18,5992.2683
2025-8-19,18:00,19,7014.739
2025-8-19,18:00,20,6280.3
2025-8-19,18:00,21,5863.3248
2025-8-19,18:00,22,5102.325
2025-8-19,18:00,23,2922.591
2025-8-19,18:00,24,831.7731
2025-8-20,0:00,1,0.0
2025-8-20,0:00,2,0.0
2025-8-20,0:00,3,0.0
2025-8-20,0:00,4,0.0
2025-8-20,0:00,5,0.0
2025-8-20,0:00,6,575.5033
2025-8-20,0:00,7,2148.4874
2025-8-20,0:00,8,3567.8032
2025-8-20,0:00,9,5712.2067
2025-8-20,0:00,10,7801.8341
2025-8-20,0:00,11,7396.5973
2025-8-20,0:00,12,7014.672
2025-8-20,0:00,13,8186.4437
2025-8-20,0:00,14,6228.7299
2025-8-20,0:00,15,5534.1039
2025-8-20,0:00,16,5102.325
2025-8-20,0:00,17,2975.6625
2025-8-20,0:00,18,768.2103
2025-8-20,0:00,19,0.0
2025-8-20,0:00,20,0.0
2025-8-20,0:00,21,0.0
2025-8-20,0:00,22,0.0
2025-8-20,0:00,23,0.0
2025-8-20,0:00,24,0.0
2025-8-20,6:00,1,2005.8126
2025-8-20,6:00,2,3344.2487
2025-8-20,6:00,3,5102.0934
2025-8-20,6:00,4,7389.0268
2025-8-20,6:00,5,7973.904
2025-8-20,6:00,6,8017.7433
2025-8-20,6:00,7,9340.0125
2025-8-20,6:00,8,7733.8976
2025-8-20,6:00,9,6322.6629
2025-8-20,6:00,10,4984.0536
2025-8-20,6:00,11,2429.8011
2025-8-20,6:00,12,637.0437
2025-8-20,6:00,13,0.0
2025-8-20,6:00,14,0.0
2025-8-20,6:00,15,0.0
2025-8-20,6:00,16,0.0
2025-8-20,6:00,17,0.0
2025-8-20,6:00,18,0.0
2025-8-20,6:00,19,0.0
2025-8-20,6:00,20,0.0
2025-8-20,6:00,21,0.0
2025-8-20,6:00,22,0.0
2025-8-20,6:00,23,0.0
2025-8-20,6:00,24,441.5773
2025-8-20,12:00,1,8778.5128
2025-8-20,12:00,2,7574.7866
2025-8-20,12:00,3,6282.3634
2025-8-20,12:00,4,5030.3197
2025-8-20,12:00,5,2689.103
2025-8-20,12:00,6,668.3786
2025-8-20,12:00,7,0.0
2025-8-20,12:00,8,0.0
2025-8-20,12:00,9,0.0
2025-8-20,12:00,10,0.0
2025-8-20,12:00,11,0.0
2025-8-20,12:00,12,0.0
2025-8-20,12:00,13,0.0
2025-8-20,12:00,14,0.0
2025-8-20,12:00,15,0.0
2025-8-20,12:00,16,0.0
2025-8-20,12:00,17,0.0
2025-8-20,12:00,18,712.2993
2025-8-20,12:00,19,2507.5024
2025-8-20,12:00,20,3462.0306
2025-8-20,12:00,21,5560.8793
2025-8-20,12:00,22,6466.9092
2025-8-20,12:00,23,7346.7036
2025-8-20,12:00,24,6952.4634
2025-8-20,18:00,1,0.0
2025-8-20,18:00,2,0.0
2025-8-20,18:00,3,0.0
2025-8-20,18:00,4,0.0
2025-8-20,18:00,5,0.0
2025-8-20,18:00,6,0.0
2025-8-20,18:00,7,0.0
2025-8-20,18:00,8,0.0
2025-8-20,18:00,9,0.0
2025-8-20,18:00,10,0.0
2025-8-20,18:00,11,0.0
2025-8-20,18:00,12,773.6575
2025-8-20,18:00,13,2988.675
2025-8-20,18:00,14,5050.05
2025-8-20,18:00,15,7292.1
2025-8-20,18:00,16,8438.8784
2025-8-20,18:00,17,9567.1256
2025-8-20,18:00,18,8358.8132
2025-8-20,18:00,19,7813.5187
2025-8-20,18:00,20,6263.3861
2025-8-20,18:00,21,4390.698
2025-8-20,18:00,22,3116.3824
2025-8-20,18:00,23,1547.5336
2025-8-20,18:00,24,416.1177
2025-8-21,0:00,1,0.0
2025-8-21,0:00,2,0.0
2025-8-21,0:00,3,0.0
2025-8-21,0:00,4,0.0
2025-8-21,0:00,5,0.0
2025-8-21,0:00,6,629.1459
2025-8-21,0:00,7,2595.7154
2025-8-21,0:00,8,4282.3562
2025-8-21,0:00,9,5970.9369
2025-8-21,0:00,10,7424.8264
2025-8-21,0:00,11,8481.9752
2025-8-21,0:00,12,7749.3286
2025-8-21,0:00,13,8287.5767
2025-8-21,0:00,14,6740.4573
2025-8-21,0:00,15,5810.7035
2025-8-21,0:00,16,5010.0417
2025-8-21,0:00,17,2975.6625
2025-8-21,0:00,18,686.2071
2025-8-21,0:00,19,0.0
2025-8-21,0:00,20,0.0
2025-8-21,0:00,21,0.0
2025-8-21,0:00,22,0.0
2025-8-21,0:00,23,0.0
2025-8-21,0:00,24,0.0
2025-8-21,6:00,1,2597.6144
2025-8-21,6:00,2,4539.6294
2025-8-21,6:00,3,6327.0313
2025-8-21,6:00,4,7377.6817
2025-8-21,6:00,5,8977.9646
2025-8-21,6:00,6,8634.5516
2025-8-21,6:00,7,8861.2687
2025-8-21,6:00,8,7610.0158
2025-8-21,6:00,9,6750.882
2025-8-21,6:00,10,4673.591
2025-8-21,6:00,11,2460.4067
2025-8-21,6:00,12,532.0618
2025-8-21,6:00,13,0.0
2025-8-21,6:00,14,0.0
2025-8-21,6:00,15,0.0
2025-8-21,6:00,16,0.0
2025-8-21,6:00,17,0.0
2025-8-21,6:00,18,0.0
2025-8-21,6:00,19,0.0
2025-8-21,6:00,20,0.0
2025-8-21,6:00,21,0.0
2025-8-21,6:00,22,0.0
2025-8-21,6:00,23,0.0
2025-8-21,6:00,24,573.7758
2025-8-21,12:00,1,8483.7024
2025-8-21,12:00,2,7310.3829
2025-8-21,12:00,3,6114.5743
2025-8-21,12:00,4,4910.8913
2025-8-21,12:00,5,2842.5951
2025-8-21,12:00,6,688.3827
2025-8-21,12:00,7,0.0
2025-8-21,12:00,8,0.0
2025-8-21,12:00,9,0.0
2025-8-21,12:00,10,0.0
2025-8-21,12:00,11,0.0
2025-8-21,12:00,12,0.0
2025-8-21,12:00,13,0.0
2025-8-21,12:00,14,0.0
2025-8-21,12:00,15,0.0
2025-8-21,12:00,16,0.0
2025-8-21,12:00,17,0.0
2025-8-21,12:00,18,680.2123
2025-8-21,12:00,19,2988.675
2025-8-21,12:00,20,5050.05
2025-8-21,12:00,21,7292.1
2025-8-21,12:00,22,8698.6875
2025-8-21,12:00,23,8901.7844
2025-8-21,12:00,24,8582.0861
2025-8-21,18:00,1,0.0
2025-8-21,18:00,2,0.0
2025-8-21,18:00,3,0.0
2025-8-21,18:00,4,0.0
2025-8-21,18:00,5,0.0
2025-8-21,18:00,6,0.0
2025-8-21,18:00,7,0.0
2025-8-21,18:00,8,0.0
2025-8-21,18:00,9,0.0
2025-8-21,18:00,10,0.0
2025-8-21,18:00,11,0.0
2025-8-21,18:00,12,677.0555
2025-8-21,18:00,13,2720.0449
2025-8-21,18:00,14,4621.9558
2025-8-21,18:00,15,5159.1628
2025-8-21,18:00,16,7154.0605
2025-8-21,18:00,17,8342.7576
2025-8-21,18:00,18,9891.9
2025-8-21,18:00,19,9340.0125
2025-8-21,18:00,20,8954.8125
2025-8-21,18:00,21,6883.0125
2025-8-21,18:00,22,5102.325
2025-8-21,18:00,23,2406.5546
2025-8-21,18:00,24,754.3183
2025-8-22,0:00,1,0.0
2025-8-22,0:00,2,0.0
2025-8-22,0:00,3,0.0
2025-8-22,0:00,4,0.0
2025-8-22,0:00,5,0.0
2025-8-22,0:00,6,710.6869
2025-8-22,0:00,7,2869.0839
2025-8-22,0:00,8,4788.7255
2025-8-22,0:00,9,6833.3922
2025-8-22,0:00,10,8423.6964
2025-8-22,0:00,11,8581.6781
2025-8-22,0:00,12,8524.5116
2025-8-22,0:00,13,7772.2911
2025-8-22,0:00,14,7257.5388
2025-8-22,0:00,15,4819.3529
2025-8-22,0:00,16,4021.4576
2025-8-22,0:00,17,2234.012
2025-8-22,0:00,18,684.8058
2025-8-22,0:00,19,0.0
2025-8-22,0:00,20,0.0
2025-8-22,0:00,21,0.0
2025-8-22,0:00,22,0.0
2025-8-22,0:00,23,0.0
2025-8-22,0:00,24,0.0
2025-8-22,6:00,1,2759.268
2025-8-22,6:00,2,4926.1692
2025-8-22,6:00,3,7089.9516
2025-8-22,6:00,4,8153.2538
2025-8-22,6:00,5,9074.0284
2025-8-22,6:00,6,9723.7846
2025-8-22,6:00,7,8479.6558
2025-8-22,6:00,8,8009.6455
2025-8-22,6:00,9,6231.7072
2025-8-22,6:00,10,4697.7212
2025-8-22,6:00,11,2509.0675
2025-8-22,6:00,12,779.8466
2025-8-22,6:00,13,0.0
2025-8-22,6:00,14,0.0
2025-8-22,6:00,15,0.0
2025-8-22,6:00,16,0.0
2025-8-22,6:00,17,0.0
2025-8-22,6:00,18,0.0
2025-8-22,6:00,19,0.0
2025-8-22,6:00,20,0.0
2025-8-22,6:00,21,0.0
2025-8-22,6:00,22,0.0
2025-8-22,6:00,23,0.0
2025-8-22,6:00,24,943.2375
2025-8-22,12:00,1,8333.761
2025-8-22,12:00,2,7526.1326
2025-8-22,12:00,3,5600.1763
2025-8-22,12:00,4,4564.2383
2025-8-22,12:00,5,2568.5579
2025-8-22,12:00,6,803.4649
2025-8-22,12:00,7,0.0
2025-8-22,12:00,8,0.0
2025-8-22,12:00,9,0.0
2025-8-22,12:00,10,0.0
2025-8-22,12:00,11,0.0
2025-8-22,12:00,12,0.0
2025-8-22,12:00,13,0.0
2025-8-22,12:00,14,0.0
2025-8-22,12:00,15,0.0
2025-8-22,12:00,16,0.0
2025-8-22,12:00,17,0.0
2025-8-22,12:00,18,679.0871
2025-8-22,12:00,19,2621.5008
2025-8-22,12:00,20,4404.0945
2025-8-22,12:00,21,5059.7833
2025-8-22,12:00,22,6873.341
2025-8-22,12:00,23,8711.6622
2025-8-22,12:00,24,9565.9366
2025-8-22,18:00,1,0.0
2025-8-22,18:00,2,0.0
2025-8-22,18:00,3,0.0
2025-8-22,18:00,4,0.0
2025-8-22,18:00,5,0.0
2025-8-22,18:00,6,0.0
2025-8-22,18:00,7,0.0
2025-8-22,18:00,8,0.0
2025-8-22,18:00,9,0.0
2025-8-22,18:00,10,0.0
2025-8-22,18:00,11,0.0
2025-8-22,18:00,12,676.4072
2025-8-22,18:00,13,2441.8156
2025-8-22,18:00,14,4279.597
2025-8-22,18:00,15,5901.5777
2025-8-22,18:00,16,7726.1499
2025-8-22,18:00,17,7402.0722
2025-8-22,18:00,18,8509.0833
2025-8-22,18:00,19,8827.2197
2025-8-22,18:00,20,7419.6226
2025-8-22,18:00,21,6883.0125
2025-8-22,18:00,22,5102.325
2025-8-22,18:00,23,2975.6625
2025-8-22,18:00,24,811.6552
2025-8-23,0:00,1,0.0
2025-8-23,0:00,2,0.0
2025-8-23,0:00,3,0.0
2025-8-23,0:00,4,0.0
2025-8-23,0:00,5,0.0
2025-8-23,0:00,6,625.2487
2025-8-23,0:00,7,2391.5287
2025-8-23,0:00,8,3959.2267
2025-8-23,0:00,9,5625.1779
2025-8-23,0:00,10,6907.642
2025-8-23,0:00,11,8082.6864
2025-8-23,0:00,12,9351.1834
2025-8-23,0:00,13,9340.0125
2025-8-23,0:00,14,7533.6584
2025-8-23,0:00,15,6814.561
2025-8-23,0:00,16,4785.0805
2025-8-23,0:00,17,2969.7137
2025-8-23,0:00,18,859.127
2025-8-23,0:00,19,0.0
2025-8-23,0:00,20,0.0
2025-8-23,0:00,21,0.0
2025-8-23,0:00,22,0.0
2025-8-23,0:00,23,0.0
2025-8-23,0:00,24,0.0
2025-8-23,6:00,1,2605.0028
2025-8-23,6:00,2,4493.575
2025-8-23,6:00,3,5736.1245
2025-8-23,6:00,4,7425.5475
2025-8-23,6:00,5,8268.7805
2025-8-23,6:00,6,9803.4362
2025-8-23,6:00,7,9340.0125
2025-8-23,6:00,8,8327.7857
2025-8-23,6:00,9,6883.0125
2025-8-23,6:00,10,4561.9799
2025-8-23,6:00,11,2433.8312
2025-8-23,6:00,12,631.1199
2025-8-23,6:00,13,0.0
2025-8-23,6:00,14,0.0
2025-8-23,6:00,15,0.0
2025-8-23,6:00,16,0.0
2025-8-23,6:00,17,0.0
2025-8-23,6:00,18,0.0
2025-8-23,6:00,19,0.0
2025-8-23,6:00,20,0.0
2025-8-23,6:00,21,0.0
2025-8-23,6:00,22,0.0
2025-8-23,6:00,23,0.0
2025-8-23,6:00,24,909.4445
2025-8-23,12:00,1,8438.6708
2025-8-23,12:00,2,7465.3775
2025-8-23,12:00,3,6748.4537
2025-8-23,12:00,4,4436.6775
2025-8-23,12:00,5,2459.773
2025-8-23,12:00,6,649.106
2025-8-23,12:00,7,0.0
2025-8-23,12:00,8,0.0
2025-8-23,12:00,9,0.0
2025-8-23,12:00,10,0.0
2025-8-23,12:00,11,0.0
2025-8-23,12:00,12,0.0
2025-8-23,12:00,13,0.0
2025-8-23,12:00,14,0.0
2025-8-23,12:00,15,0.0
2025-8-23,12:00,16,0.0
2025-8-23,12:00,17,0.0
2025-8-23,12:00,18,661.0863
2025-8-23,12:00,19,2196.4214
2025-8-23,12:00,20,3619.1719
2025-8-23,12:00,21,4758.7679
2025-8-23,12:00,22,5897.537
2025-8-23,12:00,23,4338.4621
2025-8-23,12:00,24,3083.4935
2025-8-23,18:00,1,0.0
2025-8-23,18:00,2,0.0
2025-8-23,18:00,3,0.0
2025-8-23,18:00,4,0.0
2025-8-23,18:00,5,0.0
2025-8-23,18:00,6,0.0
2025-8-23,18:00,7,0.0
2025-8-23,18:00,8,0.0
2025-8-23,18:00,9,0.0
2025-8-23,18:00,10,0.0
2025-8-23,18:00,11,0.0
2025-8-23,18:00,12,575.7329
2025-8-23,18:00,13,2160.2308
2025-8-23,18:00,14,3695.1928
2025-8-23,18:00,15,5348.1409
2025-8-23,18:00,16,8698.6875
2025-8-23,18:00,17,9670.4625
2025-8-23,18:00,18,9891.9
2025-8-23,18:00,19,9340.0125
2025-8-23,18:00,20,8695.8
2025-8-23,18:00,21,6111.1153
2025-8-23,18:00,22,4893.2882
2025-8-23,18:00,23,2975.6625
2025-8-23,18:00,24,774.2125
2025-8-24,0:00,1,0.0
2025-8-24,0:00,2,0.0
2025-8-24,0:00,3,0.0
2025-8-24,0:00,4,0.0
2025-8-24,0:00,5,0.0
2025-8-24,0:00,6,649.1666
2025-8-24,0:00,7,2452.2578
2025-8-24,0:00,8,4437.978
2025-8-24,0:00,9,6351.4077
2025-8-24,0:00,10,8698.6875
2025-8-24,0:00,11,9670.4625
2025-8-24,0:00,12,9891.9
2025-8-24,0:00,13,9230.3153
2025-8-24,0:00,14,6659.8232
2025-8-24,0:00,15,5721.9491
2025-8-24,0:00,16,4577.9293
2025-8-24,0:00,17,2257.5108
2025-8-24,0:00,18,561.297
2025-8-24,0:00,19,0.0
2025-8-24,0:00,20,0.0
2025-8-24,0:00,21,0.0
2025-8-24,0:00,22,0.0
2025-8-24,0:00,23,0.0
2025-8-24,0:00,24,0.0
2025-8-24,6:00,1,2402.1545
2025-8-24,6:00,2,4308.5475
2025-8-24,6:00,3,6016.6455
2025-8-24,6:00,4,8564.2706
2025-8-24,6:00,5,9597.8009
2025-8-24,6:00,6,9885.1182
2025-8-24,6:00,7,9340.0125
2025-8-24,6:00,8,8411.1672
2025-8-24,6:00,9,6861.9785
2025-8-24,6:00,10,5102.325
2025-8-24,6:00,11,2975.6625
2025-8-24,6:00,12,716.8603
2025-8-24,6:00,13,0.0
2025-8-24,6:00,14,0.0
2025-8-24,6:00,15,0.0
2025-8-24,6:00,16,0.0
2025-8-24,6:00,17,0.0
2025-8-24,6:00,18,0.0
2025-8-24,6:00,19,0.0
2025-8-24,6:00,20,0.0
2025-8-24,6:00,21,0.0
2025-8-24,6:00,22,0.0
2025-8-24,6:00,23,0.0
2025-8-24,6:00,24,361.551
2025-8-24,12:00,1,9315.215
2025-8-24,12:00,2,7437.9693
2025-8-24,12:00,3,5753.5437
2025-8-24,12:00,4,4356.4398
2025-8-24,12:00,5,2231.0932
2025-8-24,12:00,6,515.8238
2025-8-24,12:00,7,0.0
2025-8-24,12:00,8,0.0
2025-8-24,12:00,9,0.0
2025-8-24,12:00,10,0.0
2025-8-24,12:00,11,0.0
2025-8-24,12:00,12,0.0
2025-8-24,12:00,13,0.0
2025-8-24,12:00,14,0.0
2025-8-24,12:00,15,0.0
2025-8-24,12:00,16,0.0
2025-8-24,12:00,17,0.0
2025-8-24,12:00,18,481.1575
2025-8-24,12:00,19,2315.5057
2025-8-24,12:00,20,4471.1689
2025-8-24,12:00,21,7183.2479
2025-8-24,12:00,22,6845.1598
2025-8-24,12:00,23,6505.0597
2025-8-24,12:00,24,5479.6828
2025-8-24,18:00,1,0.0
2025-8-24,18:00,2,0.0
2025-8-24,18:00,3,0.0
2025-8-24,18:00,4,0.0
2025-8-24,18:00,5,0.0
2025-8-24,18:00,6,0.0
2025-8-24,18:00,7,0.0
2025-8-24,18:00,8,0.0
2025-8-24,18:00,9,0.0
2025-8-24,18:00,10,0.0
2025-8-24,18:00,11,0.0
2025-8-24,18:00,12,646.9684
2025-8-24,18:00,13,2407.9226
2025-8-24,18:00,14,4522.6016
2025-8-24,18:00,15,7120.6546
2025-8-24,18:00,16,7373.2584
2025-8-24,18:00,17,7069.1117
2025-8-24,18:00,18,7654.3301
2025-8-24,18:00,19,6406.2059
2025-8-24,18:00,20,6640.5559
2025-8-24,18:00,21,6040.0093
2025-8-24,18:00,22,3728.4901
2025-8-24,18:00,23,1976.5294
2025-8-24,18:00,24,575.9323
2025-8-25,0:00,1,0.0
2025-8-25,0:00,2,0.0
2025-8-25,0:00,3,0.0
2025-8-25,0:00,4,0.0
2025-8-25,0:00,5,0.0
2025-8-25,0:00,6,565.8515
2025-8-25,0:00,7,2141.1578
2025-8-25,0:00,8,4102.1506
2025-8-25,0:00,9,5769.59
2025-8-25,0:00,10,6396.5456
2025-8-25,0:00,11,5894.9284
2025-8-25,0:00,12,5426.9434
2025-8-25,0:00,13,4771.8886
2025-8-25,0:00,14,4883.8137
2025-8-25,0:00,15,4030.0998
2025-8-25,0:00,16,2917.02
2025-8-25,0:00,17,2125.785
2025-8-25,0:00,18,565.2668
2025-8-25,0:00,19,0.0
2025-8-25,0:00,20,0.0
2025-8-25,0:00,21,0.0
2025-8-25,0:00,22,0.0
2025-8-25,0:00,23,0.0
2025-8-25,0:00,24,0.0
2025-8-25,6:00,1,2213.3241
2025-8-25,6:00,2,4315.3509
2025-8-25,6:00,3,6525.0978
2025-8-25,6:00,4,7792.2442
2025-8-25,6:00,5,8479.2501
2025-8-25,6:00,6,7702.5314
2025-8-25,6:00,7,7216.0061
2025-8-25,6:00,8,7156.7736
2025-8-25,6:00,9,5191.0892
2025-8-25,6:00,10,3214.9832
2025-8-25,6:00,11,1976.2226
2025-8-25,6:00,12,504.2025
2025-8-25,6:00,13,0.0
2025-8-25,6:00,14,0.0
2025-8-25,6:00,15,0.0
2025-8-25,6:00,16,0.0
2025-8-25,6:00,17,0.0
2025-8-25,6:00,18,0.0
2025-8-25,6:00,19,0.0
2025-8-25,6:00,20,0.0
2025-8-25,6:00,21,0.0
2025-8-25,6:00,22,0.0
2025-8-25,6:00,23,0.0
2025-8-25,6:00,24,518.297
2025-8-25,12:00,1,7257.7234
2025-8-25,12:00,2,7139.8411
2025-8-25,12:00,3,5526.6718
2025-8-25,12:00,4,3810.9438
2025-8-25,12:00,5,2404.0921
2025-8-25,12:00,6,604.803
2025-8-25,12:00,7,0.0
2025-8-25,12:00,8,0.0
2025-8-25,12:00,9,0.0
2025-8-25,12:00,10,0.0
2025-8-25,12:00,11,0.0
2025-8-25,12:00,12,0.0
2025-8-25,12:00,13,0.0
2025-8-25,12:00,14,0.0
2025-8-25,12:00,15,0.0
2025-8-25,12:00,16,0.0
2025-8-25,12:00,17,0.0
2025-8-25,12:00,18,518.9807
2025-8-25,12:00,19,2636.0877
2025-8-25,12:00,20,4689.5742
2025-8-25,12:00,21,5885.9548
2025-8-25,12:00,22,8698.6875
2025-8-25,12:00,23,9670.4625
2025-8-25,12:00,24,9891.9
2025-8-25,18:00,1,0.0
2025-8-25,18:00,2,0.0
2025-8-25,18:00,3,0.0
2025-8-25,18:00,4,0.0
2025-8-25,18:00,5,0.0
2025-8-25,18:00,6,0.0
2025-8-25,18:00,7,0.0
2025-8-25,18:00,8,0.0
2025-8-25,18:00,9,0.0
2025-8-25,18:00,10,0.0
2025-8-25,18:00,11,0.0
2025-8-25,18:00,12,475.4103
2025-8-25,18:00,13,2145.0513
2025-8-25,18:00,14,3773.1334
2025-8-25,18:00,15,5780.0861
2025-8-25,18:00,16,7546.276
2025-8-25,18:00,17,9670.4625
2025-8-25,18:00,18,9891.9
2025-8-25,18:00,19,9340.0125
2025-8-25,18:00,20,8695.8
2025-8-25,18:00,21,6883.0125
2025-8-25,18:00,22,4356.7989
2025-8-25,18:00,23,2448.0896
2025-8-25,18:00,24,578.757
2025-8-26,0:00,1,0.0
2025-8-26,0:00,2,0.0
2025-8-26,0:00,3,0.0
2025-8-26,0:00,4,0.0
2025-8-26,0:00,5,0.0
2025-8-26,0:00,6,575.0942
2025-8-26,0:00,7,2570.3982
2025-8-26,0:00,8,4235.732
2025-8-26,0:00,9,6091.4272
2025-8-26,0:00,10,8150.2841
2025-8-26,0:00,11,9055.1617
2025-8-26,0:00,12,9891.9
2025-8-26,0:00,13,9340.0125
2025-8-26,0:00,14,8569.0081
2025-8-26,0:00,15,5571.4507
2025-8-26,0:00,16,3787.5326
2025-8-26,0:00,17,1864.6553
2025-8-26,0:00,18,465.8342
2025-8-26,0:00,19,0.0
2025-8-26,0:00,20,0.0
2025-8-26,0:00,21,0.0
2025-8-26,0:00,22,0.0
2025-8-26,0:00,23,0.0
2025-8-26,0:00,24,0.0
2025-8-26,6:00,1,2440.1579
2025-8-26,6:00,2,4301.8783
2025-8-26,6:00,3,6190.2519
2025-8-26,6:00,4,8203.0442
2025-8-26,6:00,5,8618.6865
2025-8-26,6:00,6,9560.1119
2025-8-26,6:00,7,8101.1894
2025-8-26,6:00,8,6993.9378
2025-8-26,6:00,9,5310.3115
2025-8-26,6:00,10,3808.0605
2025-8-26,6:00,11,2221.6364
2025-8-26,6:00,12,595.2717
2025-8-26,6:00,13,0.0
2025-8-26,6:00,14,0.0
2025-8-26,6:00,15,0.0
2025-8-26,6:00,16,0.0
2025-8-26,6:00,17,0.0
2025-8-26,6:00,18,0.0
2025-8-26,6:00,19,0.0
2025-8-26,6:00,20,0.0
2025-8-26,6:00,21,0.0
2025-8-26,6:00,22,0.0
2025-8-26,6:00,23,0.0
2025-8-26,6:00,24,693.0657
2025-8-26,12:00,1,8392.7644
2025-8-26,12:00,2,7607.7499
2025-8-26,12:00,3,6167.2829
2025-8-26,12:00,4,3944.7084
2025-8-26,12:00,5,2099.6088
2025-8-26,12:00,6,593.6668
2025-8-26,12:00,7,0.0
2025-8-26,12:00,8,0.0
2025-8-26,12:00,9,0.0
2025-8-26,12:00,10,0.0
2025-8-26,12:00,11,0.0
2025-8-26,12:00,12,0.0
2025-8-26,12:00,13,0.0
2025-8-26,12:00,14,0.0
2025-8-26,12:00,15,0.0
2025-8-26,12:00,16,0.0
2025-8-26,12:00,17,0.0
2025-8-26,12:00,18,523.5419
2025-8-26,12:00,19,2269.6188
2025-8-26,12:00,20,3662.8781
2025-8-26,12:00,21,4863.3058
2025-8-26,12:00,22,5853.0349
2025-8-26,12:00,23,6188.9409
2025-8-26,12:00,24,6294.0863
2025-8-26,18:00,1,0.0
2025-8-26,18:00,2,0.0
2025-8-26,18:00,3,0.0
2025-8-26,18:00,4,0.0
2025-8-26,18:00,5,0.0
2025-8-26,18:00,6,0.0
2025-8-26,18:00,7,0.0
2025-8-26,18:00,8,0.0
2025-8-26,18:00,9,0.0
2025-8-26,18:00,10,0.0
2025-8-26,18:00,11,0.0
2025-8-26,18:00,12,514.5698
2025-8-26,18:00,13,2424.034
2025-8-26,18:00,14,4556.496
2025-8-26,18:00,15,6427.7994
2025-8-26,18:00,16,8698.6875
2025-8-26,18:00,17,9090.5444
2025-8-26,18:00,18,8981.8951
2025-8-26,18:00,19,8276.2506
2025-8-26,18:00,20,6070.2869
2025-8-26,18:00,21,4705.4582
2025-8-26,18:00,22,3367.1383
2025-8-26,18:00,23,1754.3058
2025-8-26,18:00,24,376.865
2025-8-27,0:00,1,0.0
2025-8-27,0:00,2,0.0
2025-8-27,0:00,3,0.0
2025-8-27,0:00,4,0.0
2025-8-27,0:00,5,0.0
2025-8-27,0:00,6,471.9589
2025-8-27,0:00,7,2149.2586
2025-8-27,0:00,8,3918.7277
2025-8-27,0:00,9,4775.2505
2025-8-27,0:00,10,7035.4697
2025-8-27,0:00,11,7955.2971
2025-8-27,0:00,12,9891.9
2025-8-27,0:00,13,9763.3875
2025-8-27,0:00,14,8591.4894
2025-8-27,0:00,15,6883.0125
2025-8-27,0:00,16,4688.2846
2025-8-27,0:00,17,2107.8243
2025-8-27,0:00,18,521.5438
2025-8-27,0:00,19,0.0
2025-8-27,0:00,20,0.0
2025-8-27,0:00,21,0.0
2025-8-27,0:00,22,0.0
2025-8-27,0:00,23,0.0
2025-8-27,0:00,24,0.0
2025-8-27,6:00,1,2296.4773
2025-8-27,6:00,2,4162.1987
2025-8-27,6:00,3,5211.2144
2025-8-27,6:00,4,7704.9013
2025-8-27,6:00,5,7841.267
2025-8-27,6:00,6,8035.0476
2025-8-27,6:00,7,7452.076
2025-8-27,6:00,8,6036.0256
2025-8-27,6:00,9,5288.9865
2025-8-27,6:00,10,4104.7048
2025-8-27,6:00,11,2032.3428
2025-8-27,6:00,12,469.8636
2025-8-27,6:00,13,0.0
2025-8-27,6:00,14,0.0
2025-8-27,6:00,15,0.0
2025-8-27,6:00,16,0.0
2025-8-27,6:00,17,0.0
2025-8-27,6:00,18,0.0
2025-8-27,6:00,19,0.0
2025-8-27,6:00,20,0.0
2025-8-27,6:00,21,0.0
2025-8-27,6:00,22,0.0
2025-8-27,6:00,23,0.0
2025-8-27,6:00,24,574.5351
2025-8-27,12:00,1,8735.1948
2025-8-27,12:00,2,6944.8347
2025-8-27,12:00,3,5743.3606
2025-8-27,12:00,4,4099.9564
2025-8-27,12:00,5,2155.8362
2025-8-27,12:00,6,496.9874
2025-8-27,12:00,7,0.0
2025-8-27,12:00,8,0.0
2025-8-27,12:00,9,0.0
2025-8-27,12:00,10,0.0
2025-8-27,12:00,11,0.0
2025-8-27,12:00,12,0.0
2025-8-27,12:00,13,0.0
2025-8-27,12:00,14,0.0
2025-8-27,12:00,15,0.0
2025-8-27,12:00,16,0.0
2025-8-27,12:00,17,0.0
2025-8-27,12:00,18,389.9357
2025-8-27,12:00,19,1748.6178
2025-8-27,12:00,20,3253.2272
2025-8-27,12:00,21,4954.9162
2025-8-27,12:00,22,6787.0778
2025-8-27,12:00,23,7369.5108
2025-8-27,12:00,24,9084.7175
2025-8-27,18:00,1,0.0
2025-8-27,18:00,2,0.0
2025-8-27,18:00,3,0.0
2025-8-27,18:00,4,0.0
2025-8-27,18:00,5,0.0
2025-8-27,18:00,6,0.0
2025-8-27,18:00,7,0.0
2025-8-27,18:00,8,0.0
2025-8-27,18:00,9,0.0
2025-8-27,18:00,10,0.0
2025-8-27,18:00,11,0.0
2025-8-27,18:00,12,509.9779
2025-8-27,18:00,13,2378.4542
2025-8-27,18:00,14,3750.6923
2025-8-27,18:00,15,4705.7364
2025-8-27,18:00,16,5488.8232
2025-8-27,18:00,17,5916.7603
2025-8-27,18:00,18,9177.7845
2025-8-27,18:00,19,9763.3875
2025-8-27,18:00,20,8592.675
2025-8-27,18:00,21,6883.0125
2025-8-27,18:00,22,5102.325
2025-8-27,18:00,23,2106.6858
2025-8-27,18:00,24,403.9717
2025-8-28,0:00,1,0.0
2025-8-28,0:00,2,0.0
2025-8-28,0:00,3,0.0
2025-8-28,0:00,4,0.0
2025-8-28,0:00,5,0.0
2025-8-28,0:00,6,511.2421
2025-8-28,0:00,7,2543.7537
2025-8-28,0:00,8,4216.7056
2025-8-28,0:00,9,5909.8329
2025-8-28,0:00,10,6808.1057
2025-8-28,0:00,11,6899.4756
2025-8-28,0:00,12,8458.6748
2025-8-28,0:00,13,9763.3875
2025-8-28,0:00,14,8592.675
2025-8-28,0:00,15,6883.0125
2025-8-28,0:00,16,5102.325
2025-8-28,0:00,17,2975.6625
2025-8-28,0:00,18,695.4218
2025-8-28,0:00,19,0.0
2025-8-28,0:00,20,0.0
2025-8-28,0:00,21,0.0
2025-8-28,0:00,22,0.0
2025-8-28,0:00,23,0.0
2025-8-28,0:00,24,0.0
2025-8-28,6:00,1,2448.9626
2025-8-28,6:00,2,4225.2439
2025-8-28,6:00,3,5822.1107
2025-8-28,6:00,4,6740.8852
2025-8-28,6:00,5,7099.4497
2025-8-28,6:00,6,7884.6409
2025-8-28,6:00,7,8784.1055
2025-8-28,6:00,8,7333.4593
2025-8-28,6:00,9,5452.9746
2025-8-28,6:00,10,3781.1871
2025-8-28,6:00,11,2014.0563
2025-8-28,6:00,12,437.7716
2025-8-28,6:00,13,0.0
2025-8-28,6:00,14,0.0
2025-8-28,6:00,15,0.0
2025-8-28,6:00,16,0.0
2025-8-28,6:00,17,0.0
2025-8-28,6:00,18,0.0
2025-8-28,6:00,19,0.0
2025-8-28,6:00,20,0.0
2025-8-28,6:00,21,0.0
2025-8-28,6:00,22,0.0
2025-8-28,6:00,23,0.0
2025-8-28,6:00,24,511.0242
2025-8-28,12:00,1,8678.7966
2025-8-28,12:00,2,7477.2563
2025-8-28,12:00,3,5915.6636
2025-8-28,12:00,4,4455.1672
2025-8-28,12:00,5,2073.2794
2025-8-28,12:00,6,501.2704
2025-8-28,12:00,7,0.0
2025-8-28,12:00,8,0.0
2025-8-28,12:00,9,0.0
2025-8-28,12:00,10,0.0
2025-8-28,12:00,11,0.0
2025-8-28,12:00,12,0.0
2025-8-28,12:00,13,0.0
2025-8-28,12:00,14,0.0
2025-8-28,12:00,15,0.0
2025-8-28,12:00,16,0.0
2025-8-28,12:00,17,0.0
2025-8-28,12:00,18,438.8587
2025-8-28,12:00,19,1997.4957
2025-8-28,12:00,20,4494.5066
2025-8-28,12:00,21,7292.1
2025-8-28,12:00,22,8698.6875
2025-8-28,12:00,23,9670.4625
2025-8-28,12:00,24,9965.475
2025-8-28,18:00,1,0.0
2025-8-28,18:00,2,0.0
2025-8-28,18:00,3,0.0
2025-8-28,18:00,4,0.0
2025-8-28,18:00,5,0.0
2025-8-28,18:00,6,0.0
2025-8-28,18:00,7,0.0
2025-8-28,18:00,8,0.0
2025-8-28,18:00,9,0.0
2025-8-28,18:00,10,0.0
2025-8-28,18:00,11,0.0
2025-8-28,18:00,12,434.8137
2025-8-28,18:00,13,2058.465
2025-8-28,18:00,14,3878.6035
2025-8-28,18:00,15,6020.4429
2025-8-28,18:00,16,7262.7481
2025-8-28,18:00,17,7226.1443
2025-8-28,18:00,18,7849.4451
2025-8-28,18:00,19,5961.6543
2025-8-28,18:00,20,5982.0622
2025-8-28,18:00,21,5697.643
2025-8-28,18:00,22,3863.1136
2025-8-28,18:00,23,2060.8888
2025-8-28,18:00,24,556.6207
2025-8-29,0:00,1,0.0
2025-8-29,0:00,2,0.0
2025-8-29,0:00,3,0.0
2025-8-29,0:00,4,0.0
2025-8-29,0:00,5,0.0
2025-8-29,0:00,6,428.3256
2025-8-29,0:00,7,1984.939
2025-8-29,0:00,8,3831.2879
2025-8-29,0:00,9,5908.7014
2025-8-29,0:00,10,7107.9969
2025-8-29,0:00,11,7482.5557
2025-8-29,0:00,12,7702.8767
2025-8-29,0:00,13,7281.1826
2025-8-29,0:00,14,6366.9457
2025-8-29,0:00,15,5155.2442
2025-8-29,0:00,16,3513.9792
2025-8-29,0:00,17,1904.9867
2025-8-29,0:00,18,387.3773
2025-8-29,0:00,19,0.0
2025-8-29,0:00,20,0.0
2025-8-29,0:00,21,0.0
2025-8-29,0:00,22,0.0
2025-8-29,0:00,23,0.0
2025-8-29,0:00,24,0.0
2025-8-29,6:00,1,2007.6188
2025-8-29,6:00,2,3844.1488
2025-8-29,6:00,3,5767.9616
2025-8-29,6:00,4,7491.4829
2025-8-29,6:00,5,8499.1084
2025-8-29,6:00,6,9052.2005
2025-8-29,6:00,7,8185.1817
2025-8-29,6:00,8,8295.3811
2025-8-29,6:00,9,6548.6127
2025-8-29,6:00,10,4536.0279
2025-8-29,6:00,11,2573.9856
2025-8-29,6:00,12,530.2204
2025-8-29,6:00,13,0.0
2025-8-29,6:00,14,0.0
2025-8-29,6:00,15,0.0
2025-8-29,6:00,16,0.0
2025-8-29,6:00,17,0.0
2025-8-29,6:00,18,0.0
2025-8-29,6:00,19,0.0
2025-8-29,6:00,20,0.0
2025-8-29,6:00,21,0.0
2025-8-29,6:00,22,0.0
2025-8-29,6:00,23,0.0
2025-8-29,6:00,24,385.4053
2025-8-29,12:00,1,8177.7974
2025-8-29,12:00,2,7865.9044
2025-8-29,12:00,3,6381.0684
2025-8-29,12:00,4,3995.0322
2025-8-29,12:00,5,2115.6789
2025-8-29,12:00,6,456.9211
2025-8-29,12:00,7,0.0
2025-8-29,12:00,8,0.0
2025-8-29,12:00,9,0.0
2025-8-29,12:00,10,0.0
2025-8-29,12:00,11,0.0
2025-8-29,12:00,12,0.0
2025-8-29,12:00,13,0.0
2025-8-29,12:00,14,0.0
2025-8-29,12:00,15,0.0
2025-8-29,12:00,16,0.0
2025-8-29,12:00,17,0.0
2025-8-29,12:00,18,590.8947
2025-8-29,12:00,19,2694.749
2025-8-29,12:00,20,4274.5988
2025-8-29,12:00,21,5331.6138
2025-8-29,12:00,22,7982.9863
2025-8-29,12:00,23,8432.3979
2025-8-29,12:00,24,7638.1623
2025-8-29,18:00,1,0.0
2025-8-29,18:00,2,0.0
2025-8-29,18:00,3,0.0
2025-8-29,18:00,4,0.0
2025-8-29,18:00,5,0.0
2025-8-29,18:00,6,0.0
2025-8-29,18:00,7,0.0
2025-8-29,18:00,8,0.0
2025-8-29,18:00,9,0.0
2025-8-29,18:00,10,0.0
2025-8-29,18:00,11,0.0
2025-8-29,18:00,12,359.9357
2025-8-29,18:00,13,2199.6013
2025-8-29,18:00,14,4191.954
2025-8-29,18:00,15,6173.0966
2025-8-29,18:00,16,7943.1878
2025-8-29,18:00,17,9618.8123
2025-8-29,18:00,18,8392.7331
2025-8-29,18:00,19,9092.1224
2025-8-29,18:00,20,7560.4671
2025-8-29,18:00,21,5887.5084
2025-8-29,18:00,22,4901.9904
2025-8-29,18:00,23,2688.9029
2025-8-29,18:00,24,591.7194
2025-8-30,0:00,1,0.0
2025-8-30,0:00,2,0.0
2025-8-30,0:00,3,0.0
2025-8-30,0:00,4,0.0
2025-8-30,0:00,5,0.0
2025-8-30,0:00,6,471.0125
2025-8-30,0:00,7,2442.3971
2025-8-30,0:00,8,4386.981
2025-8-30,0:00,9,6809.0691
2025-8-30,0:00,10,8698.6875
2025-8-30,0:00,11,9351.0579
2025-8-30,0:00,12,7464.4995
2025-8-30,0:00,13,7815.3501
2025-8-30,0:00,14,5857.2583
2025-8-30,0:00,15,4008.5272
2025-8-30,0:00,16,3817.1616
2025-8-30,0:00,17,2301.4093
2025-8-30,0:00,18,450.6585
2025-8-30,0:00,19,0.0
2025-8-30,0:00,20,0.0
2025-8-30,0:00,21,0.0
2025-8-30,0:00,22,0.0
2025-8-30,0:00,23,0.0
2025-8-30,0:00,24,0.0
2025-8-30,6:00,1,2501.5453
2025-8-30,6:00,2,4601.2925
2025-8-30,6:00,3,6533.9715
2025-8-30,6:00,4,8379.441
2025-8-30,6:00,5,9632.3244
2025-8-30,6:00,6,9246.1477
2025-8-30,6:00,7,9312.3183
2025-8-30,6:00,8,7257.4194
2025-8-30,6:00,9,5136.2147
2025-8-30,6:00,10,4051.984
2025-8-30,6:00,11,2115.9384
2025-8-30,6:00,12,412.2833
2025-8-30,6:00,13,0.0
2025-8-30,6:00,14,0.0
2025-8-30,6:00,15,0.0
2025-8-30,6:00,16,0.0
2025-8-30,6:00,17,0.0
2025-8-30,6:00,18,0.0
2025-8-30,6:00,19,0.0
2025-8-30,6:00,20,0.0
2025-8-30,6:00,21,0.0
2025-8-30,6:00,22,0.0
2025-8-30,6:00,23,0.0
2025-8-30,6:00,24,435.3654
2025-8-30,12:00,1,9257.2935
2025-8-30,12:00,2,7541.6558
2025-8-30,12:00,3,5410.9622
2025-8-30,12:00,4,4225.165
2025-8-30,12:00,5,2292.7058
2025-8-30,12:00,6,461.7009
2025-8-30,12:00,7,0.0
2025-8-30,12:00,8,0.0
2025-8-30,12:00,9,0.0
2025-8-30,12:00,10,0.0
2025-8-30,12:00,11,0.0
2025-8-30,12:00,12,0.0
2025-8-30,12:00,13,0.0
2025-8-30,12:00,14,0.0
2025-8-30,12:00,15,0.0
2025-8-30,12:00,16,0.0
2025-8-30,12:00,17,0.0
2025-8-30,12:00,18,359.3864
2025-8-30,12:00,19,2147.2467
2025-8-30,12:00,20,4713.9814
2025-8-30,12:00,21,6603.7263
2025-8-30,12:00,22,8380.9973
2025-8-30,12:00,23,9670.4625
2025-8-30,12:00,24,9965.475
2025-8-30,18:00,1,0.0
2025-8-30,18:00,2,0.0
2025-8-30,18:00,3,0.0
2025-8-30,18:00,4,0.0
2025-8-30,18:00,5,0.0
2025-8-30,18:00,6,0.0
2025-8-30,18:00,7,0.0
2025-8-30,18:00,8,0.0
2025-8-30,18:00,9,0.0
2025-8-30,18:00,10,0.0
2025-8-30,18:00,11,0.0
2025-8-30,18:00,12,496.9385
2025-8-30,18:00,13,2518.6639
2025-8-30,18:00,14,4988.4375
2025-8-30,18:00,15,7292.1
2025-8-30,18:00,16,8118.7517
2025-8-30,18:00,17,7356.8073
2025-8-30,18:00,18,8029.6935
2025-8-30,18:00,19,8600.3259
2025-8-30,18:00,20,7981.4613
2025-8-30,18:00,21,5533.0219
2025-8-30,18:00,22,4440.8524
2025-8-30,18:00,23,2258.7768
2025-8-30,18:00,24,434.8034
2025-8-31,0:00,1,0.0
2025-8-31,0:00,2,0.0
2025-8-31,0:00,3,0.0
2025-8-31,0:00,4,0.0
2025-8-31,0:00,5,0.0
2025-8-31,0:00,6,465.2808
2025-8-31,0:00,7,2412.4902
2025-8-31,0:00,8,4903.3356
2025-8-31,0:00,9,7292.1
2025-8-31,0:00,10,8287.8116
2025-8-31,0:00,11,8609.1737
2025-8-31,0:00,12,7828.1475
2025-8-31,0:00,13,9538.3782
2025-8-31,0:00,14,8203.5629
2025-8-31,0:00,15,5302.5326
2025-8-31,0:00,16,3911.7311
2025-8-31,0:00,17,2449.1098
2025-8-31,0:00,18,432.6335
2025-8-31,0:00,19,0.0
2025-8-31,0:00,20,0.0
2025-8-31,0:00,21,0.0
2025-8-31,0:00,22,0.0
2025-8-31,0:00,23,0.0
2025-8-31,0:00,24,0.0
2025-8-31,6:00,1,2205.4435
2025-8-31,6:00,2,4383.5683
2025-8-31,6:00,3,6539.7288
2025-8-31,6:00,4,7018.3749
2025-8-31,6:00,5,8041.6619
2025-8-31,6:00,6,7824.7203
2025-8-31,6:00,7,8763.5399
2025-8-31,6:00,8,7795.6501
2025-8-31,6:00,9,6204.5267
2025-8-31,6:00,10,4652.7861
2025-8-31,6:00,11,2488.4807
2025-8-31,6:00,12,440.0179
2025-8-31,6:00,13,0.0
2025-8-31,6:00,14,0.0
2025-8-31,6:00,15,0.0
2025-8-31,6:00,16,0.0
2025-8-31,6:00,17,0.0
2025-8-31,6:00,18,0.0
2025-8-31,6:00,19,0.0
2025-8-31,6:00,20,0.0
2025-8-31,6:00,21,0.0
2025-8-31,6:00,22,0.0
2025-8-31,6:00,23,0.0
2025-8-31,6:00,24,171.039
2025-8-31,12:00,1,8809.3418
2025-8-31,12:00,2,7915.7392
2025-8-31,12:00,3,5981.9275
2025-8-31,12:00,4,4488.8558
2025-8-31,12:00,5,2496.56
2025-8-31,12:00,6,448.1731
2025-8-31,12:00,7,0.0
2025-8-31,12:00,8,0.0
2025-8-31,12:00,9,0.0
2025-8-31,12:00,10,0.0
2025-8-31,12:00,11,0.0
2025-8-31,12:00,12,0.0
2025-8-31,12:00,13,0.0
2025-8-31,12:00,14,0.0
2025-8-31,12:00,15,0.0
2025-8-31,12:00,16,0.0
2025-8-31,12:00,17,0.0
2025-8-31,12:00,18,467.6971
2025-8-31,12:00,19,2681.7476
2025-8-31,12:00,20,4901.5125
2025-8-31,12:00,21,6404.469
2025-8-31,12:00,22,7553.9771
2025-8-31,12:00,23,8066.4478
2025-8-31,12:00,24,7124.4953
2025-8-31,18:00,1,0.0
2025-8-31,18:00,2,0.0
2025-8-31,18:00,3,0.0
2025-8-31,18:00,4,0.0
2025-8-31,18:00,5,0.0
2025-8-31,18:00,6,0.0
2025-8-31,18:00,7,0.0
2025-8-31,18:00,8,0.0
2025-8-31,18:00,9,0.0
2025-8-31,18:00,10,0.0
2025-8-31,18:00,11,0.0
2025-8-31,18:00,12,420.4996
2025-8-31,18:00,13,2210.3166
2025-8-31,18:00,14,4299.9702
2025-8-31,18:00,15,5879.5426
2025-8-31,18:00,16,6878.02
2025-8-31,18:00,17,7561.4582
2025-8-31,18:00,18,6575.6264
2025-8-31,18:00,19,7535.5911
2025-8-31,18:00,20,6540.2524
2025-8-31,18:00,21,5450.3548
2025-8-31,18:00,22,4675.5701
2025-8-31,18:00,23,2219.1331
2025-8-31,18:00,24,445.7906
2025-9-1,0:00,1,0.0
2025-9-1,0:00,2,0.0
2025-9-1,0:00,3,0.0
2025-9-1,0:00,4,0.0
2025-9-1,0:00,5,0.0
2025-9-1,0:00,6,443.7173
2025-9-1,0:00,7,2191.5496
2025-9-1,0:00,8,4155.3012
2025-9-1,0:00,9,5502.473
2025-9-1,0:00,10,6390.6888
2025-9-1,0:00,11,7131.0147
2025-9-1,0:00,12,6196.3863
2025-9-1,0:00,13,7626.4512
2025-9-1,0:00,14,6962.1784
2025-9-1,0:00,15,5841.9052
2025-9-1,0:00,16,4798.1706
2025-9-1,0:00,17,2253.4839
2025-9-1,0:00,18,382.7811
2025-9-1,0:00,19,0.0
2025-9-1,0:00,20,0.0
2025-9-1,0:00,21,0.0
2025-9-1,0:00,22,0.0
2025-9-1,0:00,23,0.0
2025-9-1,0:00,24,0.0
2025-9-1,6:00,1,2413.0664
2025-9-1,6:00,2,4715.1599
2025-9-1,6:00,3,6258.3694
2025-9-1,6:00,4,6746.8573
2025-9-1,6:00,5,7835.6855
2025-9-1,6:00,6,7930.8456
2025-9-1,6:00,7,8784.7725
2025-9-1,6:00,8,8592.675
2025-9-1,6:00,9,6838.6125
2025-9-1,6:00,10,5102.325
2025-9-1,6:00,11,2442.6364
2025-9-1,6:00,12,497.9671
2025-9-1,6:00,13,0.0
2025-9-1,6:00,14,0.0
2025-9-1,6:00,15,0.0
2025-9-1,6:00,16,0.0
2025-9-1,6:00,17,0.0
2025-9-1,6:00,18,0.0
2025-9-1,6:00,19,0.0
2025-9-1,6:00,20,0.0
2025-9-1,6:00,21,0.0
2025-9-1,6:00,22,0.0
2025-9-1,6:00,23,0.0
2025-9-1,6:00,24,232.4444
2025-9-1,12:00,1,8500.1476
2025-9-1,12:00,2,8118.0875
2025-9-1,12:00,3,6264.934
2025-9-1,12:00,4,4530.467
2025-9-1,12:00,5,2088.4567
2025-9-1,12:00,6,391.2415
2025-9-1,12:00,7,0.0
2025-9-1,12:00,8,0.0
2025-9-1,12:00,9,0.0
2025-9-1,12:00,10,0.0
2025-9-1,12:00,11,0.0
2025-9-1,12:00,12,0.0
2025-9-1,12:00,13,0.0
2025-9-1,12:00,14,0.0
2025-9-1,12:00,15,0.0
2025-9-1,12:00,16,0.0
2025-9-1,12:00,17,0.0
2025-9-1,12:00,18,390.2785
2025-9-1,12:00,19,1882.6647
2025-9-1,12:00,20,3536.0769
2025-9-1,12:00,21,5071.1639
2025-9-1,12:00,22,6426.1691
2025-9-1,12:00,23,7539.1387
2025-9-1,12:00,24,7718.1665
2025-9-1,18:00,1,0.0
2025-9-1,18:00,2,0.0
2025-9-1,18:00,3,0.0
2025-9-1,18:00,4,0.0
2025-9-1,18:00,5,0.0
2025-9-1,18:00,6,0.0
2025-9-1,18:00,7,0.0
2025-9-1,18:00,8,0.0
2025-9-1,18:00,9,0.0
2025-9-1,18:00,10,0.0
2025-9-1,18:00,11,0.0
2025-9-1,18:00,12,380.9672
2025-9-1,18:00,13,2037.2258
2025-9-1,18:00,14,4188.9721
2025-9-1,18:00,15,6162.8535
2025-9-1,18:00,16,7128.653
2025-9-1,18:00,17,8869.769
2025-9-1,18:00,18,8896.169
2025-9-1,18:00,19,7469.0734
2025-9-1,18:00,20,5649.0113
2025-9-1,18:00,21,4347.6497
2025-9-1,18:00,22,3493.2693
2025-9-1,18:00,23,1652.6254
2025-9-1,18:00,24,300.0402
2025-9-2,0:00,1,0.0
2025-9-2,0:00,2,0.0
2025-9-2,0:00,3,0.0
2025-9-2,0:00,4,0.0
2025-9-2,0:00,5,0.0
2025-9-2,0:00,6,413.7543
2025-9-2,0:00,7,2049.7172
2025-9-2,0:00,8,4134.4579
2025-9-2,0:00,9,5825.31
2025-9-2,0:00,10,7057.3821
2025-9-2,0:00,11,8283.3895
2025-9-2,0:00,12,8822.161
2025-9-2,0:00,13,9638.8396
2025-9-2,0:00,14,8098.4625
2025-9-2,0:00,15,6550.5143
2025-9-2,0:00,16,5102.325
2025-9-2,0:00,17,2791.5375
2025-9-2,0:00,18,498.2835
2025-9-2,0:00,19,0.0
2025-9-2,0:00,20,0.0
2025-9-2,0:00,21,0.0
2025-9-2,0:00,22,0.0
2025-9-2,0:00,23,0.0
2025-9-2,0:00,24,0.0
2025-9-2,6:00,1,2038.4119
2025-9-2,6:00,2,4178.696
2025-9-2,6:00,3,6027.1851
2025-9-2,6:00,4,7100.3036
2025-9-2,6:00,5,7974.2633
2025-9-2,6:00,6,8284.1066
2025-9-2,6:00,7,8147.0615
2025-9-2,6:00,8,6386.0452
2025-9-2,6:00,9,5646.3841
2025-9-2,6:00,10,4353.2561
2025-9-2,6:00,11,2573.4053
2025-9-2,6:00,12,447.5873
2025-9-2,6:00,13,0.0
2025-9-2,6:00,14,0.0
2025-9-2,6:00,15,0.0
2025-9-2,6:00,16,0.0
2025-9-2,6:00,17,0.0
2025-9-2,6:00,18,0.0
2025-9-2,6:00,19,0.0
2025-9-2,6:00,20,0.0
2025-9-2,6:00,21,0.0
2025-9-2,6:00,22,0.0
2025-9-2,6:00,23,0.0
2025-9-2,6:00,24,438.6582
2025-9-2,12:00,1,9209.8908
2025-9-2,12:00,2,7538.8073
2025-9-2,12:00,3,5964.0733
2025-9-2,12:00,4,4698.8267
2025-9-2,12:00,5,2712.6607
2025-9-2,12:00,6,454.9653
2025-9-2,12:00,7,0.0
2025-9-2,12:00,8,0.0
2025-9-2,12:00,9,0.0
2025-9-2,12:00,10,0.0
2025-9-2,12:00,11,0.0
2025-9-2,12:00,12,0.0
2025-9-2,12:00,13,0.0
2025-9-2,12:00,14,0.0
2025-9-2,12:00,15,0.0
2025-9-2,12:00,16,0.0
2025-9-2,12:00,17,0.0
2025-9-2,12:00,18,397.8336
2025-9-2,12:00,19,2180.719
2025-9-2,12:00,20,4813.2569
2025-9-2,12:00,21,6817.5251
2025-9-2,12:00,22,7869.9163
2025-9-2,12:00,23,8490.5074
2025-9-2,12:00,24,9965.475
2025-9-2,18:00,1,0.0
2025-9-2,18:00,2,0.0
2025-9-2,18:00,3,0.0
2025-9-2,18:00,4,0.0
2025-9-2,18:00,5,0.0
2025-9-2,18:00,6,0.0
2025-9-2,18:00,7,0.0
2025-9-2,18:00,8,0.0
2025-9-2,18:00,9,0.0
2025-9-2,18:00,10,0.0
2025-9-2,18:00,11,0.0
2025-9-2,18:00,12,452.3308
2025-9-2,18:00,13,2726.55
2025-9-2,18:00,14,4612.2849
2025-9-2,18:00,15,6741.9667
2025-9-2,18:00,16,7697.1087
2025-9-2,18:00,17,8353.2181
2025-9-2,18:00,18,9965.475
2025-9-2,18:00,19,9763.3875
2025-9-2,18:00,20,8098.4625
2025-9-2,18:00,21,6518.4344
2025-9-2,18:00,22,3702.2434
2025-9-2,18:00,23,2147.8753
2025-9-2,18:00,24,281.5552
2025-9-3,0:00,1,0.0
2025-9-3,0:00,2,0.0
2025-9-3,0:00,3,0.0
2025-9-3,0:00,4,0.0
2025-9-3,0:00,5,0.0
2025-9-3,0:00,6,407.4023
2025-9-3,0:00,7,2587.8892
2025-9-3,0:00,8,4546.3832
2025-9-3,0:00,9,6526.3001
2025-9-3,0:00,10,7234.9431
2025-9-3,0:00,11,7124.5767
2025-9-3,0:00,12,8361.2476
2025-9-3,0:00,13,7962.4975
2025-9-3,0:00,14,7020.9122
2025-9-3,0:00,15,5569.2916
2025-9-3,0:00,16,4097.8392
2025-9-3,0:00,17,2383.5024
2025-9-3,0:00,18,369.3999
2025-9-3,0:00,19,0.0
2025-9-3,0:00,20,0.0
2025-9-3,0:00,21,0.0
2025-9-3,0:00,22,0.0
2025-9-3,0:00,23,0.0
2025-9-3,0:00,24,0.0
2025-9-3,6:00,1,2478.1973
2025-9-3,6:00,2,4708.9101
2025-9-3,6:00,3,6520.6549
2025-9-3,6:00,4,7436.7535
2025-9-3,6:00,5,7674.9854
2025-9-3,6:00,6,9018.8979
2025-9-3,6:00,7,8607.6916
2025-9-3,6:00,8,7651.7769
2025-9-3,6:00,9,5901.715
2025-9-3,6:00,10,3564.8277
2025-9-3,6:00,11,2201.6954
2025-9-3,6:00,12,290.484
2025-9-3,6:00,13,0.0
2025-9-3,6:00,14,0.0
2025-9-3,6:00,15,0.0
2025-9-3,6:00,16,0.0
2025-9-3,6:00,17,0.0
2025-9-3,6:00,18,0.0
2025-9-3,6:00,19,0.0
2025-9-3,6:00,20,0.0
2025-9-3,6:00,21,0.0
2025-9-3,6:00,22,0.0
2025-9-3,6:00,23,0.0
2025-9-3,6:00,24,326.4821
2025-9-3,12:00,1,8443.5591
2025-9-3,12:00,2,7543.7258
2025-9-3,12:00,3,5667.7072
2025-9-3,12:00,4,3727.9078
2025-9-3,12:00,5,2189.9856
2025-9-3,12:00,6,309.9935
2025-9-3,12:00,7,0.0
2025-9-3,12:00,8,0.0
2025-9-3,12:00,9,0.0
2025-9-3,12:00,10,0.0
2025-9-3,12:00,11,0.0
2025-9-3,12:00,12,0.0
2025-9-3,12:00,13,0.0
2025-9-3,12:00,14,0.0
2025-9-3,12:00,15,0.0
2025-9-3,12:00,16,0.0
2025-9-3,12:00,17,0.0
2025-9-3,12:00,18,293.6994
2025-9-3,12:00,19,2119.0708
2025-9-3,12:00,20,3884.5436
2025-9-3,12:00,21,5248.0594
2025-9-3,12:00,22,6562.6809
2025-9-3,12:00,23,5657.279
2025-9-3,12:00,24,5734.0489
2025-9-3,18:00,1,0.0
2025-9-3,18:00,2,0.0
2025-9-3,18:00,3,0.0
2025-9-3,18:00,4,0.0
2025-9-3,18:00,5,0.0
2025-9-3,18:00,6,0.0
2025-9-3,18:00,7,0.0
2025-9-3,18:00,8,0.0
2025-9-3,18:00,9,0.0
2025-9-3,18:00,10,0.0
2025-9-3,18:00,11,0.0
2025-9-3,18:00,12,359.4171
2025-9-3,18:00,13,2212.0879
2025-9-3,18:00,14,3969.6449
2025-9-3,18:00,15,6779.105
2025-9-3,18:00,16,8698.6875
2025-9-3,18:00,17,9670.4625
2025-9-3,18:00,18,9965.475
2025-9-3,18:00,19,9763.3875
2025-9-3,18:00,20,8098.4625
2025-9-3,18:00,21,6774.75
2025-9-3,18:00,22,4524.2245
2025-9-3,18:00,23,2123.9907
2025-9-3,18:00,24,245.98
2025-9-4,0:00,1,0.0
2025-9-4,0:00,2,0.0
2025-9-4,0:00,3,0.0
2025-9-4,0:00,4,0.0
2025-9-4,0:00,5,0.0
2025-9-4,0:00,6,349.6858
2025-9-4,0:00,7,2408.4587
2025-9-4,0:00,8,4377.8495
2025-9-4,0:00,9,6942.3
2025-9-4,0:00,10,8381.5179
2025-9-4,0:00,11,8438.4083
2025-9-4,0:00,12,9055.2848
2025-9-4,0:00,13,8668.0314
2025-9-4,0:00,14,6385.633
2025-9-4,0:00,15,5417.8685
2025-9-4,0:00,16,3909.7027
2025-9-4,0:00,17,1778.9116
2025-9-4,0:00,18,259.4506
2025-9-4,0:00,19,0.0
2025-9-4,0:00,20,0.0
2025-9-4,0:00,21,0.0
2025-9-4,0:00,22,0.0
2025-9-4,0:00,23,0.0
2025-9-4,0:00,24,0.0
2025-9-4,6:00,1,2263.4727
2025-9-4,6:00,2,4168.0905
2025-9-4,6:00,3,6687.9588
2025-9-4,6:00,4,8698.6875
2025-9-4,6:00,5,9124.2968
2025-9-4,6:00,6,9513.2369
2025-9-4,6:00,7,8709.9194
2025-9-4,6:00,8,7139.224
2025-9-4,6:00,9,5808.4696
2025-9-4,6:00,10,3362.4207
2025-9-4,6:00,11,1681.8328
2025-9-4,6:00,12,246.5854
2025-9-4,6:00,13,0.0
2025-9-4,6:00,14,0.0
2025-9-4,6:00,15,0.0
2025-9-4,6:00,16,0.0
2025-9-4,6:00,17,0.0
2025-9-4,6:00,18,0.0
2025-9-4,6:00,19,0.0
2025-9-4,6:00,20,0.0
2025-9-4,6:00,21,0.0
2025-9-4,6:00,22,0.0
2025-9-4,6:00,23,0.0
2025-9-4,6:00,24,247.4584
2025-9-4,12:00,1,8601.3219
2025-9-4,12:00,2,7584.1522
2025-9-4,12:00,3,6224.4352
2025-9-4,12:00,4,3609.9576
2025-9-4,12:00,5,1868.3867
2025-9-4,12:00,6,286.2292
2025-9-4,12:00,7,0.0
2025-9-4,12:00,8,0.0
2025-9-4,12:00,9,0.0
2025-9-4,12:00,10,0.0
2025-9-4,12:00,11,0.0
2025-9-4,12:00,12,0.0
2025-9-4,12:00,13,0.0
2025-9-4,12:00,14,0.0
2025-9-4,12:00,15,0.0
2025-9-4,12:00,16,0.0
2025-9-4,12:00,17,0.0
2025-9-4,12:00,18,263.009
2025-9-4,12:00,19,1979.3929
2025-9-4,12:00,20,3655.8533
2025-9-4,12:00,21,5678.6662
2025-9-4,12:00,22,6685.0868
2025-9-4,12:00,23,7544.5036
2025-9-4,12:00,24,6658.7567
2025-9-4,18:00,1,0.0
2025-9-4,18:00,2,0.0
2025-9-4,18:00,3,0.0
2025-9-4,18:00,4,0.0
2025-9-4,18:00,5,0.0
2025-9-4,18:00,6,0.0
2025-9-4,18:00,7,0.0
2025-9-4,18:00,8,0.0
2025-9-4,18:00,9,0.0
2025-9-4,18:00,10,0.0
2025-9-4,18:00,11,0.0
2025-9-4,18:00,12,284.54
2025-9-4,18:00,13,2106.7738
2025-9-4,18:00,14,4572.8122
2025-9-4,18:00,15,6662.4402
2025-9-4,18:00,16,8698.6875
2025-9-4,18:00,17,9670.4625
2025-9-4,18:00,18,9965.475
2025-9-4,18:00,19,9763.3875
2025-9-4,18:00,20,8098.4625
2025-9-4,18:00,21,6774.75
2025-9-4,18:00,22,3746.8965
2025-9-4,18:00,23,1892.8489
2025-9-4,18:00,24,286.2054
2025-9-5,0:00,1,0.0
2025-9-5,0:00,2,0.0
2025-9-5,0:00,3,0.0
2025-9-5,0:00,4,0.0
2025-9-5,0:00,5,0.0
2025-9-5,0:00,6,312.5534
2025-9-5,0:00,7,2463.8145
2025-9-5,0:00,8,4883.1285
2025-9-5,0:00,9,6942.3
2025-9-5,0:00,10,8236.5092
2025-9-5,0:00,11,8878.7103
2025-9-5,0:00,12,9216.1634
2025-9-5,0:00,13,8823.7593
2025-9-5,0:00,14,8098.4625
2025-9-5,0:00,15,6771.0021
2025-9-5,0:00,16,4016.5539
2025-9-5,0:00,17,1787.9739
2025-9-5,0:00,18,223.806
2025-9-5,0:00,19,0.0
2025-9-5,0:00,20,0.0
2025-9-5,0:00,21,0.0
2025-9-5,0:00,22,0.0
2025-9-5,0:00,23,0.0
2025-9-5,0:00,24,0.0
2025-9-5,6:00,1,2305.1283
2025-9-5,6:00,2,4386.3634
2025-9-5,6:00,3,6505.6953
2025-9-5,6:00,4,7814.081
2025-9-5,6:00,5,9119.3496
2025-9-5,6:00,6,9184.3384
2025-9-5,6:00,7,8465.8077
2025-9-5,6:00,8,8098.4625
2025-9-5,6:00,9,6774.75
2025-9-5,6:00,10,4410.0887
2025-9-5,6:00,11,2386.3264
2025-9-5,6:00,12,373.3759
2025-9-5,6:00,13,0.0
2025-9-5,6:00,14,0.0
2025-9-5,6:00,15,0.0
2025-9-5,6:00,16,0.0
2025-9-5,6:00,17,0.0
2025-9-5,6:00,18,0.0
2025-9-5,6:00,19,0.0
2025-9-5,6:00,20,0.0
2025-9-5,6:00,21,0.0
2025-9-5,6:00,22,0.0
2025-9-5,6:00,23,0.0
2025-9-5,6:00,24,278.8237
2025-9-5,12:00,1,8303.531
2025-9-5,12:00,2,8098.4625
2025-9-5,12:00,3,6774.75
2025-9-5,12:00,4,4444.7128
2025-9-5,12:00,5,2474.1894
2025-9-5,12:00,6,385.1016
2025-9-5,12:00,7,0.0
2025-9-5,12:00,8,0.0
2025-9-5,12:00,9,0.0
2025-9-5,12:00,10,0.0
2025-9-5,12:00,11,0.0
2025-9-5,12:00,12,0.0
2025-9-5,12:00,13,0.0
2025-9-5,12:00,14,0.0
2025-9-5,12:00,15,0.0
2025-9-5,12:00,16,0.0
2025-9-5,12:00,17,0.0
2025-9-5,12:00,18,291.7081
2025-9-5,12:00,19,2199.7753
2025-9-5,12:00,20,3963.2419
2025-9-5,12:00,21,5499.9585
2025-9-5,12:00,22,7406.4135
2025-9-5,12:00,23,8656.8464
2025-9-5,12:00,24,9384.1084
2025-9-5,18:00,1,0.0
2025-9-5,18:00,2,0.0
2025-9-5,18:00,3,0.0
2025-9-5,18:00,4,0.0
2025-9-5,18:00,5,0.0
2025-9-5,18:00,6,0.0
2025-9-5,18:00,7,0.0
2025-9-5,18:00,8,0.0
2025-9-5,18:00,9,0.0
2025-9-5,18:00,10,0.0
2025-9-5,18:00,11,0.0
2025-9-5,18:00,12,313.2354
2025-9-5,18:00,13,2200.4633
2025-9-5,18:00,14,4156.4212
2025-9-5,18:00,15,5609.7356
2025-9-5,18:00,16,6771.3028
2025-9-5,18:00,17,7898.2602
2025-9-5,18:00,18,9208.329
2025-9-5,18:00,19,7840.657
2025-9-5,18:00,20,7789.2983
2025-9-5,18:00,21,6774.75
2025-9-5,18:00,22,4637.775
2025-9-5,18:00,23,2427.0391
2025-9-5,18:00,24,310.9065
2025-9-6,0:00,1,0.0
2025-9-6,0:00,2,0.0
2025-9-6,0:00,3,0.0
2025-9-6,0:00,4,0.0
2025-9-6,0:00,5,0.0
2025-9-6,0:00,6,311.3532
2025-9-6,0:00,7,2227.5042
2025-9-6,0:00,8,4367.1436
2025-9-6,0:00,9,6138.4442
2025-9-6,0:00,10,7808.3533
2025-9-6,0:00,11,8904.7628
2025-9-6,0:00,12,9965.475
2025-9-6,0:00,13,8498.0279
2025-9-6,0:00,14,7807.9723
2025-9-6,0:00,15,6774.75
2025-9-6,0:00,16,4124.4518
2025-9-6,0:00,17,2069.6918
2025-9-6,0:00,18,267.3382
2025-9-6,0:00,19,0.0
2025-9-6,0:00,20,0.0
2025-9-6,0:00,21,0.0
2025-9-6,0:00,22,0.0
2025-9-6,0:00,23,0.0
2025-9-6,0:00,24,0.0
2025-9-6,6:00,1,2150.0179
2025-9-6,6:00,2,3751.4232
2025-9-6,6:00,3,5417.7245
2025-9-6,6:00,4,7017.7821
2025-9-6,6:00,5,8213.5529
2025-9-6,6:00,6,9650.7285
2025-9-6,6:00,7,9479.6463
2025-9-6,6:00,8,8098.4625
2025-9-6,6:00,9,6774.75
2025-9-6,6:00,10,4406.8582
2025-9-6,6:00,11,2329.3852
2025-9-6,6:00,12,292.4478
2025-9-6,6:00,13,0.0
2025-9-6,6:00,14,0.0
2025-9-6,6:00,15,0.0
2025-9-6,6:00,16,0.0
2025-9-6,6:00,17,0.0
2025-9-6,6:00,18,0.0
2025-9-6,6:00,19,0.0
2025-9-6,6:00,20,0.0
2025-9-6,6:00,21,0.0
2025-9-6,6:00,22,0.0
2025-9-6,6:00,23,0.0
2025-9-6,6:00,24,280.4534
2025-9-6,12:00,1,9242.0173
2025-9-6,12:00,2,8098.4625
2025-9-6,12:00,3,6774.75
2025-9-6,12:00,4,4482.1572
2025-9-6,12:00,5,2376.1424
2025-9-6,12:00,6,303.0433
2025-9-6,12:00,7,0.0
2025-9-6,12:00,8,0.0
2025-9-6,12:00,9,0.0
2025-9-6,12:00,10,0.0
2025-9-6,12:00,11,0.0
2025-9-6,12:00,12,0.0
2025-9-6,12:00,13,0.0
2025-9-6,12:00,14,0.0
2025-9-6,12:00,15,0.0
2025-9-6,12:00,16,0.0
2025-9-6,12:00,17,0.0
2025-9-6,12:00,18,408.8353
2025-9-6,12:00,19,2602.725
2025-9-6,12:00,20,4899.2625
2025-9-6,12:00,21,6911.1
2025-9-6,12:00,22,8698.6875
2025-9-6,12:00,23,9670.4625
2025-9-6,12:00,24,9965.475
2025-9-6,18:00,1,0.0
2025-9-6,18:00,2,0.0
2025-9-6,18:00,3,0.0
2025-9-6,18:00,4,0.0
2025-9-6,18:00,5,0.0
2025-9-6,18:00,6,0.0
2025-9-6,18:00,7,0.0
2025-9-6,18:00,8,0.0
2025-9-6,18:00,9,0.0
2025-9-6,18:00,10,0.0
2025-9-6,18:00,11,0.0
2025-9-6,18:00,12,280.8309
2025-9-6,18:00,13,2138.2278
2025-9-6,18:00,14,3789.3659
2025-9-6,18:00,15,5563.0118
2025-9-6,18:00,16,6981.0285
2025-9-6,18:00,17,7850.2312
2025-9-6,18:00,18,7536.6715
2025-9-6,18:00,19,6349.1654
2025-9-6,18:00,20,6435.0073
2025-9-6,18:00,21,5898.0474
2025-9-6,18:00,22,4180.8179
2025-9-6,18:00,23,2506.9128
2025-9-6,18:00,24,311.1523
2025-9-7,0:00,1,0.0
2025-9-7,0:00,2,0.0
2025-9-7,0:00,3,0.0
2025-9-7,0:00,4,0.0
2025-9-7,0:00,5,0.0
2025-9-7,0:00,6,306.5696
2025-9-7,0:00,7,2473.2071
2025-9-7,0:00,8,4661.163
2025-9-7,0:00,9,6359.667
2025-9-7,0:00,10,7853.3655
2025-9-7,0:00,11,8977.7778
2025-9-7,0:00,12,8682.2923
2025-9-7,0:00,13,7981.7966
2025-9-7,0:00,14,8098.4625
2025-9-7,0:00,15,6774.75
2025-9-7,0:00,16,4332.6076
2025-9-7,0:00,17,2146.0976
2025-9-7,0:00,18,258.1106
2025-9-7,0:00,19,0.0
2025-9-7,0:00,20,0.0
2025-9-7,0:00,21,0.0
2025-9-7,0:00,22,0.0
2025-9-7,0:00,23,0.0
2025-9-7,0:00,24,0.0
2025-9-7,6:00,1,2200.6194
2025-9-7,6:00,2,4196.1941
2025-9-7,6:00,3,5945.2967
2025-9-7,6:00,4,7492.1714
2025-9-7,6:00,5,8132.2447
2025-9-7,6:00,6,8000.2533
2025-9-7,6:00,7,6704.9696
2025-9-7,6:00,8,6921.9256
2025-9-7,6:00,9,5509.2669
2025-9-7,6:00,10,4417.9479
2025-9-7,6:00,11,2146.7542
2025-9-7,6:00,12,254.1994
2025-9-7,6:00,13,0.0
2025-9-7,6:00,14,0.0
2025-9-7,6:00,15,0.0
2025-9-7,6:00,16,0.0
2025-9-7,6:00,17,0.0
2025-9-7,6:00,18,0.0
2025-9-7,6:00,19,0.0
2025-9-7,6:00,20,0.0
2025-9-7,6:00,21,0.0
2025-9-7,6:00,22,0.0
2025-9-7,6:00,23,0.0
2025-9-7,6:00,24,340.4285
2025-9-7,12:00,1,7921.8652
2025-9-7,12:00,2,7684.0189
2025-9-7,12:00,3,6442.5237
2025-9-7,12:00,4,4279.8147
2025-9-7,12:00,5,2068.4763
2025-9-7,12:00,6,239.6667
2025-9-7,12:00,7,0.0
2025-9-7,12:00,8,0.0
2025-9-7,12:00,9,0.0
2025-9-7,12:00,10,0.0
2025-9-7,12:00,11,0.0
2025-9-7,12:00,12,0.0
2025-9-7,12:00,13,0.0
2025-9-7,12:00,14,0.0
2025-9-7,12:00,15,0.0
2025-9-7,12:00,16,0.0
2025-9-7,12:00,17,0.0
2025-9-7,12:00,18,301.1906
2025-9-7,12:00,19,2512.4104
2025-9-7,12:00,20,4679.9274
2025-9-7,12:00,21,6321.7162
2025-9-7,12:00,22,7816.5505
2025-9-7,12:00,23,8962.8776
2025-9-7,12:00,24,8857.3112
2025-9-7,18:00,1,0.0
2025-9-7,18:00,2,0.0
2025-9-7,18:00,3,0.0
2025-9-7,18:00,4,0.0
2025-9-7,18:00,5,0.0
2025-9-7,18:00,6,0.0
2025-9-7,18:00,7,0.0
2025-9-7,18:00,8,0.0
2025-9-7,18:00,9,0.0
2025-9-7,18:00,10,0.0
2025-9-7,18:00,11,0.0
2025-9-7,18:00,12,333.9602
2025-9-7,18:00,13,2430.2254
2025-9-7,18:00,14,4899.2625
2025-9-7,18:00,15,6518.4595
2025-9-7,18:00,16,6789.399
2025-9-7,18:00,17,8286.0653
2025-9-7,18:00,18,8890.2645
2025-9-7,18:00,19,7759.0673
2025-9-7,18:00,20,7478.983
2025-9-7,18:00,21,5027.9091
2025-9-7,18:00,22,3632.5387
2025-9-7,18:00,23,1694.8068
2025-9-7,18:00,24,269.098
2025-9-8,0:00,1,0.0
2025-9-8,0:00,2,0.0
2025-9-8,0:00,3,0.0
2025-9-8,0:00,4,0.0
2025-9-8,0:00,5,0.0
2025-9-8,0:00,6,286.7323
2025-9-8,0:00,7,2267.0583
2025-9-8,0:00,8,4264.5969
2025-9-8,0:00,9,5894.5684
2025-9-8,0:00,10,6139.1459
2025-9-8,0:00,11,7212.8884
2025-9-8,0:00,12,7562.4264
2025-9-8,0:00,13,7716.9762
2025-9-8,0:00,14,7417.5615
2025-9-8,0:00,15,5589.8431
2025-9-8,0:00,16,4023.5722
2025-9-8,0:00,17,1944.4038
2025-9-8,0:00,18,276.187
2025-9-8,0:00,19,0.0
2025-9-8,0:00,20,0.0
2025-9-8,0:00,21,0.0
2025-9-8,0:00,22,0.0
2025-9-8,0:00,23,0.0
2025-9-8,0:00,24,0.0
2025-9-8,6:00,1,2270.5154
2025-9-8,6:00,2,4260.8076
2025-9-8,6:00,3,6195.5101
2025-9-8,6:00,4,6531.9553
2025-9-8,6:00,5,8344.2613
2025-9-8,6:00,6,8150.2225
2025-9-8,6:00,7,8172.3828
2025-9-8,6:00,8,7008.4083
2025-9-8,6:00,9,4886.3863
2025-9-8,6:00,10,3785.3306
2025-9-8,6:00,11,2083.5507
2025-9-8,6:00,12,293.0883
2025-9-8,6:00,13,0.0
2025-9-8,6:00,14,0.0
2025-9-8,6:00,15,0.0
2025-9-8,6:00,16,0.0
2025-9-8,6:00,17,0.0
2025-9-8,6:00,18,0.0
2025-9-8,6:00,19,0.0
2025-9-8,6:00,20,0.0
2025-9-8,6:00,21,0.0
2025-9-8,6:00,22,0.0
2025-9-8,6:00,23,0.0
2025-9-8,6:00,24,279.0317
2025-9-8,12:00,1,7872.6228
2025-9-8,12:00,2,6442.9119
2025-9-8,12:00,3,4656.5703
2025-9-8,12:00,4,3644.8107
2025-9-8,12:00,5,2019.4244
2025-9-8,12:00,6,266.5768
2025-9-8,12:00,7,0.0
2025-9-8,12:00,8,0.0
2025-9-8,12:00,9,0.0
2025-9-8,12:00,10,0.0
2025-9-8,12:00,11,0.0
2025-9-8,12:00,12,0.0
2025-9-8,12:00,13,0.0
2025-9-8,12:00,14,0.0
2025-9-8,12:00,15,0.0
2025-9-8,12:00,16,0.0
2025-9-8,12:00,17,0.0
2025-9-8,12:00,18,285.835
2025-9-8,12:00,19,2398.2782
2025-9-8,12:00,20,4899.2625
2025-9-8,12:00,21,6911.1
2025-9-8,12:00,22,7914.6875
2025-9-8,12:00,23,8682.8302
2025-9-8,12:00,24,9639.1055
2025-9-8,18:00,1,0.0
2025-9-8,18:00,2,0.0
2025-9-8,18:00,3,0.0
2025-9-8,18:00,4,0.0
2025-9-8,18:00,5,0.0
2025-9-8,18:00,6,0.0
2025-9-8,18:00,7,0.0
2025-9-8,18:00,8,0.0
2025-9-8,18:00,9,0.0
2025-9-8,18:00,10,0.0
2025-9-8,18:00,11,0.0
2025-9-8,18:00,12,327.8647
2025-9-8,18:00,13,2531.775
2025-9-8,18:00,14,4899.2625
2025-9-8,18:00,15,6911.1
2025-9-8,18:00,16,8502.9
2025-9-8,18:00,17,8887.5164
2025-9-8,18:00,18,9708.2587
2025-9-8,18:00,19,7813.194
2025-9-8,18:00,20,6285.0322
2025-9-8,18:00,21,4084.279
2025-9-8,18:00,22,2925.8905
2025-9-8,18:00,23,1461.9251
2025-9-8,18:00,24,179.7201
2025-9-9,0:00,1,0.0
2025-9-9,0:00,2,0.0
2025-9-9,0:00,3,0.0
2025-9-9,0:00,4,0.0
2025-9-9,0:00,5,0.0
2025-9-9,0:00,6,242.428
2025-9-9,0:00,7,2187.6732
2025-9-9,0:00,8,4330.8672
2025-9-9,0:00,9,6539.4827
2025-9-9,0:00,10,7853.1069
2025-9-9,0:00,11,9480.1923
2025-9-9,0:00,12,9832.178
2025-9-9,0:00,13,9250.2413
2025-9-9,0:00,14,8098.4625
2025-9-9,0:00,15,6576.0292
2025-9-9,0:00,16,4446.458
2025-9-9,0:00,17,2343.214
2025-9-9,0:00,18,245.8637
2025-9-9,0:00,19,0.0
2025-9-9,0:00,20,0.0
2025-9-9,0:00,21,0.0
2025-9-9,0:00,22,0.0
2025-9-9,0:00,23,0.0
2025-9-9,0:00,24,0.0
2025-9-9,6:00,1,2151.0577
2025-9-9,6:00,2,4394.2718
2025-9-9,6:00,3,6911.1
2025-9-9,6:00,4,8338.6479
2025-9-9,6:00,5,8853.4233
2025-9-9,6:00,6,9268.9201
2025-9-9,6:00,7,8260.7804
2025-9-9,6:00,8,6159.3081
2025-9-9,6:00,9,4706.9737
2025-9-9,6:00,10,3643.7447
2025-9-9,6:00,11,1985.912
2025-9-9,6:00,12,220.0942
2025-9-9,6:00,13,0.0
2025-9-9,6:00,14,0.0
2025-9-9,6:00,15,0.0
2025-9-9,6:00,16,0.0
2025-9-9,6:00,17,0.0
2025-9-9,6:00,18,0.0
2025-9-9,6:00,19,0.0
2025-9-9,6:00,20,0.0
2025-9-9,6:00,21,0.0
2025-9-9,6:00,22,0.0
2025-9-9,6:00,23,0.0
2025-9-9,6:00,24,173.3528
2025-9-9,12:00,1,8826.7265
2025-9-9,12:00,2,7292.3313
2025-9-9,12:00,3,5435.1889
2025-9-9,12:00,4,3935.8603
2025-9-9,12:00,5,2127.5013
2025-9-9,12:00,6,242.8474
2025-9-9,12:00,7,0.0
2025-9-9,12:00,8,0.0
2025-9-9,12:00,9,0.0
2025-9-9,12:00,10,0.0
2025-9-9,12:00,11,0.0
2025-9-9,12:00,12,0.0
2025-9-9,12:00,13,0.0
2025-9-9,12:00,14,0.0
2025-9-9,12:00,15,0.0
2025-9-9,12:00,16,0.0
2025-9-9,12:00,17,0.0
2025-9-9,12:00,18,253.299
2025-9-9,12:00,19,2531.775
2025-9-9,12:00,20,4899.2625
2025-9-9,12:00,21,6911.1
2025-9-9,12:00,22,8502.9
2025-9-9,12:00,23,9670.4625
2025-9-9,12:00,24,9965.475
2025-9-9,18:00,1,0.0
2025-9-9,18:00,2,0.0
2025-9-9,18:00,3,0.0
2025-9-9,18:00,4,0.0
2025-9-9,18:00,5,0.0
2025-9-9,18:00,6,0.0
2025-9-9,18:00,7,0.0
2025-9-9,18:00,8,0.0
2025-9-9,18:00,9,0.0
2025-9-9,18:00,10,0.0
2025-9-9,18:00,11,0.0
2025-9-9,18:00,12,165.1017
2025-9-9,18:00,13,1719.5244
2025-9-9,18:00,14,3635.8288
2025-9-9,18:00,15,5067.3025
2025-9-9,18:00,16,6197.4972
2025-9-9,18:00,17,6619.1932
2025-9-9,18:00,18,6726.9789
2025-9-9,18:00,19,6115.8264
2025-9-9,18:00,20,5746.1692
2025-9-9,18:00,21,5602.3191
2025-9-9,18:00,22,4637.775
2025-9-9,18:00,23,2562.45
2025-9-9,18:00,24,232.4172
2025-9-10,0:00,1,0.0
2025-9-10,0:00,2,0.0
2025-9-10,0:00,3,0.0
2025-9-10,0:00,4,0.0
2025-9-10,0:00,5,0.0
2025-9-10,0:00,6,192.2806
2025-9-10,0:00,7,1876.0072
2025-9-10,0:00,8,3955.4513
2025-9-10,0:00,9,5349.0231
2025-9-10,0:00,10,6248.8994
2025-9-10,0:00,11,7386.6183
2025-9-10,0:00,12,7684.4372
2025-9-10,0:00,13,6745.6884
2025-9-10,0:00,14,6508.8654
2025-9-10,0:00,15,5997.953
2025-9-10,0:00,16,4225.2594
2025-9-10,0:00,17,2483.4055
2025-9-10,0:00,18,216.8985
2025-9-10,0:00,19,0.0
2025-9-10,0:00,20,0.0
2025-9-10,0:00,21,0.0
2025-9-10,0:00,22,0.0
2025-9-10,0:00,23,0.0
2025-9-10,0:00,24,0.0
2025-9-10,6:00,1,1893.2688
2025-9-10,6:00,2,3920.0446
2025-9-10,6:00,3,5481.5186
2025-9-10,6:00,4,6917.3705
2025-9-10,6:00,5,7980.48
2025-9-10,6:00,6,8801.7189
2025-9-10,6:00,7,8066.9353
2025-9-10,6:00,8,6923.919
2025-9-10,6:00,9,6142.6466
2025-9-10,6:00,10,4380.0859
2025-9-10,6:00,11,2495.4588
2025-9-10,6:00,12,221.6852
2025-9-10,6:00,13,0.0
2025-9-10,6:00,14,0.0
2025-9-10,6:00,15,0.0
2025-9-10,6:00,16,0.0
2025-9-10,6:00,17,0.0
2025-9-10,6:00,18,0.0
2025-9-10,6:00,19,0.0
2025-9-10,6:00,20,0.0
2025-9-10,6:00,21,0.0
2025-9-10,6:00,22,0.0
2025-9-10,6:00,23,0.0
2025-9-10,6:00,24,228.5598
2025-9-10,12:00,1,7444.4208
2025-9-10,12:00,2,6031.6899
2025-9-10,12:00,3,5362.0612
2025-9-10,12:00,4,3937.8624
2025-9-10,12:00,5,2273.0254
2025-9-10,12:00,6,205.6684
2025-9-10,12:00,7,0.0
2025-9-10,12:00,8,0.0
2025-9-10,12:00,9,0.0
2025-9-10,12:00,10,0.0
2025-9-10,12:00,11,0.0
2025-9-10,12:00,12,0.0
2025-9-10,12:00,13,0.0
2025-9-10,12:00,14,0.0
2025-9-10,12:00,15,0.0
2025-9-10,12:00,16,0.0
2025-9-10,12:00,17,0.0
2025-9-10,12:00,18,189.6678
2025-9-10,12:00,19,2007.0942
2025-9-10,12:00,20,3805.8982
2025-9-10,12:00,21,3721.5326
2025-9-10,12:00,22,4754.9043
2025-9-10,12:00,23,6951.6021
2025-9-10,12:00,24,6738.1064
2025-9-10,18:00,1,0.0
2025-9-10,18:00,2,0.0
2025-9-10,18:00,3,0.0
2025-9-10,18:00,4,0.0
2025-9-10,18:00,5,0.0
2025-9-10,18:00,6,0.0
2025-9-10,18:00,7,0.0
2025-9-10,18:00,8,0.0
2025-9-10,18:00,9,0.0
2025-9-10,18:00,10,0.0
2025-9-10,18:00,11,0.0
2025-9-10,18:00,12,201.218
2025-9-10,18:00,13,2055.7504
2025-9-10,18:00,14,3984.3389
2025-9-10,18:00,15,5703.9822
2025-9-10,18:00,16,7032.3761
2025-9-10,18:00,17,8368.8174
2025-9-10,18:00,18,9590.9942
2025-9-10,18:00,19,8860.7596
2025-9-10,18:00,20,6477.8754
2025-9-10,18:00,21,5199.0604
2025-9-10,18:00,22,3371.7807
2025-9-10,18:00,23,1356.2359
2025-9-10,18:00,24,178.5943
2025-9-11,0:00,1,0.0
2025-9-11,0:00,2,0.0
2025-9-11,0:00,3,0.0
2025-9-11,0:00,4,0.0
2025-9-11,0:00,5,0.0
2025-9-11,0:00,6,204.6557
2025-9-11,0:00,7,2329.8345
2025-9-11,0:00,8,4692.4711
2025-9-11,0:00,9,6421.6158
2025-9-11,0:00,10,7597.9128
2025-9-11,0:00,11,7348.0026
2025-9-11,0:00,12,7502.2141
2025-9-11,0:00,13,7300.0657
2025-9-11,0:00,14,5744.7085
2025-9-11,0:00,15,4962.1412
2025-9-11,0:00,16,3857.9008
2025-9-11,0:00,17,1433.3305
2025-9-11,0:00,18,161.7801
2025-9-11,0:00,19,0.0
2025-9-11,0:00,20,0.0
2025-9-11,0:00,21,0.0
2025-9-11,0:00,22,0.0
2025-9-11,0:00,23,0.0
2025-9-11,0:00,24,0.0
2025-9-11,6:00,1,2167.6791
2025-9-11,6:00,2,4202.3293
2025-9-11,6:00,3,5942.8179
2025-9-11,6:00,4,7804.5372
2025-9-11,6:00,5,8643.0314
2025-9-11,6:00,6,9516.7515
2025-9-11,6:00,7,9763.3875
2025-9-11,6:00,8,8098.4625
2025-9-11,6:00,9,6182.3304
2025-9-11,6:00,10,4036.9042
2025-9-11,6:00,11,1858.4667
2025-9-11,6:00,12,181.9455
2025-9-11,6:00,13,0.0
2025-9-11,6:00,14,0.0
2025-9-11,6:00,15,0.0
2025-9-11,6:00,16,0.0
2025-9-11,6:00,17,0.0
2025-9-11,6:00,18,0.0
2025-9-11,6:00,19,0.0
2025-9-11,6:00,20,0.0
2025-9-11,6:00,21,0.0
2025-9-11,6:00,22,0.0
2025-9-11,6:00,23,0.0
2025-9-11,6:00,24,240.9086
2025-9-11,12:00,1,9763.3875
2025-9-11,12:00,2,7697.7109
2025-9-11,12:00,3,6172.1609
2025-9-11,12:00,4,4108.0447
2025-9-11,12:00,5,1786.6033
2025-9-11,12:00,6,175.4655
2025-9-11,12:00,7,0.0
2025-9-11,12:00,8,0.0
2025-9-11,12:00,9,0.0
2025-9-11,12:00,10,0.0
2025-9-11,12:00,11,0.0
2025-9-11,12:00,12,0.0
2025-9-11,12:00,13,0.0
2025-9-11,12:00,14,0.0
2025-9-11,12:00,15,0.0
2025-9-11,12:00,16,0.0
2025-9-11,12:00,17,0.0
2025-9-11,12:00,18,161.943
2025-9-11,12:00,19,2064.6624
2025-9-11,12:00,20,4544.6815
2025-9-11,12:00,21,6325.0122
2025-9-11,12:00,22,8441.7966
2025-9-11,12:00,23,9670.4625
2025-9-11,12:00,24,9965.475
2025-9-11,18:00,1,0.0
2025-9-11,18:00,2,0.0
2025-9-11,18:00,3,0.0
2025-9-11,18:00,4,0.0
2025-9-11,18:00,5,0.0
2025-9-11,18:00,6,0.0
2025-9-11,18:00,7,0.0
2025-9-11,18:00,8,0.0
2025-9-11,18:00,9,0.0
2025-9-11,18:00,10,0.0
2025-9-11,18:00,11,0.0
2025-9-11,18:00,12,150.2812
2025-9-11,18:00,13,1949.544
2025-9-11,18:00,14,3850.1734
2025-9-11,18:00,15,6037.2306
2025-9-11,18:00,16,7306.8974
2025-9-11,18:00,17,7025.4133
2025-9-11,18:00,18,7094.3945
2025-9-11,18:00,19,7677.9993
2025-9-11,18:00,20,7777.5644
2025-9-11,18:00,21,5589.9451
2025-9-11,18:00,22,4469.6949
2025-9-11,18:00,23,2346.4363
2025-9-11,18:00,24,233.1166
2025-9-12,0:00,1,0.0
2025-9-12,0:00,2,0.0
2025-9-12,0:00,3,0.0
2025-9-12,0:00,4,0.0
2025-9-12,0:00,5,0.0
2025-9-12,0:00,6,145.4571
2025-9-12,0:00,7,1771.0112
2025-9-12,0:00,8,3983.73
2025-9-12,0:00,9,6320.2747
2025-9-12,0:00,10,8380.5164
2025-9-12,0:00,11,8928.7358
2025-9-12,0:00,12,9465.7192
2025-9-12,0:00,13,9677.6469
2025-9-12,0:00,14,8098.4625
2025-9-12,0:00,15,6220.9841
2025-9-12,0:00,16,3662.463
2025-9-12,0:00,17,1891.6749
2025-9-12,0:00,18,153.0298
2025-9-12,0:00,19,0.0
2025-9-12,0:00,20,0.0
2025-9-12,0:00,21,0.0
2025-9-12,0:00,22,0.0
2025-9-12,0:00,23,0.0
2025-9-12,0:00,24,0.0
2025-9-12,6:00,1,1849.1436
2025-9-12,6:00,2,3943.619
2025-9-12,6:00,3,6296.0648
2025-9-12,6:00,4,7927.3451
2025-9-12,6:00,5,8946.573
2025-9-12,6:00,6,9326.9495
2025-9-12,6:00,7,9280.3576
2025-9-12,6:00,8,8098.4625
2025-9-12,6:00,9,6742.7947
2025-9-12,6:00,10,4312.8535
2025-9-12,6:00,11,2197.8744
2025-9-12,6:00,12,166.5034
2025-9-12,6:00,13,0.0
2025-9-12,6:00,14,0.0
2025-9-12,6:00,15,0.0
2025-9-12,6:00,16,0.0
2025-9-12,6:00,17,0.0
2025-9-12,6:00,18,0.0
2025-9-12,6:00,19,0.0
2025-9-12,6:00,20,0.0
2025-9-12,6:00,21,0.0
2025-9-12,6:00,22,0.0
2025-9-12,6:00,23,0.0
2025-9-12,6:00,24,144.6134
2025-9-12,12:00,1,8604.8474
2025-9-12,12:00,2,7609.3956
2025-9-12,12:00,3,5638.9193
2025-9-12,12:00,4,3521.8459
2025-9-12,12:00,5,1885.6751
2025-9-12,12:00,6,146.1572
2025-9-12,12:00,7,0.0
2025-9-12,12:00,8,0.0
2025-9-12,12:00,9,0.0
2025-9-12,12:00,10,0.0
2025-9-12,12:00,11,0.0
2025-9-12,12:00,12,0.0
2025-9-12,12:00,13,0.0
2025-9-12,12:00,14,0.0
2025-9-12,12:00,15,0.0
2025-9-12,12:00,16,0.0
2025-9-12,12:00,17,0.0
2025-9-12,12:00,18,124.7523
2025-9-12,12:00,19,1535.8091
2025-9-12,12:00,20,2843.5828
2025-9-12,12:00,21,4487.6209
2025-9-12,12:00,22,5853.9365
2025-9-12,12:00,23,4537.0865
2025-9-12,12:00,24,4004.829
2025-9-12,18:00,1,0.0
2025-9-12,18:00,2,0.0
2025-9-12,18:00,3,0.0
2025-9-12,18:00,4,0.0
2025-9-12,18:00,5,0.0
2025-9-12,18:00,6,0.0
2025-9-12,18:00,7,0.0
2025-9-12,18:00,8,0.0
2025-9-12,18:00,9,0.0
2025-9-12,18:00,10,0.0
2025-9-12,18:00,11,0.0
2025-9-12,18:00,12,145.4859
2025-9-12,18:00,13,1906.2786
2025-9-12,18:00,14,3947.7649
2025-9-12,18:00,15,6588.7263
2025-9-12,18:00,16,8502.9
2025-9-12,18:00,17,9670.4625
2025-9-12,18:00,18,9294.9865
2025-9-12,18:00,19,7919.6433
2025-9-12,18:00,20,6917.8961
2025-9-12,18:00,21,5974.2165
2025-9-12,18:00,22,4339.818
2025-9-12,18:00,23,2347.059
2025-9-12,18:00,24,219.5396
2025-9-13,0:00,1,0.0
2025-9-13,0:00,2,0.0
2025-9-13,0:00,3,0.0
2025-9-13,0:00,4,0.0
2025-9-13,0:00,5,0.0
2025-9-13,0:00,6,137.0195
2025-9-13,0:00,7,1813.5389
2025-9-13,0:00,8,4217.2003
2025-9-13,0:00,9,6568.6668
2025-9-13,0:00,10,8502.9
2025-9-13,0:00,11,9670.4625
2025-9-13,0:00,12,9965.475
2025-9-13,0:00,13,9278.9657
2025-9-13,0:00,14,7447.7097
2025-9-13,0:00,15,5929.146
2025-9-13,0:00,16,4097.8272
2025-9-13,0:00,17,1799.593
2025-9-13,0:00,18,148.2725
2025-9-13,0:00,19,0.0
2025-9-13,0:00,20,0.0
2025-9-13,0:00,21,0.0
2025-9-13,0:00,22,0.0
2025-9-13,0:00,23,0.0
2025-9-13,0:00,24,0.0
2025-9-13,6:00,1,1744.3034
2025-9-13,6:00,2,3787.6686
2025-9-13,6:00,3,5855.6906
2025-9-13,6:00,4,7625.8001
2025-9-13,6:00,5,8815.6137
2025-9-13,6:00,6,9447.2302
2025-9-13,6:00,7,8427.5349
2025-9-13,6:00,8,7283.1852
2025-9-13,6:00,9,5978.3443
2025-9-13,6:00,10,4125.7312
2025-9-13,6:00,11,1992.7694
2025-9-13,6:00,12,165.3451
2025-9-13,6:00,13,0.0
2025-9-13,6:00,14,0.0
2025-9-13,6:00,15,0.0
2025-9-13,6:00,16,0.0
2025-9-13,6:00,17,0.0
2025-9-13,6:00,18,0.0
2025-9-13,6:00,19,0.0
2025-9-13,6:00,20,0.0
2025-9-13,6:00,21,0.0
2025-9-13,6:00,22,0.0
2025-9-13,6:00,23,0.0
2025-9-13,6:00,24,164.2632
2025-9-13,12:00,1,8745.1774
2025-9-13,12:00,2,7685.7965
2025-9-13,12:00,3,6078.0521
2025-9-13,12:00,4,3862.5644
2025-9-13,12:00,5,1916.8469
2025-9-13,12:00,6,151.3584
2025-9-13,12:00,7,0.0
2025-9-13,12:00,8,0.0
2025-9-13,12:00,9,0.0
2025-9-13,12:00,10,0.0
2025-9-13,12:00,11,0.0
2025-9-13,12:00,12,0.0
2025-9-13,12:00,13,0.0
2025-9-13,12:00,14,0.0
2025-9-13,12:00,15,0.0
2025-9-13,12:00,16,0.0
2025-9-13,12:00,17,0.0
2025-9-13,12:00,18,96.0056
2025-9-13,12:00,19,1732.259
2025-9-13,12:00,20,3938.4838
2025-9-13,12:00,21,5221.3748
2025-9-13,12:00,22,7031.9496
2025-9-13,12:00,23,9670.4625
2025-9-13,12:00,24,9203.4923
2025-9-13,18:00,1,0.0
2025-9-13,18:00,2,0.0
2025-9-13,18:00,3,0.0
2025-9-13,18:00,4,0.0
2025-9-13,18:00,5,0.0
2025-9-13,18:00,6,0.0
2025-9-13,18:00,7,0.0
2025-9-13,18:00,8,0.0
2025-9-13,18:00,9,0.0
2025-9-13,18:00,10,0.0
2025-9-13,18:00,11,0.0
2025-9-13,18:00,12,107.9391
2025-9-13,18:00,13,1664.7245
2025-9-13,18:00,14,3571.4329
2025-9-13,18:00,15,4840.151
2025-9-13,18:00,16,4642.4284
2025-9-13,18:00,17,4320.9052
2025-9-13,18:00,18,5628.992
2025-9-13,18:00,19,5433.9664
2025-9-13,18:00,20,3259.3674
2025-9-13,18:00,21,3762.6492
2025-9-13,18:00,22,2785.3121
2025-9-13,18:00,23,915.7007
2025-9-13,18:00,24,62.1245
2025-9-14,0:00,1,0.0
2025-9-14,0:00,2,0.0
2025-9-14,0:00,3,0.0
2025-9-14,0:00,4,0.0
2025-9-14,0:00,5,0.0
2025-9-14,0:00,6,103.9205
2025-9-14,0:00,7,1635.4976
2025-9-14,0:00,8,3167.1534
2025-9-14,0:00,9,4329.1671
2025-9-14,0:00,10,5426.9709
2025-9-14,0:00,11,7855.3924
2025-9-14,0:00,12,7140.6495
2025-9-14,0:00,13,7446.3536
2025-9-14,0:00,14,6895.7228
2025-9-14,0:00,15,5555.5111
2025-9-14,0:00,16,3657.3634
2025-9-14,0:00,17,1602.3578
2025-9-14,0:00,18,108.7076
2025-9-14,0:00,19,0.0
2025-9-14,0:00,20,0.0
2025-9-14,0:00,21,0.0
2025-9-14,0:00,22,0.0
2025-9-14,0:00,23,0.0
2025-9-14,0:00,24,0.0
2025-9-14,6:00,1,1798.6749
2025-9-14,6:00,2,3840.2161
2025-9-14,6:00,3,5201.4742
2025-9-14,6:00,4,6439.717
2025-9-14,6:00,5,8201.6967
2025-9-14,6:00,6,8325.7074
2025-9-14,6:00,7,8072.3447
2025-9-14,6:00,8,7443.9668
2025-9-14,6:00,9,6089.6036
2025-9-14,6:00,10,3967.8965
2025-9-14,6:00,11,1747.6648
2025-9-14,6:00,12,118.4868
2025-9-14,6:00,13,0.0
2025-9-14,6:00,14,0.0
2025-9-14,6:00,15,0.0
2025-9-14,6:00,16,0.0
2025-9-14,6:00,17,0.0
2025-9-14,6:00,18,0.0
2025-9-14,6:00,19,0.0
2025-9-14,6:00,20,0.0
2025-9-14,6:00,21,0.0
2025-9-14,6:00,22,0.0
2025-9-14,6:00,23,0.0
2025-9-14,6:00,24,83.7272
2025-9-14,12:00,1,7411.2438
2025-9-14,12:00,2,6807.5829
2025-9-14,12:00,3,5769.0911
2025-9-14,12:00,4,4050.6175
2025-9-14,12:00,5,1794.0759
2025-9-14,12:00,6,139.4343
2025-9-14,12:00,7,0.0
2025-9-14,12:00,8,0.0
2025-9-14,12:00,9,0.0
2025-9-14,12:00,10,0.0
2025-9-14,12:00,11,0.0
2025-9-14,12:00,12,0.0
2025-9-14,12:00,13,0.0
2025-9-14,12:00,14,0.0
2025-9-14,12:00,15,0.0
2025-9-14,12:00,16,0.0
2025-9-14,12:00,17,0.0
2025-9-14,12:00,18,98.8731
2025-9-14,12:00,19,1955.7833
2025-9-14,12:00,20,4381.1197
2025-9-14,12:00,21,6605.9639
2025-9-14,12:00,22,8223.6363
2025-9-14,12:00,23,9608.7
2025-9-14,12:00,24,9622.6758
2025-9-14,18:00,1,0.0
2025-9-14,18:00,2,0.0
2025-9-14,18:00,3,0.0
2025-9-14,18:00,4,0.0
2025-9-14,18:00,5,0.0
2025-9-14,18:00,6,0.0
2025-9-14,18:00,7,0.0
2025-9-14,18:00,8,0.0
2025-9-14,18:00,9,0.0
2025-9-14,18:00,10,0.0
2025-9-14,18:00,11,0.0
2025-9-14,18:00,12,103.1419
2025-9-14,18:00,13,1744.136
2025-9-14,18:00,14,3663.7328
2025-9-14,18:00,15,5923.0728
2025-9-14,18:00,16,7334.6447
2025-9-14,18:00,17,9307.6357
2025-9-14,18:00,18,9965.475
2025-9-14,18:00,19,8447.6463
2025-9-14,18:00,20,6373.2247
2025-9-14,18:00,21,5794.1195
2025-9-14,18:00,22,3746.0544
2025-9-14,18:00,23,1898.4913
2025-9-14,18:00,24,111.7092
2025-9-15,0:00,1,0.0
2025-9-15,0:00,2,0.0
2025-9-15,0:00,3,0.0
2025-9-15,0:00,4,0.0
2025-9-15,0:00,5,0.0
2025-9-15,0:00,6,98.6749
2025-9-15,0:00,7,1730.2639
2025-9-15,0:00,8,4026.9223
2025-9-15,0:00,9,6641.1092
2025-9-15,0:00,10,8502.9
2025-9-15,0:00,11,9608.7
2025-9-15,0:00,12,9965.475
2025-9-15,0:00,13,9576.8195
2025-9-15,0:00,14,7830.7974
2025-9-15,0:00,15,5669.3618
2025-9-15,0:00,16,4043.457
2025-9-15,0:00,17,1990.14
2025-9-15,0:00,18,92.785
2025-9-15,0:00,19,0.0
2025-9-15,0:00,20,0.0
2025-9-15,0:00,21,0.0
2025-9-15,0:00,22,0.0
2025-9-15,0:00,23,0.0
2025-9-15,0:00,24,0.0
2025-9-15,6:00,1,1752.8047
2025-9-15,6:00,2,3996.4344
2025-9-15,6:00,3,6213.5794
2025-9-15,6:00,4,8502.9
2025-9-15,6:00,5,9608.7
2025-9-15,6:00,6,9878.3854
2025-9-15,6:00,7,8509.6237
2025-9-15,6:00,8,7480.337
2025-9-15,6:00,9,5821.3534
2025-9-15,6:00,10,3769.7757
2025-9-15,6:00,11,1856.2545
2025-9-15,6:00,12,93.9263
2025-9-15,6:00,13,0.0
2025-9-15,6:00,14,0.0
2025-9-15,6:00,15,0.0
2025-9-15,6:00,16,0.0
2025-9-15,6:00,17,0.0
2025-9-15,6:00,18,0.0
2025-9-15,6:00,19,0.0
2025-9-15,6:00,20,0.0
2025-9-15,6:00,21,0.0
2025-9-15,6:00,22,0.0
2025-9-15,6:00,23,0.0
2025-9-15,6:00,24,67.1585
2025-9-15,12:00,1,8667.1333
2025-9-15,12:00,2,7390.2024
2025-9-15,12:00,3,5446.5672
2025-9-15,12:00,4,3784.7354
2025-9-15,12:00,5,1939.2737
2025-9-15,12:00,6,85.6924
2025-9-15,12:00,7,0.0
2025-9-15,12:00,8,0.0
2025-9-15,12:00,9,0.0
2025-9-15,12:00,10,0.0
2025-9-15,12:00,11,0.0
2025-9-15,12:00,12,0.0
2025-9-15,12:00,13,0.0
2025-9-15,12:00,14,0.0
2025-9-15,12:00,15,0.0
2025-9-15,12:00,16,0.0
2025-9-15,12:00,17,0.0
2025-9-15,12:00,18,101.9152
2025-9-15,12:00,19,2014.4282
2025-9-15,12:00,20,4351.2628
2025-9-15,12:00,21,6911.1
2025-9-15,12:00,22,8557.65
2025-9-15,12:00,23,9608.7
2025-9-15,12:00,24,9965.475
2025-9-15,18:00,1,0.0
2025-9-15,18:00,2,0.0
2025-9-15,18:00,3,0.0
2025-9-15,18:00,4,0.0
2025-9-15,18:00,5,0.0
2025-9-15,18:00,6,0.0
2025-9-15,18:00,7,0.0
2025-9-15,18:00,8,0.0
2025-9-15,18:00,9,0.0
2025-9-15,18:00,10,0.0
2025-9-15,18:00,11,0.0
2025-9-15,18:00,12,75.7185
2025-9-15,18:00,13,1472.0074
2025-9-15,18:00,14,3807.7548
2025-9-15,18:00,15,6087.7957
2025-9-15,18:00,16,6386.6474
2025-9-15,18:00,17,6717.5222
2025-9-15,18:00,18,6853.3461
2025-9-15,18:00,19,5950.4023
2025-9-15,18:00,20,4526.2931
2025-9-15,18:00,21,4270.9594
2025-9-15,18:00,22,3702.7023
2025-9-15,18:00,23,1886.1519
2025-9-15,18:00,24,87.9023
2025-9-16,0:00,1,0.0
2025-9-16,0:00,2,0.0
2025-9-16,0:00,3,0.0
2025-9-16,0:00,4,0.0
2025-9-16,0:00,5,0.0
2025-9-16,0:00,6,84.2247
2025-9-16,0:00,7,1736.9653
2025-9-16,0:00,8,3817.5893
2025-9-16,0:00,9,5862.1261
2025-9-16,0:00,10,7151.5816
2025-9-16,0:00,11,7505.5846
2025-9-16,0:00,12,6723.5645
2025-9-16,0:00,13,7038.6489
2025-9-16,0:00,14,5580.7942
2025-9-16,0:00,15,4153.5417
2025-9-16,0:00,16,3447.1751
2025-9-16,0:00,17,2181.5048
2025-9-16,0:00,18,98.2512
2025-9-16,0:00,19,0.0
2025-9-16,0:00,20,0.0
2025-9-16,0:00,21,0.0
2025-9-16,0:00,22,0.0
2025-9-16,0:00,23,0.0
2025-9-16,0:00,24,0.0
2025-9-16,6:00,1,1729.8428
2025-9-16,6:00,2,3877.205
2025-9-16,6:00,3,5914.5175
2025-9-16,6:00,4,7266.9612
2025-9-16,6:00,5,7904.6139
2025-9-16,6:00,6,7331.1167
2025-9-16,6:00,7,7595.8381
2025-9-16,6:00,8,6510.7044
2025-9-16,6:00,9,4946.2789
2025-9-16,6:00,10,4210.4592
2025-9-16,6:00,11,1956.0214
2025-9-16,6:00,12,90.5106
2025-9-16,6:00,13,0.0
2025-9-16,6:00,14,0.0
2025-9-16,6:00,15,0.0
2025-9-16,6:00,16,0.0
2025-9-16,6:00,17,0.0
2025-9-16,6:00,18,0.0
2025-9-16,6:00,19,0.0
2025-9-16,6:00,20,0.0
2025-9-16,6:00,21,0.0
2025-9-16,6:00,22,0.0
2025-9-16,6:00,23,0.0
2025-9-16,6:00,24,52.7528
2025-9-16,12:00,1,8105.1099
2025-9-16,12:00,2,7072.8194
2025-9-16,12:00,3,5270.3852
2025-9-16,12:00,4,4108.2388
2025-9-16,12:00,5,1998.075
2025-9-16,12:00,6,85.5312
2025-9-16,12:00,7,0.0
2025-9-16,12:00,8,0.0
2025-9-16,12:00,9,0.0
2025-9-16,12:00,10,0.0
2025-9-16,12:00,11,0.0
2025-9-16,12:00,12,0.0
2025-9-16,12:00,13,0.0
2025-9-16,12:00,14,0.0
2025-9-16,12:00,15,0.0
2025-9-16,12:00,16,0.0
2025-9-16,12:00,17,0.0
2025-9-16,12:00,18,52.3585
2025-9-16,12:00,19,1784.6196
2025-9-16,12:00,20,4504.1058
2025-9-16,12:00,21,5574.3528
2025-9-16,12:00,22,7782.3812
2025-9-16,12:00,23,9608.7
2025-9-16,12:00,24,9965.475
2025-9-16,18:00,1,0.0
2025-9-16,18:00,2,0.0
2025-9-16,18:00,3,0.0
2025-9-16,18:00,4,0.0
2025-9-16,18:00,5,0.0
2025-9-16,18:00,6,0.0
2025-9-16,18:00,7,0.0
2025-9-16,18:00,8,0.0
2025-9-16,18:00,9,0.0
2025-9-16,18:00,10,0.0
2025-9-16,18:00,11,0.0
2025-9-16,18:00,12,50.4238
2025-9-16,18:00,13,1645.5933
2025-9-16,18:00,14,3883.0467
2025-9-16,18:00,15,4619.6387
2025-9-16,18:00,16,6314.9597
2025-9-16,18:00,17,7923.2512
2025-9-16,18:00,18,7533.451
2025-9-16,18:00,19,7373.7018
2025-9-16,18:00,20,5928.5659
2025-9-16,18:00,21,4883.8455
2025-9-16,18:00,22,2593.6313
2025-9-16,18:00,23,1352.472
2025-9-16,18:00,24,30.4358
2025-9-17,0:00,1,0.0
2025-9-17,0:00,2,0.0
2025-9-17,0:00,3,0.0
2025-9-17,0:00,4,0.0
2025-9-17,0:00,5,0.0
2025-9-17,0:00,6,57.0403
2025-9-17,0:00,7,1738.4496
2025-9-17,0:00,8,4054.8739
2025-9-17,0:00,9,5491.2449
2025-9-17,0:00,10,6657.7765
2025-9-17,0:00,11,8236.9114
2025-9-17,0:00,12,9311.9724
2025-9-17,0:00,13,8636.0259
2025-9-17,0:00,14,5770.907
2025-9-17,0:00,15,5261.5483
2025-9-17,0:00,16,2791.6599
2025-9-17,0:00,17,1415.35
2025-9-17,0:00,18,38.8017
2025-9-17,0:00,19,0.0
2025-9-17,0:00,20,0.0
2025-9-17,0:00,21,0.0
2025-9-17,0:00,22,0.0
2025-9-17,0:00,23,0.0
2025-9-17,0:00,24,0.0
2025-9-17,6:00,1,1754.4784
2025-9-17,6:00,2,3925.4882
2025-9-17,6:00,3,5038.403
2025-9-17,6:00,4,6737.3319
2025-9-17,6:00,5,8097.165
2025-9-17,6:00,6,9038.5164
2025-9-17,6:00,7,9060.3693
2025-9-17,6:00,8,7284.8896
2025-9-17,6:00,9,5473.544
2025-9-17,6:00,10,3156.7675
2025-9-17,6:00,11,1575.7159
2025-9-17,6:00,12,48.4925
2025-9-17,6:00,13,0.0
2025-9-17,6:00,14,0.0
2025-9-17,6:00,15,0.0
2025-9-17,6:00,16,0.0
2025-9-17,6:00,17,0.0
2025-9-17,6:00,18,0.0
2025-9-17,6:00,19,0.0
2025-9-17,6:00,20,0.0
2025-9-17,6:00,21,0.0
2025-9-17,6:00,22,0.0
2025-9-17,6:00,23,0.0
2025-9-17,6:00,24,47.5089
2025-9-17,12:00,1,8567.5717
2025-9-17,12:00,2,6978.5673
2025-9-17,12:00,3,5929.1014
2025-9-17,12:00,4,3766.0248
2025-9-17,12:00,5,1835.4182
2025-9-17,12:00,6,50.7771
2025-9-17,12:00,7,0.0
2025-9-17,12:00,8,0.0
2025-9-17,12:00,9,0.0
2025-9-17,12:00,10,0.0
2025-9-17,12:00,11,0.0
2025-9-17,12:00,12,0.0
2025-9-17,12:00,13,0.0
2025-9-17,12:00,14,0.0
2025-9-17,12:00,15,0.0
2025-9-17,12:00,16,0.0
2025-9-17,12:00,17,0.0
2025-9-17,12:00,18,39.4352
2025-9-17,12:00,19,1845.6101
2025-9-17,12:00,20,3607.8606
2025-9-17,12:00,21,3678.2749
2025-9-17,12:00,22,4604.4584
2025-9-17,12:00,23,6030.7174
2025-9-17,12:00,24,4728.0318
2025-9-17,18:00,1,0.0
2025-9-17,18:00,2,0.0
2025-9-17,18:00,3,0.0
2025-9-17,18:00,4,0.0
2025-9-17,18:00,5,0.0
2025-9-17,18:00,6,0.0
2025-9-17,18:00,7,0.0
2025-9-17,18:00,8,0.0
2025-9-17,18:00,9,0.0
2025-9-17,18:00,10,0.0
2025-9-17,18:00,11,0.0
2025-9-17,18:00,12,40.84
2025-9-17,18:00,13,1929.7133
2025-9-17,18:00,14,3869.4663
2025-9-17,18:00,15,5242.9227
2025-9-17,18:00,16,6188.6158
2025-9-17,18:00,17,7263.1212
2025-9-17,18:00,18,7864.3188
2025-9-17,18:00,19,7697.2024
2025-9-17,18:00,20,7990.1134
2025-9-17,18:00,21,6633.4078
2025-9-17,18:00,22,4432.725
2025-9-17,18:00,23,2329.8
2025-9-17,18:00,24,55.8439
2025-9-18,0:00,1,0.0
2025-9-18,0:00,2,0.0
2025-9-18,0:00,3,0.0
2025-9-18,0:00,4,0.0
2025-9-18,0:00,5,0.0
2025-9-18,0:00,6,38.3721
2025-9-18,0:00,7,1809.2517
2025-9-18,0:00,8,4202.6862
2025-9-18,0:00,9,5902.7723
2025-9-18,0:00,10,7804.4392
2025-9-18,0:00,11,9608.7
2025-9-18,0:00,12,9965.475
2025-9-18,0:00,13,8415.3817
2025-9-18,0:00,14,8038.875
2025-9-18,0:00,15,5654.037
2025-9-18,0:00,16,3742.2462
2025-9-18,0:00,17,1941.5496
2025-9-18,0:00,18,39.5213
2025-9-18,0:00,19,0.0
2025-9-18,0:00,20,0.0
2025-9-18,0:00,21,0.0
2025-9-18,0:00,22,0.0
2025-9-18,0:00,23,0.0
2025-9-18,0:00,24,0.0
2025-9-18,6:00,1,1807.4555
2025-9-18,6:00,2,3897.6432
2025-9-18,6:00,3,5342.1782
2025-9-18,6:00,4,6590.417
2025-9-18,6:00,5,7989.1486
2025-9-18,6:00,6,8205.1222
2025-9-18,6:00,7,7021.9514
2025-9-18,6:00,8,6346.0687
2025-9-18,6:00,9,5090.9005
2025-9-18,6:00,10,3551.048
2025-9-18,6:00,11,1959.0003
2025-9-18,6:00,12,42.0082
2025-9-18,6:00,13,0.0
2025-9-18,6:00,14,0.0
2025-9-18,6:00,15,0.0
2025-9-18,6:00,16,0.0
2025-9-18,6:00,17,0.0
2025-9-18,6:00,18,0.0
2025-9-18,6:00,19,0.0
2025-9-18,6:00,20,0.0
2025-9-18,6:00,21,0.0
2025-9-18,6:00,22,0.0
2025-9-18,6:00,23,0.0
2025-9-18,6:00,24,23.3652
2025-9-18,12:00,1,7547.6973
2025-9-18,12:00,2,7087.0156
2025-9-18,12:00,3,5281.7066
2025-9-18,12:00,4,3914.1496
2025-9-18,12:00,5,1934.7997
2025-9-18,12:00,6,42.9981
2025-9-18,12:00,7,0.0
2025-9-18,12:00,8,0.0
2025-9-18,12:00,9,0.0
2025-9-18,12:00,10,0.0
2025-9-18,12:00,11,0.0
2025-9-18,12:00,12,0.0
2025-9-18,12:00,13,0.0
2025-9-18,12:00,14,0.0
2025-9-18,12:00,15,0.0
2025-9-18,12:00,16,0.0
2025-9-18,12:00,17,0.0
2025-9-18,12:00,18,21.0492
2025-9-18,12:00,19,1795.9161
2025-9-18,12:00,20,3581.9936
2025-9-18,12:00,21,5552.5913
2025-9-18,12:00,22,8557.65
2025-9-18,12:00,23,9608.7
2025-9-18,12:00,24,9965.475
2025-9-18,18:00,1,0.0
2025-9-18,18:00,2,0.0
2025-9-18,18:00,3,0.0
2025-9-18,18:00,4,0.0
2025-9-18,18:00,5,0.0
2025-9-18,18:00,6,0.0
2025-9-18,18:00,7,0.0
2025-9-18,18:00,8,0.0
2025-9-18,18:00,9,0.0
2025-9-18,18:00,10,0.0
2025-9-18,18:00,11,0.0
2025-9-18,18:00,12,20.966
2025-9-18,18:00,13,1836.1044
2025-9-18,18:00,14,3693.2854
2025-9-18,18:00,15,6244.7954
2025-9-18,18:00,16,7509.4788
2025-9-18,18:00,17,8215.169
2025-9-18,18:00,18,8865.6154
2025-9-18,18:00,19,8771.7768
2025-9-18,18:00,20,5617.9905
2025-9-18,18:00,21,4310.3188
2025-9-18,18:00,22,2401.6431
2025-9-18,18:00,23,678.185
2025-9-18,18:00,24,5.6165
2025-9-19,0:00,1,0.0
2025-9-19,0:00,2,0.0
2025-9-19,0:00,3,0.0
2025-9-19,0:00,4,0.0
2025-9-19,0:00,5,0.0
2025-9-19,0:00,6,20.615
2025-9-19,0:00,7,1961.7565
2025-9-19,0:00,8,3850.3485
2025-9-19,0:00,9,5747.8528
2025-9-19,0:00,10,7148.4452
2025-9-19,0:00,11,7833.3926
2025-9-19,0:00,12,7452.481
2025-9-19,0:00,13,8348.9607
2025-9-19,0:00,14,7312.8202
2025-9-19,0:00,15,5773.7234
2025-9-19,0:00,16,3347.1203
2025-9-19,0:00,17,1464.7648
2025-9-19,0:00,18,15.9382
2025-9-19,0:00,19,0.0
2025-9-19,0:00,20,0.0
2025-9-19,0:00,21,0.0
2025-9-19,0:00,22,0.0
2025-9-19,0:00,23,0.0
2025-9-19,0:00,24,0.0
2025-9-19,6:00,1,1826.6575
2025-9-19,6:00,2,3539.0931
2025-9-19,6:00,3,5653.6401
2025-9-19,6:00,4,7206.5159
2025-9-19,6:00,5,7590.376
2025-9-19,6:00,6,7822.2581
2025-9-19,6:00,7,8602.1155
2025-9-19,6:00,8,7089.9312
2025-9-19,6:00,9,5402.9274
2025-9-19,6:00,10,3116.3377
2025-9-19,6:00,11,1347.1349
2025-9-19,6:00,12,16.1572
2025-9-19,6:00,13,0.0
2025-9-19,6:00,14,0.0
2025-9-19,6:00,15,0.0
2025-9-19,6:00,16,0.0
2025-9-19,6:00,17,0.0
2025-9-19,6:00,18,0.0
2025-9-19,6:00,19,0.0
2025-9-19,6:00,20,0.0
2025-9-19,6:00,21,0.0
2025-9-19,6:00,22,0.0
2025-9-19,6:00,23,0.0
2025-9-19,6:00,24,6.9736
2025-9-19,12:00,1,8281.4885
2025-9-19,12:00,2,7061.4619
2025-9-19,12:00,3,5648.4986
2025-9-19,12:00,4,3607.1671
2025-9-19,12:00,5,1690.7338
2025-9-19,12:00,6,20.6957
2025-9-19,12:00,7,0.0
2025-9-19,12:00,8,0.0
2025-9-19,12:00,9,0.0
2025-9-19,12:00,10,0.0
2025-9-19,12:00,11,0.0
2025-9-19,12:00,12,0.0
2025-9-19,12:00,13,0.0
2025-9-19,12:00,14,0.0
2025-9-19,12:00,15,0.0
2025-9-19,12:00,16,0.0
2025-9-19,12:00,17,0.0
2025-9-19,12:00,18,6.1267
2025-9-19,12:00,19,1740.6035
2025-9-19,12:00,20,4355.3437
2025-9-19,12:00,21,5394.635
2025-9-19,12:00,22,8151.9215
2025-9-19,12:00,23,8344.7135
2025-9-19,12:00,24,7654.8348
2025-9-19,18:00,1,0.0
2025-9-19,18:00,2,0.0
2025-9-19,18:00,3,0.0
2025-9-19,18:00,4,0.0
2025-9-19,18:00,5,0.0
2025-9-19,18:00,6,0.0
2025-9-19,18:00,7,0.0
2025-9-19,18:00,8,0.0
2025-9-19,18:00,9,0.0
2025-9-19,18:00,10,0.0
2025-9-19,18:00,11,0.0
2025-9-19,18:00,12,5.3854
2025-9-19,18:00,13,1349.1277
2025-9-19,18:00,14,3754.913
2025-9-19,18:00,15,4950.1539
2025-9-19,18:00,16,6766.5484
2025-9-19,18:00,17,7219.0327
2025-9-19,18:00,18,7895.9407
2025-9-19,18:00,19,5572.7868
2025-9-19,18:00,20,4254.9677
2025-9-19,18:00,21,4628.5677
2025-9-19,18:00,22,3660.4698
2025-9-19,18:00,23,1795.4289
2025-9-19,18:00,24,7.3175
2025-9-20,0:00,1,0.0
2025-9-20,0:00,2,0.0
2025-9-20,0:00,3,0.0
2025-9-20,0:00,4,0.0
2025-9-20,0:00,5,0.0
2025-9-20,0:00,6,6.0923
2025-9-20,0:00,7,1674.6511
2025-9-20,0:00,8,3966.9075
2025-9-20,0:00,9,5716.3512
2025-9-20,0:00,10,8114.4475
2025-9-20,0:00,11,9381.7913
2025-9-20,0:00,12,9040.8304
2025-9-20,0:00,13,8863.0044
2025-9-20,0:00,14,6283.1669
2025-9-20,0:00,15,5127.3612
2025-9-20,0:00,16,3283.8479
2025-9-20,0:00,17,1487.7192
2025-9-20,0:00,18,5.9327
2025-9-20,0:00,19,0.0
2025-9-20,0:00,20,0.0
2025-9-20,0:00,21,0.0
2025-9-20,0:00,22,0.0
2025-9-20,0:00,23,0.0
2025-9-20,0:00,24,0.0
2025-9-20,6:00,1,1567.7812
2025-9-20,6:00,2,3632.4043
2025-9-20,6:00,3,4970.107
2025-9-20,6:00,4,7228.61
2025-9-20,6:00,5,8088.8257
2025-9-20,6:00,6,7620.4538
2025-9-20,6:00,7,7826.6869
2025-9-20,6:00,8,6462.0546
2025-9-20,6:00,9,5515.5081
2025-9-20,6:00,10,3494.5674
2025-9-20,6:00,11,1631.0387
2025-9-20,6:00,12,5.128
2025-9-20,6:00,13,0.0
2025-9-20,6:00,14,0.0
2025-9-20,6:00,15,0.0
2025-9-20,6:00,16,0.0
2025-9-20,6:00,17,0.0
2025-9-20,6:00,18,0.0
2025-9-20,6:00,19,0.0
2025-9-20,6:00,20,0.0
2025-9-20,6:00,21,0.0
2025-9-20,6:00,22,0.0
2025-9-20,6:00,23,0.0
2025-9-20,6:00,24,0.0
2025-9-20,12:00,1,8643.0102
2025-9-20,12:00,2,6599.1964
2025-9-20,12:00,3,5575.883
2025-9-20,12:00,4,3699.5193
2025-9-20,12:00,5,1843.9934
2025-9-20,12:00,6,5.6783
2025-9-20,12:00,7,0.0
2025-9-20,12:00,8,0.0
2025-9-20,12:00,9,0.0
2025-9-20,12:00,10,0.0
2025-9-20,12:00,11,0.0
2025-9-20,12:00,12,0.0
2025-9-20,12:00,13,0.0
2025-9-20,12:00,14,0.0
2025-9-20,12:00,15,0.0
2025-9-20,12:00,16,0.0
2025-9-20,12:00,17,0.0
2025-9-20,12:00,18,0.0
2025-9-20,12:00,19,1774.7661
2025-9-20,12:00,20,4369.9125
2025-9-20,12:00,21,6911.1
2025-9-20,12:00,22,6772.7112
2025-9-20,12:00,23,7191.25
2025-9-20,12:00,24,7740.8675
2025-9-20,18:00,1,0.0
2025-9-20,18:00,2,0.0
2025-9-20,18:00,3,0.0
2025-9-20,18:00,4,0.0
2025-9-20,18:00,5,0.0
2025-9-20,18:00,6,0.0
2025-9-20,18:00,7,0.0
2025-9-20,18:00,8,0.0
2025-9-20,18:00,9,0.0
2025-9-20,18:00,10,0.0
2025-9-20,18:00,11,0.0
2025-9-20,18:00,12,0.0
2025-9-20,18:00,13,2136.3831
2025-9-20,18:00,14,4240.4377
2025-9-20,18:00,15,6911.1
2025-9-20,18:00,16,8529.0791
2025-9-20,18:00,17,8339.5208
2025-9-20,18:00,18,7247.8169
2025-9-20,18:00,19,9166.406
2025-9-20,18:00,20,7736.429
2025-9-20,18:00,21,6685.6467
2025-9-20,18:00,22,4307.3321
2025-9-20,18:00,23,2010.4953
2025-9-20,18:00,24,0.0
2025-9-21,0:00,1,0.0
2025-9-21,0:00,2,0.0
2025-9-21,0:00,3,0.0
2025-9-21,0:00,4,0.0
2025-9-21,0:00,5,0.0
2025-9-21,0:00,6,0.0
2025-9-21,0:00,7,1516.0351
2025-9-21,0:00,8,3393.6128
2025-9-21,0:00,9,6195.7208
2025-9-21,0:00,10,6737.3786
2025-9-21,0:00,11,7556.1625
2025-9-21,0:00,12,7659.5788
2025-9-21,0:00,13,8839.1518
2025-9-21,0:00,14,6506.3249
2025-9-21,0:00,15,5799.9615
2025-9-21,0:00,16,3731.1436
2025-9-21,0:00,17,1585.5412
2025-9-21,0:00,18,0.0
2025-9-21,0:00,19,0.0
2025-9-21,0:00,20,0.0
2025-9-21,0:00,21,0.0
2025-9-21,0:00,22,0.0
2025-9-21,0:00,23,0.0
2025-9-21,0:00,24,0.0
2025-9-21,6:00,1,1659.8183
2025-9-21,6:00,2,3828.1981
2025-9-21,6:00,3,6352.679
2025-9-21,6:00,4,6890.5833
2025-9-21,6:00,5,7154.4427
2025-9-21,6:00,6,7114.2915
2025-9-21,6:00,7,7465.6025
2025-9-21,6:00,8,6795.4819
2025-9-21,6:00,9,5928.3736
2025-9-21,6:00,10,3732.6581
2025-9-21,6:00,11,1517.5695
2025-9-21,6:00,12,0.0
2025-9-21,6:00,13,0.0
2025-9-21,6:00,14,0.0
2025-9-21,6:00,15,0.0
2025-9-21,6:00,16,0.0
2025-9-21,6:00,17,0.0
2025-9-21,6:00,18,0.0
2025-9-21,6:00,19,0.0
2025-9-21,6:00,20,0.0
2025-9-21,6:00,21,0.0
2025-9-21,6:00,22,0.0
2025-9-21,6:00,23,0.0
2025-9-21,6:00,24,0.0
2025-9-21,12:00,1,8402.3459
2025-9-21,12:00,2,7359.6182
2025-9-21,12:00,3,6260.6295
2025-9-21,12:00,4,3732.9639
2025-9-21,12:00,5,1549.9879
2025-9-21,12:00,6,0.0
2025-9-21,12:00,7,0.0
2025-9-21,12:00,8,0.0
2025-9-21,12:00,9,0.0
2025-9-21,12:00,10,0.0
2025-9-21,12:00,11,0.0
2025-9-21,12:00,12,0.0
2025-9-21,12:00,13,0.0
2025-9-21,12:00,14,0.0
2025-9-21,12:00,15,0.0
2025-9-21,12:00,16,0.0
2025-9-21,12:00,17,0.0
2025-9-21,12:00,18,0.0
2025-9-21,12:00,19,2181.5855
2025-9-21,12:00,20,4369.9125
2025-9-21,12:00,21,6911.1
2025-9-21,12:00,22,8557.65
2025-9-21,12:00,23,9608.7
2025-9-21,12:00,24,9965.475
2025-9-21,18:00,1,0.0
2025-9-21,18:00,2,0.0
2025-9-21,18:00,3,0.0
2025-9-21,18:00,4,0.0
2025-9-21,18:00,5,0.0
2025-9-21,18:00,6,0.0
2025-9-21,18:00,7,0.0
2025-9-21,18:00,8,0.0
2025-9-21,18:00,9,0.0
2025-9-21,18:00,10,0.0
2025-9-21,18:00,11,0.0
2025-9-21,18:00,12,0.0
2025-9-21,18:00,13,2238.5748
2025-9-21,18:00,14,4369.9125
2025-9-21,18:00,15,6911.1
2025-9-21,18:00,16,8557.65
2025-9-21,18:00,17,8837.5183
2025-9-21,18:00,18,8076.2347
2025-9-21,18:00,19,8245.448
2025-9-21,18:00,20,6464.9222
2025-9-21,18:00,21,5056.9787
2025-9-21,18:00,22,3379.9016
2025-9-21,18:00,23,1706.0481
2025-9-21,18:00,24,0.0
2025-9-22,0:00,1,0.0
2025-9-22,0:00,2,0.0
2025-9-22,0:00,3,0.0
2025-9-22,0:00,4,0.0
2025-9-22,0:00,5,0.0
2025-9-22,0:00,6,0.0
2025-9-22,0:00,7,1731.9135
2025-9-22,0:00,8,3853.0811
2025-9-22,0:00,9,5910.8213
2025-9-22,0:00,10,7672.6475
2025-9-22,0:00,11,7730.0543
2025-9-22,0:00,12,7933.3524
2025-9-22,0:00,13,7192.1691
2025-9-22,0:00,14,6119.0702
2025-9-22,0:00,15,3750.4316
2025-9-22,0:00,16,2385.426
2025-9-22,0:00,17,1044.5444
2025-9-22,0:00,18,0.0
2025-9-22,0:00,19,0.0
2025-9-22,0:00,20,0.0
2025-9-22,0:00,21,0.0
2025-9-22,0:00,22,0.0
2025-9-22,0:00,23,0.0
2025-9-22,0:00,24,0.0
2025-9-22,6:00,1,1688.5949
2025-9-22,6:00,2,3778.9853
2025-9-22,6:00,3,5909.0831
2025-9-22,6:00,4,7765.0664
2025-9-22,6:00,5,8616.7877
2025-9-22,6:00,6,8599.1161
2025-9-22,6:00,7,8383.8745
2025-9-22,6:00,8,6793.0214
2025-9-22,6:00,9,5072.7468
2025-9-22,6:00,10,3097.0709
2025-9-22,6:00,11,1379.4093
2025-9-22,6:00,12,0.0
2025-9-22,6:00,13,0.0
2025-9-22,6:00,14,0.0
2025-9-22,6:00,15,0.0
2025-9-22,6:00,16,0.0
2025-9-22,6:00,17,0.0
2025-9-22,6:00,18,0.0
2025-9-22,6:00,19,0.0
2025-9-22,6:00,20,0.0
2025-9-22,6:00,21,0.0
2025-9-22,6:00,22,0.0
2025-9-22,6:00,23,0.0
2025-9-22,6:00,24,0.0
2025-9-22,12:00,1,8038.7688
2025-9-22,12:00,2,6953.3391
2025-9-22,12:00,3,5490.353
2025-9-22,12:00,4,3433.1742
2025-9-22,12:00,5,1646.6606
2025-9-22,12:00,6,0.0
2025-9-22,12:00,7,0.0
2025-9-22,12:00,8,0.0
2025-9-22,12:00,9,0.0
2025-9-22,12:00,10,0.0
2025-9-22,12:00,11,0.0
2025-9-22,12:00,12,0.0
2025-9-22,12:00,13,0.0
2025-9-22,12:00,14,0.0
2025-9-22,12:00,15,0.0
2025-9-22,12:00,16,0.0
2025-9-22,12:00,17,0.0
2025-9-22,12:00,18,0.0
2025-9-22,12:00,19,1327.9775
2025-9-22,12:00,20,3863.6934
2025-9-22,12:00,21,5710.1157
2025-9-22,12:00,22,6721.9637
2025-9-22,12:00,23,8782.1193
2025-9-22,12:00,24,8787.876
2025-9-22,18:00,1,0.0
2025-9-22,18:00,2,0.0
2025-9-22,18:00,3,0.0
2025-9-22,18:00,4,0.0
2025-9-22,18:00,5,0.0
2025-9-22,18:00,6,0.0
2025-9-22,18:00,7,0.0
2025-9-22,18:00,8,0.0
2025-9-22,18:00,9,0.0
2025-9-22,18:00,10,0.0
2025-9-22,18:00,11,0.0
2025-9-22,18:00,12,0.0
2025-9-22,18:00,13,1724.4259
2025-9-22,18:00,14,4236.6964
2025-9-22,18:00,15,6441.4968
2025-9-22,18:00,16,7892.5412
2025-9-22,18:00,17,8127.6598
2025-9-22,18:00,18,7772.9791
2025-9-22,18:00,19,6972.291
2025-9-22,18:00,20,6311.2248
2025-9-22,18:00,21,4277.2503
2025-9-22,18:00,22,3593.9299
2025-9-22,18:00,23,1693.7985
2025-9-22,18:00,24,0.0
2025-9-23,0:00,1,0.0
2025-9-23,0:00,2,0.0
2025-9-23,0:00,3,0.0
2025-9-23,0:00,4,0.0
2025-9-23,0:00,5,0.0
2025-9-23,0:00,6,0.0
2025-9-23,0:00,7,1557.3423
2025-9-23,0:00,8,3790.5523
2025-9-23,0:00,9,5672.6385
2025-9-23,0:00,10,6695.125
2025-9-23,0:00,11,7039.7028
2025-9-23,0:00,12,8741.6789
2025-9-23,0:00,13,7807.7894
2025-9-23,0:00,14,6799.915
2025-9-23,0:00,15,4338.9708
2025-9-23,0:00,16,3204.0589
2025-9-23,0:00,17,1288.1895
2025-9-23,0:00,18,0.0
2025-9-23,0:00,19,0.0
2025-9-23,0:00,20,0.0
2025-9-23,0:00,21,0.0
2025-9-23,0:00,22,0.0
2025-9-23,0:00,23,0.0
2025-9-23,0:00,24,0.0
2025-9-23,6:00,1,1509.2196
2025-9-23,6:00,2,3772.0576
2025-9-23,6:00,3,5829.5882
2025-9-23,6:00,4,6509.1949
2025-9-23,6:00,5,7529.2452
2025-9-23,6:00,6,8803.7336
2025-9-23,6:00,7,7942.5486
2025-9-23,6:00,8,6944.4765
2025-9-23,6:00,9,4590.2039
2025-9-23,6:00,10,3318.2284
2025-9-23,6:00,11,1398.0938
2025-9-23,6:00,12,0.0
2025-9-23,6:00,13,0.0
2025-9-23,6:00,14,0.0
2025-9-23,6:00,15,0.0
2025-9-23,6:00,16,0.0
2025-9-23,6:00,17,0.0
2025-9-23,6:00,18,0.0
2025-9-23,6:00,19,0.0
2025-9-23,6:00,20,0.0
2025-9-23,6:00,21,0.0
2025-9-23,6:00,22,0.0
2025-9-23,6:00,23,0.0
2025-9-23,6:00,24,0.0
2025-9-23,12:00,1,8197.0556
2025-9-23,12:00,2,7182.1322
2025-9-23,12:00,3,4791.2126
2025-9-23,12:00,4,3585.5303
2025-9-23,12:00,5,1441.7306
2025-9-23,12:00,6,0.0
2025-9-23,12:00,7,0.0
2025-9-23,12:00,8,0.0
2025-9-23,12:00,9,0.0
2025-9-23,12:00,10,0.0
2025-9-23,12:00,11,0.0
2025-9-23,12:00,12,0.0
2025-9-23,12:00,13,0.0
2025-9-23,12:00,14,0.0
2025-9-23,12:00,15,0.0
2025-9-23,12:00,16,0.0
2025-9-23,12:00,17,0.0
2025-9-23,12:00,18,0.0
2025-9-23,12:00,19,1482.9845
2025-9-23,12:00,20,3248.7531
2025-9-23,12:00,21,5461.1794
2025-9-23,12:00,22,7736.7719
2025-9-23,12:00,23,7991.3901
2025-9-23,12:00,24,9177.5143
2025-9-23,18:00,1,0.0
2025-9-23,18:00,2,0.0
2025-9-23,18:00,3,0.0
2025-9-23,18:00,4,0.0
2025-9-23,18:00,5,0.0
2025-9-23,18:00,6,0.0
2025-9-23,18:00,7,0.0
2025-9-23,18:00,8,0.0
2025-9-23,18:00,9,0.0
2025-9-23,18:00,10,0.0
2025-9-23,18:00,11,0.0
2025-9-23,18:00,12,0.0
2025-9-23,18:00,13,1433.3831
2025-9-23,18:00,14,3193.9537
2025-9-23,18:00,15,5391.6451
2025-9-23,18:00,16,6933.8748
2025-9-23,18:00,17,7719.1946
2025-9-23,18:00,18,7863.0805
2025-9-23,18:00,19,7832.1076
2025-9-23,18:00,20,6321.7606
2025-9-23,18:00,21,5710.8216
2025-9-23,18:00,22,3819.0355
2025-9-23,18:00,23,1591.9612
2025-9-23,18:00,24,0.0
2025-9-24,0:00,1,0.0
2025-9-24,0:00,2,0.0
2025-9-24,0:00,3,0.0
2025-9-24,0:00,4,0.0
2025-9-24,0:00,5,0.0
2025-9-24,0:00,6,0.0
2025-9-24,0:00,7,1459.098
2025-9-24,0:00,8,3271.153
2025-9-24,0:00,9,5343.1209
2025-9-24,0:00,10,7775.5432
2025-9-24,0:00,11,9573.3473
2025-9-24,0:00,12,9949.2517
2025-9-24,0:00,13,9763.3875
2025-9-24,0:00,14,7955.175
2025-9-24,0:00,15,6115.875
2025-9-24,0:00,16,4153.8375
2025-9-24,0:00,17,1895.595
2025-9-24,0:00,18,0.0
2025-9-24,0:00,19,0.0
2025-9-24,0:00,20,0.0
2025-9-24,0:00,21,0.0
2025-9-24,0:00,22,0.0
2025-9-24,0:00,23,0.0
2025-9-24,0:00,24,0.0
2025-9-24,6:00,1,1519.5643
2025-9-24,6:00,2,3310.0633
2025-9-24,6:00,3,5239.8568
2025-9-24,6:00,4,7361.4307
2025-9-24,6:00,5,8332.9534
2025-9-24,6:00,6,8268.7021
2025-9-24,6:00,7,8591.2683
2025-9-24,6:00,8,7811.1198
2025-9-24,6:00,9,6115.875
2025-9-24,6:00,10,3948.1333
2025-9-24,6:00,11,1816.3086
2025-9-24,6:00,12,0.0
2025-9-24,6:00,13,0.0
2025-9-24,6:00,14,0.0
2025-9-24,6:00,15,0.0
2025-9-24,6:00,16,0.0
2025-9-24,6:00,17,0.0
2025-9-24,6:00,18,0.0
2025-9-24,6:00,19,0.0
2025-9-24,6:00,20,0.0
2025-9-24,6:00,21,0.0
2025-9-24,6:00,22,0.0
2025-9-24,6:00,23,0.0
2025-9-24,6:00,24,0.0
2025-9-24,12:00,1,8125.6537
2025-9-24,12:00,2,7459.0564
2025-9-24,12:00,3,5816.0019
2025-9-24,12:00,4,3760.1555
2025-9-24,12:00,5,1545.9629
2025-9-24,12:00,6,0.0
2025-9-24,12:00,7,0.0
2025-9-24,12:00,8,0.0
2025-9-24,12:00,9,0.0
2025-9-24,12:00,10,0.0
2025-9-24,12:00,11,0.0
2025-9-24,12:00,12,0.0
2025-9-24,12:00,13,0.0
2025-9-24,12:00,14,0.0
2025-9-24,12:00,15,0.0
2025-9-24,12:00,16,0.0
2025-9-24,12:00,17,0.0
2025-9-24,12:00,18,0.0
2025-9-24,12:00,19,1335.3206
2025-9-24,12:00,20,2746.0674
2025-9-24,12:00,21,5456.4899
2025-9-24,12:00,22,7659.3758
2025-9-24,12:00,23,8968.0514
2025-9-24,12:00,24,9390.7642
2025-9-24,18:00,1,0.0
2025-9-24,18:00,2,0.0
2025-9-24,18:00,3,0.0
2025-9-24,18:00,4,0.0
2025-9-24,18:00,5,0.0
2025-9-24,18:00,6,0.0
2025-9-24,18:00,7,0.0
2025-9-24,18:00,8,0.0
2025-9-24,18:00,9,0.0
2025-9-24,18:00,10,0.0
2025-9-24,18:00,11,0.0
2025-9-24,18:00,12,0.0
2025-9-24,18:00,13,1818.408
2025-9-24,18:00,14,4018.4932
2025-9-24,18:00,15,5269.0134
2025-9-24,18:00,16,5073.7998
2025-9-24,18:00,17,5993.3146
2025-9-24,18:00,18,6343.2582
2025-9-24,18:00,19,6030.3998
2025-9-24,18:00,20,6862.5442
2025-9-24,18:00,21,5789.1732
2025-9-24,18:00,22,3202.6952
2025-9-24,18:00,23,1356.6219
2025-9-24,18:00,24,0.0
2025-9-25,0:00,1,0.0
2025-9-25,0:00,2,0.0
2025-9-25,0:00,3,0.0
2025-9-25,0:00,4,0.0
2025-9-25,0:00,5,0.0
2025-9-25,0:00,6,0.0
2025-9-25,0:00,7,1626.4283
2025-9-25,0:00,8,3572.0522
2025-9-25,0:00,9,5413.0946
2025-9-25,0:00,10,6866.3839
2025-9-25,0:00,11,8264.6507
2025-9-25,0:00,12,7736.7626
2025-9-25,0:00,13,8179.1512
2025-9-25,0:00,14,7821.108
2025-9-25,0:00,15,6115.875
2025-9-25,0:00,16,3093.8985
2025-9-25,0:00,17,1420.6988
2025-9-25,0:00,18,0.0
2025-9-25,0:00,19,0.0
2025-9-25,0:00,20,0.0
2025-9-25,0:00,21,0.0
2025-9-25,0:00,22,0.0
2025-9-25,0:00,23,0.0
2025-9-25,0:00,24,0.0
2025-9-25,6:00,1,1561.8876
2025-9-25,6:00,2,3329.3116
2025-9-25,6:00,3,5310.9907
2025-9-25,6:00,4,6503.6376
2025-9-25,6:00,5,7831.0696
2025-9-25,6:00,6,7771.6315
2025-9-25,6:00,7,7191.6049
2025-9-25,6:00,8,6835.7416
2025-9-25,6:00,9,5401.6757
2025-9-25,6:00,10,3231.9809
2025-9-25,6:00,11,1521.8548
2025-9-25,6:00,12,0.0
2025-9-25,6:00,13,0.0
2025-9-25,6:00,14,0.0
2025-9-25,6:00,15,0.0
2025-9-25,6:00,16,0.0
2025-9-25,6:00,17,0.0
2025-9-25,6:00,18,0.0
2025-9-25,6:00,19,0.0
2025-9-25,6:00,20,0.0
2025-9-25,6:00,21,0.0
2025-9-25,6:00,22,0.0
2025-9-25,6:00,23,0.0
2025-9-25,6:00,24,0.0
2025-9-25,12:00,1,7796.9324
2025-9-25,12:00,2,7097.9846
2025-9-25,12:00,3,5316.2338
2025-9-25,12:00,4,3200.8212
2025-9-25,12:00,5,1487.0872
2025-9-25,12:00,6,0.0
2025-9-25,12:00,7,0.0
2025-9-25,12:00,8,0.0
2025-9-25,12:00,9,0.0
2025-9-25,12:00,10,0.0
2025-9-25,12:00,11,0.0
2025-9-25,12:00,12,0.0
2025-9-25,12:00,13,0.0
2025-9-25,12:00,14,0.0
2025-9-25,12:00,15,0.0
2025-9-25,12:00,16,0.0
2025-9-25,12:00,17,0.0
2025-9-25,12:00,18,0.0
2025-9-25,12:00,19,1193.8447
2025-9-25,12:00,20,1992.3099
2025-9-25,12:00,21,1820.8719
2025-9-25,12:00,22,3020.3379
2025-9-25,12:00,23,3545.6205
2025-9-25,12:00,24,3418.8174
2025-9-25,18:00,1,0.0
2025-9-25,18:00,2,0.0
2025-9-25,18:00,3,0.0
2025-9-25,18:00,4,0.0
2025-9-25,18:00,5,0.0
2025-9-25,18:00,6,0.0
2025-9-25,18:00,7,0.0
2025-9-25,18:00,8,0.0
2025-9-25,18:00,9,0.0
2025-9-25,18:00,10,0.0
2025-9-25,18:00,11,0.0
2025-9-25,18:00,12,0.0
2025-9-25,18:00,13,1515.6278
2025-9-25,18:00,14,3727.7537
2025-9-25,18:00,15,4952.2491
2025-9-25,18:00,16,6668.7795
2025-9-25,18:00,17,7519.1991
2025-9-25,18:00,18,8298.6715
2025-9-25,18:00,19,8960.6711
2025-9-25,18:00,20,7604.1311
2025-9-25,18:00,21,4788.6202
2025-9-25,18:00,22,3256.0454
2025-9-25,18:00,23,1231.8717
2025-9-25,18:00,24,0.0
2025-9-26,0:00,1,0.0
2025-9-26,0:00,2,0.0
2025-9-26,0:00,3,0.0
2025-9-26,0:00,4,0.0
2025-9-26,0:00,5,0.0
2025-9-26,0:00,6,0.0
2025-9-26,0:00,7,1536.6075
2025-9-26,0:00,8,3639.0507
2025-9-26,0:00,9,4790.2725
2025-9-26,0:00,10,6207.5113
2025-9-26,0:00,11,7163.1307
2025-9-26,0:00,12,7609.9429
2025-9-26,0:00,13,7044.7763
2025-9-26,0:00,14,6058.8546
2025-9-26,0:00,15,4180.8034
2025-9-26,0:00,16,2732.8955
2025-9-26,0:00,17,1235.2399
2025-9-26,0:00,18,0.0
2025-9-26,0:00,19,0.0
2025-9-26,0:00,20,0.0
2025-9-26,0:00,21,0.0
2025-9-26,0:00,22,0.0
2025-9-26,0:00,23,0.0
2025-9-26,0:00,24,0.0
2025-9-26,6:00,1,1573.6624
2025-9-26,6:00,2,3498.2691
2025-9-26,6:00,3,4702.6397
2025-9-26,6:00,4,6214.6074
2025-9-26,6:00,5,7018.6739
2025-9-26,6:00,6,7760.9907
2025-9-26,6:00,7,8096.0531
2025-9-26,6:00,8,6886.4912
2025-9-26,6:00,9,5420.8913
2025-9-26,6:00,10,3851.8967
2025-9-26,6:00,11,1594.193
2025-9-26,6:00,12,0.0
2025-9-26,6:00,13,0.0
2025-9-26,6:00,14,0.0
2025-9-26,6:00,15,0.0
2025-9-26,6:00,16,0.0
2025-9-26,6:00,17,0.0
2025-9-26,6:00,18,0.0
2025-9-26,6:00,19,0.0
2025-9-26,6:00,20,0.0
2025-9-26,6:00,21,0.0
2025-9-26,6:00,22,0.0
2025-9-26,6:00,23,0.0
2025-9-26,6:00,24,0.0
2025-9-26,12:00,1,8247.3321
2025-9-26,12:00,2,6934.4357
2025-9-26,12:00,3,5390.1275
2025-9-26,12:00,4,3726.7128
2025-9-26,12:00,5,1598.4094
2025-9-26,12:00,6,0.0
2025-9-26,12:00,7,0.0
2025-9-26,12:00,8,0.0
2025-9-26,12:00,9,0.0
2025-9-26,12:00,10,0.0
2025-9-26,12:00,11,0.0
2025-9-26,12:00,12,0.0
2025-9-26,12:00,13,0.0
2025-9-26,12:00,14,0.0
2025-9-26,12:00,15,0.0
2025-9-26,12:00,16,0.0
2025-9-26,12:00,17,0.0
2025-9-26,12:00,18,0.0
2025-9-26,12:00,19,1320.1853
2025-9-26,12:00,20,3804.5061
2025-9-26,12:00,21,6233.4665
2025-9-26,12:00,22,8557.65
2025-9-26,12:00,23,9400.3106
2025-9-26,12:00,24,9965.475
2025-9-26,18:00,1,0.0
2025-9-26,18:00,2,0.0
2025-9-26,18:00,3,0.0
2025-9-26,18:00,4,0.0
2025-9-26,18:00,5,0.0
2025-9-26,18:00,6,0.0
2025-9-26,18:00,7,0.0
2025-9-26,18:00,8,0.0
2025-9-26,18:00,9,0.0
2025-9-26,18:00,10,0.0
2025-9-26,18:00,11,0.0
2025-9-26,18:00,12,0.0
2025-9-26,18:00,13,1693.8128
2025-9-26,18:00,14,3986.0625
2025-9-26,18:00,15,6272.4346
2025-9-26,18:00,16,8267.2718
2025-9-26,18:00,17,7892.9332
2025-9-26,18:00,18,7669.099
2025-9-26,18:00,19,7623.4651
2025-9-26,18:00,20,6198.5999
2025-9-26,18:00,21,4634.031
2025-9-26,18:00,22,3032.4152
2025-9-26,18:00,23,1338.116
2025-9-26,18:00,24,0.0
2025-9-27,0:00,1,0.0
2025-9-27,0:00,2,0.0
2025-9-27,0:00,3,0.0
2025-9-27,0:00,4,0.0
2025-9-27,0:00,5,0.0
2025-9-27,0:00,6,0.0
2025-9-27,0:00,7,1469.4069
2025-9-27,0:00,8,3879.7026
2025-9-27,0:00,9,6460.0204
2025-9-27,0:00,10,8557.65
2025-9-27,0:00,11,8714.8072
2025-9-27,0:00,12,8913.7299
2025-9-27,0:00,13,9219.8535
2025-9-27,0:00,14,7937.4604
2025-9-27,0:00,15,5129.1338
2025-9-27,0:00,16,3393.1235
2025-9-27,0:00,17,1543.9375
2025-9-27,0:00,18,0.0
2025-9-27,0:00,19,0.0
2025-9-27,0:00,20,0.0
2025-9-27,0:00,21,0.0
2025-9-27,0:00,22,0.0
2025-9-27,0:00,23,0.0
2025-9-27,0:00,24,0.0
2025-9-27,6:00,1,1379.4939
2025-9-27,6:00,2,3652.084
2025-9-27,6:00,3,5906.5401
2025-9-27,6:00,4,7818.2083
2025-9-27,6:00,5,8153.84
2025-9-27,6:00,6,8262.5673
2025-9-27,6:00,7,7197.9303
2025-9-27,6:00,8,5911.1537
2025-9-27,6:00,9,4085.878
2025-9-27,6:00,10,2494.8389
2025-9-27,6:00,11,1320.358
2025-9-27,6:00,12,0.0
2025-9-27,6:00,13,0.0
2025-9-27,6:00,14,0.0
2025-9-27,6:00,15,0.0
2025-9-27,6:00,16,0.0
2025-9-27,6:00,17,0.0
2025-9-27,6:00,18,0.0
2025-9-27,6:00,19,0.0
2025-9-27,6:00,20,0.0
2025-9-27,6:00,21,0.0
2025-9-27,6:00,22,0.0
2025-9-27,6:00,23,0.0
2025-9-27,6:00,24,0.0
2025-9-27,12:00,1,7591.5301
2025-9-27,12:00,2,6536.2582
2025-9-27,12:00,3,4712.0219
2025-9-27,12:00,4,3085.3375
2025-9-27,12:00,5,1451.3106
2025-9-27,12:00,6,0.0
2025-9-27,12:00,7,0.0
2025-9-27,12:00,8,0.0
2025-9-27,12:00,9,0.0
2025-9-27,12:00,10,0.0
2025-9-27,12:00,11,0.0
2025-9-27,12:00,12,0.0
2025-9-27,12:00,13,0.0
2025-9-27,12:00,14,0.0
2025-9-27,12:00,15,0.0
2025-9-27,12:00,16,0.0
2025-9-27,12:00,17,0.0
2025-9-27,12:00,18,0.0
2025-9-27,12:00,19,1491.0108
2025-9-27,12:00,20,3450.061
2025-9-27,12:00,21,5526.1204
2025-9-27,12:00,22,7137.7831
2025-9-27,12:00,23,7832.439
2025-9-27,12:00,24,8144.2359
2025-9-27,18:00,1,0.0
2025-9-27,18:00,2,0.0
2025-9-27,18:00,3,0.0
2025-9-27,18:00,4,0.0
2025-9-27,18:00,5,0.0
2025-9-27,18:00,6,0.0
2025-9-27,18:00,7,0.0
2025-9-27,18:00,8,0.0
2025-9-27,18:00,9,0.0
2025-9-27,18:00,10,0.0
2025-9-27,18:00,11,0.0
2025-9-27,18:00,12,0.0
2025-9-27,18:00,13,1390.4758
2025-9-27,18:00,14,3458.5483
2025-9-27,18:00,15,5466.6555
2025-9-27,18:00,16,7979.2462
2025-9-27,18:00,17,9608.7
2025-9-27,18:00,18,9965.475
2025-9-27,18:00,19,9435.3
2025-9-27,18:00,20,8232.3375
2025-9-27,18:00,21,5840.4383
2025-9-27,18:00,22,4153.8375
2025-9-27,18:00,23,1678.4891
2025-9-27,18:00,24,0.0
2025-9-28,0:00,1,0.0
2025-9-28,0:00,2,0.0
2025-9-28,0:00,3,0.0
2025-9-28,0:00,4,0.0
2025-9-28,0:00,5,0.0
2025-9-28,0:00,6,0.0
2025-9-28,0:00,7,1468.4227
2025-9-28,0:00,8,3520.7271
2025-9-28,0:00,9,5422.6458
2025-9-28,0:00,10,6365.3102
2025-9-28,0:00,11,7968.3044
2025-9-28,0:00,12,9121.8898
2025-9-28,0:00,13,7337.7112
2025-9-28,0:00,14,7056.1323
2025-9-28,0:00,15,6115.875
2025-9-28,0:00,16,3988.8552
2025-9-28,0:00,17,1401.2487
2025-9-28,0:00,18,0.0
2025-9-28,0:00,19,0.0
2025-9-28,0:00,20,0.0
2025-9-28,0:00,21,0.0
2025-9-28,0:00,22,0.0
2025-9-28,0:00,23,0.0
2025-9-28,0:00,24,0.0
2025-9-28,6:00,1,1404.741
2025-9-28,6:00,2,3346.6469
2025-9-28,6:00,3,5016.5703
2025-9-28,6:00,4,6387.5205
2025-9-28,6:00,5,7125.8838
2025-9-28,6:00,6,7154.9964
2025-9-28,6:00,7,5949.0208
2025-9-28,6:00,8,5822.2999
2025-9-28,6:00,9,4721.9204
2025-9-28,6:00,10,3527.0927
2025-9-28,6:00,11,1591.2513
2025-9-28,6:00,12,0.0
2025-9-28,6:00,13,0.0
2025-9-28,6:00,14,0.0
2025-9-28,6:00,15,0.0
2025-9-28,6:00,16,0.0
2025-9-28,6:00,17,0.0
2025-9-28,6:00,18,0.0
2025-9-28,6:00,19,0.0
2025-9-28,6:00,20,0.0
2025-9-28,6:00,21,0.0
2025-9-28,6:00,22,0.0
2025-9-28,6:00,23,0.0
2025-9-28,6:00,24,0.0
2025-9-28,12:00,1,7113.6593
2025-9-28,12:00,2,6705.3633
2025-9-28,12:00,3,5545.67
2025-9-28,12:00,4,3799.4791
2025-9-28,12:00,5,1449.597
2025-9-28,12:00,6,0.0
2025-9-28,12:00,7,0.0
2025-9-28,12:00,8,0.0
2025-9-28,12:00,9,0.0
2025-9-28,12:00,10,0.0
2025-9-28,12:00,11,0.0
2025-9-28,12:00,12,0.0
2025-9-28,12:00,13,0.0
2025-9-28,12:00,14,0.0
2025-9-28,12:00,15,0.0
2025-9-28,12:00,16,0.0
2025-9-28,12:00,17,0.0
2025-9-28,12:00,18,0.0
2025-9-28,12:00,19,1777.53
2025-9-28,12:00,20,3986.0625
2025-9-28,12:00,21,5332.8883
2025-9-28,12:00,22,6633.3246
2025-9-28,12:00,23,7763.5532
2025-9-28,12:00,24,9108.0477
2025-9-28,18:00,1,0.0
2025-9-28,18:00,2,0.0
2025-9-28,18:00,3,0.0
2025-9-28,18:00,4,0.0
2025-9-28,18:00,5,0.0
2025-9-28,18:00,6,0.0
2025-9-28,18:00,7,0.0
2025-9-28,18:00,8,0.0
2025-9-28,18:00,9,0.0
2025-9-28,18:00,10,0.0
2025-9-28,18:00,11,0.0
2025-9-28,18:00,12,0.0
2025-9-28,18:00,13,1671.3449
2025-9-28,18:00,14,3746.4057
2025-9-28,18:00,15,5432.4356
2025-9-28,18:00,16,7248.2156
2025-9-28,18:00,17,8145.5337
2025-9-28,18:00,18,8192.698
2025-9-28,18:00,19,7270.1568
2025-9-28,18:00,20,7247.7128
2025-9-28,18:00,21,5457.1723
2025-9-28,18:00,22,2868.6587
2025-9-28,18:00,23,1222.8292
2025-9-28,18:00,24,0.0
2025-9-29,0:00,1,0.0
2025-9-29,0:00,2,0.0
2025-9-29,0:00,3,0.0
2025-9-29,0:00,4,0.0
2025-9-29,0:00,5,0.0
2025-9-29,0:00,6,0.0
2025-9-29,0:00,7,1411.6578
2025-9-29,0:00,8,3400.9411
2025-9-29,0:00,9,5207.3648
2025-9-29,0:00,10,6833.0641
2025-9-29,0:00,11,7989.4545
2025-9-29,0:00,12,8518.799
2025-9-29,0:00,13,7474.5982
2025-9-29,0:00,14,6692.117
2025-9-29,0:00,15,5062.3859
2025-9-29,0:00,16,2604.2037
2025-9-29,0:00,17,966.4526
2025-9-29,0:00,18,0.0
2025-9-29,0:00,19,0.0
2025-9-29,0:00,20,0.0
2025-9-29,0:00,21,0.0
2025-9-29,0:00,22,0.0
2025-9-29,0:00,23,0.0
2025-9-29,0:00,24,0.0
2025-9-29,6:00,1,1457.1571
2025-9-29,6:00,2,3629.6527
2025-9-29,6:00,3,5662.4671
2025-9-29,6:00,4,7465.1317
2025-9-29,6:00,5,8297.8493
2025-9-29,6:00,6,9461.0578
2025-9-29,6:00,7,8424.8115
2025-9-29,6:00,8,7545.8749
2025-9-29,6:00,9,5608.9179
2025-9-29,6:00,10,3284.8063
2025-9-29,6:00,11,1311.1205
2025-9-29,6:00,12,0.0
2025-9-29,6:00,13,0.0
2025-9-29,6:00,14,0.0
2025-9-29,6:00,15,0.0
2025-9-29,6:00,16,0.0
2025-9-29,6:00,17,0.0
2025-9-29,6:00,18,0.0
2025-9-29,6:00,19,0.0
2025-9-29,6:00,20,0.0
2025-9-29,6:00,21,0.0
2025-9-29,6:00,22,0.0
2025-9-29,6:00,23,0.0
2025-9-29,6:00,24,0.0
2025-9-29,12:00,1,7676.2494
2025-9-29,12:00,2,6942.6121
2025-9-29,12:00,3,5558.6307
2025-9-29,12:00,4,3349.1151
2025-9-29,12:00,5,1439.254
2025-9-29,12:00,6,0.0
2025-9-29,12:00,7,0.0
2025-9-29,12:00,8,0.0
2025-9-29,12:00,9,0.0
2025-9-29,12:00,10,0.0
2025-9-29,12:00,11,0.0
2025-9-29,12:00,12,0.0
2025-9-29,12:00,13,0.0
2025-9-29,12:00,14,0.0
2025-9-29,12:00,15,0.0
2025-9-29,12:00,16,0.0
2025-9-29,12:00,17,0.0
2025-9-29,12:00,18,0.0
2025-9-29,12:00,19,1477.0559
2025-9-29,12:00,20,3796.48
2025-9-29,12:00,21,5355.887
2025-9-29,12:00,22,8017.0468
2025-9-29,12:00,23,8982.795
2025-9-29,12:00,24,9782.5459
2025-9-29,18:00,1,0.0
2025-9-29,18:00,2,0.0
2025-9-29,18:00,3,0.0
2025-9-29,18:00,4,0.0
2025-9-29,18:00,5,0.0
2025-9-29,18:00,6,0.0
2025-9-29,18:00,7,0.0
2025-9-29,18:00,8,0.0
2025-9-29,18:00,9,0.0
2025-9-29,18:00,10,0.0
2025-9-29,18:00,11,0.0
2025-9-29,18:00,12,0.0
2025-9-29,18:00,13,1462.2748
2025-9-29,18:00,14,3486.6723
2025-9-29,18:00,15,5065.4814
2025-9-29,18:00,16,6610.7655
2025-9-29,18:00,17,6841.3314
2025-9-29,18:00,18,8296.345
2025-9-29,18:00,19,8651.0136
2025-9-29,18:00,20,6715.1894
2025-9-29,18:00,21,5181.0633
2025-9-29,18:00,22,3505.5903
2025-9-29,18:00,23,1558.496
2025-9-29,18:00,24,0.0
2025-9-30,0:00,1,0.0
2025-9-30,0:00,2,0.0
2025-9-30,0:00,3,0.0
2025-9-30,0:00,4,0.0
2025-9-30,0:00,5,0.0
2025-9-30,0:00,6,0.0
2025-9-30,0:00,7,1271.5095
2025-9-30,0:00,8,3668.3291
2025-9-30,0:00,9,5844.3242
2025-9-30,0:00,10,7272.1523
2025-9-30,0:00,11,8886.0258
2025-9-30,0:00,12,9815.8291
2025-9-30,0:00,13,7577.0164
2025-9-30,0:00,14,5427.3392
2025-9-30,0:00,15,4593.2307
2025-9-30,0:00,16,2574.0882
2025-9-30,0:00,17,967.0208
2025-9-30,0:00,18,0.0
2025-9-30,0:00,19,0.0
2025-9-30,0:00,20,0.0
2025-9-30,0:00,21,0.0
2025-9-30,0:00,22,0.0
2025-9-30,0:00,23,0.0
2025-9-30,0:00,24,0.0
2025-9-30,6:00,1,1279.1018
2025-9-30,6:00,2,3290.7035
2025-9-30,6:00,3,5145.3653
2025-9-30,6:00,4,6851.2815
2025-9-30,6:00,5,7634.3711
2025-9-30,6:00,6,8617.6332
2025-9-30,6:00,7,8547.8764
2025-9-30,6:00,8,6202.4224
2025-9-30,6:00,9,4522.3091
2025-9-30,6:00,10,3122.9005
2025-9-30,6:00,11,1374.0787
2025-9-30,6:00,12,0.0
2025-9-30,6:00,13,0.0
2025-9-30,6:00,14,0.0
2025-9-30,6:00,15,0.0
2025-9-30,6:00,16,0.0
2025-9-30,6:00,17,0.0
2025-9-30,6:00,18,0.0
2025-9-30,6:00,19,0.0
2025-9-30,6:00,20,0.0
2025-9-30,6:00,21,0.0
2025-9-30,6:00,22,0.0
2025-9-30,6:00,23,0.0
2025-9-30,6:00,24,0.0
2025-9-30,12:00,1,7915.9033
2025-9-30,12:00,2,5836.9339
2025-9-30,12:00,3,4630.2083
2025-9-30,12:00,4,3080.885
2025-9-30,12:00,5,1307.4201
2025-9-30,12:00,6,0.0
2025-9-30,12:00,7,0.0
2025-9-30,12:00,8,0.0
2025-9-30,12:00,9,0.0
2025-9-30,12:00,10,0.0
2025-9-30,12:00,11,0.0
2025-9-30,12:00,12,0.0
2025-9-30,12:00,13,0.0
2025-9-30,12:00,14,0.0
2025-9-30,12:00,15,0.0
2025-9-30,12:00,16,0.0
2025-9-30,12:00,17,0.0
2025-9-30,12:00,18,0.0
2025-9-30,12:00,19,1207.6814
2025-9-30,12:00,20,3178.5286
2025-9-30,12:00,21,5507.0335
2025-9-30,12:00,22,7744.2152
2025-9-30,12:00,23,9439.4625
2025-9-30,12:00,24,9623.682
2025-9-30,18:00,1,0.0
2025-9-30,18:00,2,0.0
2025-9-30,18:00,3,0.0
2025-9-30,18:00,4,0.0
2025-9-30,18:00,5,0.0
2025-9-30,18:00,6,0.0
2025-9-30,18:00,7,0.0
2025-9-30,18:00,8,0.0
2025-9-30,18:00,9,0.0
2025-9-30,18:00,10,0.0
2025-9-30,18:00,11,0.0
2025-9-30,18:00,12,0.0
2025-9-30,18:00,13,1726.6543
2025-9-30,18:00,14,3915.9867
2025-9-30,18:00,15,6280.8722
2025-9-30,18:00,16,8557.65
2025-9-30,18:00,17,8431.0987
2025-9-30,18:00,18,7920.9838
2025-9-30,18:00,19,9003.385
2025-9-30,18:00,20,7375.3774
2025-9-30,18:00,21,5458.0985
2025-9-30,18:00,22,4153.8375
2025-9-30,18:00,23,1674.2711
2025-9-30,18:00,24,0.0
2025-10-1,0:00,1,0.0
2025-10-1,0:00,2,0.0
2025-10-1,0:00,3,0.0
2025-10-1,0:00,4,0.0
2025-10-1,0:00,5,0.0
2025-10-1,0:00,6,0.0
2025-10-1,0:00,7,1588.5282
2025-10-1,0:00,8,3924.6127
2025-10-1,0:00,9,6487.05
2025-10-1,0:00,10,8016.1104
2025-10-1,0:00,11,8671.765
2025-10-1,0:00,12,8480.799
2025-10-1,0:00,13,7398.4308
2025-10-1,0:00,14,6467.0355
2025-10-1,0:00,15,5117.3049
2025-10-1,0:00,16,3580.547
2025-10-1,0:00,17,1486.9387
2025-10-1,0:00,18,0.0
2025-10-1,0:00,19,0.0
2025-10-1,0:00,20,0.0
2025-10-1,0:00,21,0.0
2025-10-1,0:00,22,0.0
2025-10-1,0:00,23,0.0
2025-10-1,0:00,24,0.0
2025-10-1,6:00,1,1607.1774
2025-10-1,6:00,2,3892.3427
2025-10-1,6:00,3,6350.5449
2025-10-1,6:00,4,8264.7755
2025-10-1,6:00,5,8642.7726
2025-10-1,6:00,6,8671.7552
2025-10-1,6:00,7,8415.5713
2025-10-1,6:00,8,6330.0861
2025-10-1,6:00,9,5095.7459
2025-10-1,6:00,10,3294.6501
2025-10-1,6:00,11,1335.9379
2025-10-1,6:00,12,0.0
2025-10-1,6:00,13,0.0
2025-10-1,6:00,14,0.0
2025-10-1,6:00,15,0.0
2025-10-1,6:00,16,0.0
2025-10-1,6:00,17,0.0
2025-10-1,6:00,18,0.0
2025-10-1,6:00,19,0.0
2025-10-1,6:00,20,0.0
2025-10-1,6:00,21,0.0
2025-10-1,6:00,22,0.0
2025-10-1,6:00,23,0.0
2025-10-1,6:00,24,0.0
2025-10-1,12:00,1,9012.8605
2025-10-1,12:00,2,6996.803
2025-10-1,12:00,3,5479.7848
2025-10-1,12:00,4,3696.4436
2025-10-1,12:00,5,1410.3327
2025-10-1,12:00,6,0.0
2025-10-1,12:00,7,0.0
2025-10-1,12:00,8,0.0
2025-10-1,12:00,9,0.0
2025-10-1,12:00,10,0.0
2025-10-1,12:00,11,0.0
2025-10-1,12:00,12,0.0
2025-10-1,12:00,13,0.0
2025-10-1,12:00,14,0.0
2025-10-1,12:00,15,0.0
2025-10-1,12:00,16,0.0
2025-10-1,12:00,17,0.0
2025-10-1,12:00,18,0.0
2025-10-1,12:00,19,1515.3598
2025-10-1,12:00,20,3455.8774
2025-10-1,12:00,21,6165.13
2025-10-1,12:00,22,8427.7074
2025-10-1,12:00,23,9439.4625
2025-10-1,12:00,24,9835.125
2025-10-1,18:00,1,0.0
2025-10-1,18:00,2,0.0
2025-10-1,18:00,3,0.0
2025-10-1,18:00,4,0.0
2025-10-1,18:00,5,0.0
2025-10-1,18:00,6,0.0
2025-10-1,18:00,7,0.0
2025-10-1,18:00,8,0.0
2025-10-1,18:00,9,0.0
2025-10-1,18:00,10,0.0
2025-10-1,18:00,11,0.0
2025-10-1,18:00,12,0.0
2025-10-1,18:00,13,1139.8996
2025-10-1,18:00,14,2907.0793
2025-10-1,18:00,15,5333.59
2025-10-1,18:00,16,7354.3221
2025-10-1,18:00,17,9439.4625
2025-10-1,18:00,18,9835.125
2025-10-1,18:00,19,9435.3
2025-10-1,18:00,20,8232.3375
2025-10-1,18:00,21,6115.875
2025-10-1,18:00,22,3962.1987
2025-10-1,18:00,23,1273.259
2025-10-1,18:00,24,0.0
2025-10-2,0:00,1,0.0
2025-10-2,0:00,2,0.0
2025-10-2,0:00,3,0.0
2025-10-2,0:00,4,0.0
2025-10-2,0:00,5,0.0
2025-10-2,0:00,6,0.0
2025-10-2,0:00,7,1521.2348
2025-10-2,0:00,8,3498.1983
2025-10-2,0:00,9,5180.1495
2025-10-2,0:00,10,6009.2417
2025-10-2,0:00,11,7376.14
2025-10-2,0:00,12,8248.7802
2025-10-2,0:00,13,7800.5015
2025-10-2,0:00,14,5899.3795
2025-10-2,0:00,15,4676.8762
2025-10-2,0:00,16,2804.2891
2025-10-2,0:00,17,1244.1803
2025-10-2,0:00,18,0.0
2025-10-2,0:00,19,0.0
2025-10-2,0:00,20,0.0
2025-10-2,0:00,21,0.0
2025-10-2,0:00,22,0.0
2025-10-2,0:00,23,0.0
2025-10-2,0:00,24,0.0
2025-10-2,6:00,1,1565.359
2025-10-2,6:00,2,3710.1067
2025-10-2,6:00,3,5650.052
2025-10-2,6:00,4,7421.3127
2025-10-2,6:00,5,8268.9794
2025-10-2,6:00,6,8532.2187
2025-10-2,6:00,7,7932.7644
2025-10-2,6:00,8,7200.065
2025-10-2,6:00,9,5606.3779
2025-10-2,6:00,10,3985.7709
2025-10-2,6:00,11,1638.2583
2025-10-2,6:00,12,0.0
2025-10-2,6:00,13,0.0
2025-10-2,6:00,14,0.0
2025-10-2,6:00,15,0.0
2025-10-2,6:00,16,0.0
2025-10-2,6:00,17,0.0
2025-10-2,6:00,18,0.0
2025-10-2,6:00,19,0.0
2025-10-2,6:00,20,0.0
2025-10-2,6:00,21,0.0
2025-10-2,6:00,22,0.0
2025-10-2,6:00,23,0.0
2025-10-2,6:00,24,0.0
2025-10-2,12:00,1,8860.6531
2025-10-2,12:00,2,7741.5945
2025-10-2,12:00,3,6053.8371
2025-10-2,12:00,4,4003.6125
2025-10-2,12:00,5,1734.6075
2025-10-2,12:00,6,0.0
2025-10-2,12:00,7,0.0
2025-10-2,12:00,8,0.0
2025-10-2,12:00,9,0.0
2025-10-2,12:00,10,0.0
2025-10-2,12:00,11,0.0
2025-10-2,12:00,12,0.0
2025-10-2,12:00,13,0.0
2025-10-2,12:00,14,0.0
2025-10-2,12:00,15,0.0
2025-10-2,12:00,16,0.0
2025-10-2,12:00,17,0.0
2025-10-2,12:00,18,0.0
2025-10-2,12:00,19,1730.0893
2025-10-2,12:00,20,3927.225
2025-10-2,12:00,21,6487.05
2025-10-2,12:00,22,8557.65
2025-10-2,12:00,23,8167.8121
2025-10-2,12:00,24,7634.7033
2025-10-2,18:00,1,0.0
2025-10-2,18:00,2,0.0
2025-10-2,18:00,3,0.0
2025-10-2,18:00,4,0.0
2025-10-2,18:00,5,0.0
2025-10-2,18:00,6,0.0
2025-10-2,18:00,7,0.0
2025-10-2,18:00,8,0.0
2025-10-2,18:00,9,0.0
2025-10-2,18:00,10,0.0
2025-10-2,18:00,11,0.0
2025-10-2,18:00,12,0.0
2025-10-2,18:00,13,1719.5928
2025-10-2,18:00,14,3927.225
2025-10-2,18:00,15,6335.3009
2025-10-2,18:00,16,8557.65
2025-10-2,18:00,17,8778.4042
2025-10-2,18:00,18,6744.2864
2025-10-2,18:00,19,7047.1401
2025-10-2,18:00,20,4600.9575
2025-10-2,18:00,21,2907.4171
2025-10-2,18:00,22,1802.7474
2025-10-2,18:00,23,1012.2888
2025-10-2,18:00,24,0.0
2025-10-3,0:00,1,0.0
2025-10-3,0:00,2,0.0
2025-10-3,0:00,3,0.0
2025-10-3,0:00,4,0.0
2025-10-3,0:00,5,0.0
2025-10-3,0:00,6,0.0
2025-10-3,0:00,7,1514.8282
2025-10-3,0:00,8,3927.225
2025-10-3,0:00,9,5930.9327
2025-10-3,0:00,10,7499.4223
2025-10-3,0:00,11,8376.4557
2025-10-3,0:00,12,8564.2642
2025-10-3,0:00,13,8446.1856
2025-10-3,0:00,14,7052.2085
2025-10-3,0:00,15,5808.4184
2025-10-3,0:00,16,4003.6125
2025-10-3,0:00,17,1661.7156
2025-10-3,0:00,18,0.0
2025-10-3,0:00,19,0.0
2025-10-3,0:00,20,0.0
2025-10-3,0:00,21,0.0
2025-10-3,0:00,22,0.0
2025-10-3,0:00,23,0.0
2025-10-3,0:00,24,0.0
2025-10-3,6:00,1,1470.4248
2025-10-3,6:00,2,3664.9882
2025-10-3,6:00,3,5605.1245
2025-10-3,6:00,4,7444.1091
2025-10-3,6:00,5,8916.3477
2025-10-3,6:00,6,9675.7294
2025-10-3,6:00,7,9435.3
2025-10-3,6:00,8,8225.6461
2025-10-3,6:00,9,6115.875
2025-10-3,6:00,10,4003.6125
2025-10-3,6:00,11,1571.2785
2025-10-3,6:00,12,0.0
2025-10-3,6:00,13,0.0
2025-10-3,6:00,14,0.0
2025-10-3,6:00,15,0.0
2025-10-3,6:00,16,0.0
2025-10-3,6:00,17,0.0
2025-10-3,6:00,18,0.0
2025-10-3,6:00,19,0.0
2025-10-3,6:00,20,0.0
2025-10-3,6:00,21,0.0
2025-10-3,6:00,22,0.0
2025-10-3,6:00,23,0.0
2025-10-3,6:00,24,0.0
2025-10-3,12:00,1,9310.1718
2025-10-3,12:00,2,7428.2281
2025-10-3,12:00,3,5764.0172
2025-10-3,12:00,4,3819.5727
2025-10-3,12:00,5,1490.8539
2025-10-3,12:00,6,0.0
2025-10-3,12:00,7,0.0
2025-10-3,12:00,8,0.0
2025-10-3,12:00,9,0.0
2025-10-3,12:00,10,0.0
2025-10-3,12:00,11,0.0
2025-10-3,12:00,12,0.0
2025-10-3,12:00,13,0.0
2025-10-3,12:00,14,0.0
2025-10-3,12:00,15,0.0
2025-10-3,12:00,16,0.0
2025-10-3,12:00,17,0.0
2025-10-3,12:00,18,0.0
2025-10-3,12:00,19,1075.5835
2025-10-3,12:00,20,2825.02
2025-10-3,12:00,21,4812.8736
2025-10-3,12:00,22,7094.2425
2025-10-3,12:00,23,7918.9719
2025-10-3,12:00,24,7984.0809
2025-10-3,18:00,1,0.0
2025-10-3,18:00,2,0.0
2025-10-3,18:00,3,0.0
2025-10-3,18:00,4,0.0
2025-10-3,18:00,5,0.0
2025-10-3,18:00,6,0.0
2025-10-3,18:00,7,0.0
2025-10-3,18:00,8,0.0
2025-10-3,18:00,9,0.0
2025-10-3,18:00,10,0.0
2025-10-3,18:00,11,0.0
2025-10-3,18:00,12,0.0
2025-10-3,18:00,13,1577.1865
2025-10-3,18:00,14,3705.0612
2025-10-3,18:00,15,5514.4994
2025-10-3,18:00,16,8225.7473
2025-10-3,18:00,17,9424.1856
2025-10-3,18:00,18,9835.125
2025-10-3,18:00,19,9435.3
2025-10-3,18:00,20,8232.3375
2025-10-3,18:00,21,5798.9808
2025-10-3,18:00,22,2938.6758
2025-10-3,18:00,23,1273.4156
2025-10-3,18:00,24,0.0
2025-10-4,0:00,1,0.0
2025-10-4,0:00,2,0.0
2025-10-4,0:00,3,0.0
2025-10-4,0:00,4,0.0
2025-10-4,0:00,5,0.0
2025-10-4,0:00,6,0.0
2025-10-4,0:00,7,1347.8221
2025-10-4,0:00,8,3033.3295
2025-10-4,0:00,9,4494.7168
2025-10-4,0:00,10,5837.8857
2025-10-4,0:00,11,6306.494
2025-10-4,0:00,12,7169.189
2025-10-4,0:00,13,6839.455
2025-10-4,0:00,14,5945.421
2025-10-4,0:00,15,4856.45
2025-10-4,0:00,16,3055.9905
2025-10-4,0:00,17,1264.6793
2025-10-4,0:00,18,0.0
2025-10-4,0:00,19,0.0
2025-10-4,0:00,20,0.0
2025-10-4,0:00,21,0.0
2025-10-4,0:00,22,0.0
2025-10-4,0:00,23,0.0
2025-10-4,0:00,24,0.0
2025-10-4,6:00,1,1423.5355
2025-10-4,6:00,2,3544.9587
2025-10-4,6:00,3,5427.458
2025-10-4,6:00,4,7224.3492
2025-10-4,6:00,5,8258.1098
2025-10-4,6:00,6,8840.4598
2025-10-4,6:00,7,7705.0158
2025-10-4,6:00,8,7154.4209
2025-10-4,6:00,9,5697.6439
2025-10-4,6:00,10,3290.9668
2025-10-4,6:00,11,1460.6008
2025-10-4,6:00,12,0.0
2025-10-4,6:00,13,0.0
2025-10-4,6:00,14,0.0
2025-10-4,6:00,15,0.0
2025-10-4,6:00,16,0.0
2025-10-4,6:00,17,0.0
2025-10-4,6:00,18,0.0
2025-10-4,6:00,19,0.0
2025-10-4,6:00,20,0.0
2025-10-4,6:00,21,0.0
2025-10-4,6:00,22,0.0
2025-10-4,6:00,23,0.0
2025-10-4,6:00,24,0.0
2025-10-4,12:00,1,8287.1429
2025-10-4,12:00,2,7241.2952
2025-10-4,12:00,3,5855.8599
2025-10-4,12:00,4,3407.9188
2025-10-4,12:00,5,1496.6313
2025-10-4,12:00,6,0.0
2025-10-4,12:00,7,0.0
2025-10-4,12:00,8,0.0
2025-10-4,12:00,9,0.0
2025-10-4,12:00,10,0.0
2025-10-4,12:00,11,0.0
2025-10-4,12:00,12,0.0
2025-10-4,12:00,13,0.0
2025-10-4,12:00,14,0.0
2025-10-4,12:00,15,0.0
2025-10-4,12:00,16,0.0
2025-10-4,12:00,17,0.0
2025-10-4,12:00,18,0.0
2025-10-4,12:00,19,1678.1625
2025-10-4,12:00,20,3733.0858
2025-10-4,12:00,21,4169.2022
2025-10-4,12:00,22,4529.3037
2025-10-4,12:00,23,5928.6407
2025-10-4,12:00,24,3038.2775
2025-10-4,18:00,1,0.0
2025-10-4,18:00,2,0.0
2025-10-4,18:00,3,0.0
2025-10-4,18:00,4,0.0
2025-10-4,18:00,5,0.0
2025-10-4,18:00,6,0.0
2025-10-4,18:00,7,0.0
2025-10-4,18:00,8,0.0
2025-10-4,18:00,9,0.0
2025-10-4,18:00,10,0.0
2025-10-4,18:00,11,0.0
2025-10-4,18:00,12,0.0
2025-10-4,18:00,13,1402.3526
2025-10-4,18:00,14,3537.1728
2025-10-4,18:00,15,6487.05
2025-10-4,18:00,16,7731.4578
2025-10-4,18:00,17,9439.4625
2025-10-4,18:00,18,9835.125
2025-10-4,18:00,19,9324.5255
2025-10-4,18:00,20,5957.9832
2025-10-4,18:00,21,5357.6371
2025-10-4,18:00,22,3076.8565
2025-10-4,18:00,23,957.1368
2025-10-4,18:00,24,0.0
2025-10-5,0:00,1,0.0
2025-10-5,0:00,2,0.0
2025-10-5,0:00,3,0.0
2025-10-5,0:00,4,0.0
2025-10-5,0:00,5,0.0
2025-10-5,0:00,6,0.0
2025-10-5,0:00,7,1330.5047
2025-10-5,0:00,8,3005.6088
2025-10-5,0:00,9,5280.8762
2025-10-5,0:00,10,5870.1901
2025-10-5,0:00,11,7032.0711
2025-10-5,0:00,12,7109.2914
2025-10-5,0:00,13,8088.9567
2025-10-5,0:00,14,6503.002
2025-10-5,0:00,15,5687.8731
2025-10-5,0:00,16,3657.107
2025-10-5,0:00,17,1374.6958
2025-10-5,0:00,18,0.0
2025-10-5,0:00,19,0.0
2025-10-5,0:00,20,0.0
2025-10-5,0:00,21,0.0
2025-10-5,0:00,22,0.0
2025-10-5,0:00,23,0.0
2025-10-5,0:00,24,0.0
2025-10-5,6:00,1,1507.1061
2025-10-5,6:00,2,3577.5327
2025-10-5,6:00,3,5828.1219
2025-10-5,6:00,4,6953.8629
2025-10-5,6:00,5,8850.2221
2025-10-5,6:00,6,9324.2545
2025-10-5,6:00,7,9053.2196
2025-10-5,6:00,8,7883.7422
2025-10-5,6:00,9,5776.9535
2025-10-5,6:00,10,3508.113
2025-10-5,6:00,11,1347.9809
2025-10-5,6:00,12,0.0
2025-10-5,6:00,13,0.0
2025-10-5,6:00,14,0.0
2025-10-5,6:00,15,0.0
2025-10-5,6:00,16,0.0
2025-10-5,6:00,17,0.0
2025-10-5,6:00,18,0.0
2025-10-5,6:00,19,0.0
2025-10-5,6:00,20,0.0
2025-10-5,6:00,21,0.0
2025-10-5,6:00,22,0.0
2025-10-5,6:00,23,0.0
2025-10-5,6:00,24,0.0
2025-10-5,12:00,1,8807.4886
2025-10-5,12:00,2,7365.7928
2025-10-5,12:00,3,5620.9531
2025-10-5,12:00,4,3588.4049
2025-10-5,12:00,5,1263.4729
2025-10-5,12:00,6,0.0
2025-10-5,12:00,7,0.0
2025-10-5,12:00,8,0.0
2025-10-5,12:00,9,0.0
2025-10-5,12:00,10,0.0
2025-10-5,12:00,11,0.0
2025-10-5,12:00,12,0.0
2025-10-5,12:00,13,0.0
2025-10-5,12:00,14,0.0
2025-10-5,12:00,15,0.0
2025-10-5,12:00,16,0.0
2025-10-5,12:00,17,0.0
2025-10-5,12:00,18,0.0
2025-10-5,12:00,19,1489.6994
2025-10-5,12:00,20,3248.4776
2025-10-5,12:00,21,5398.9172
2025-10-5,12:00,22,6438.469
2025-10-5,12:00,23,7552.8662
2025-10-5,12:00,24,6774.5448
2025-10-5,18:00,1,0.0
2025-10-5,18:00,2,0.0
2025-10-5,18:00,3,0.0
2025-10-5,18:00,4,0.0
2025-10-5,18:00,5,0.0
2025-10-5,18:00,6,0.0
2025-10-5,18:00,7,0.0
2025-10-5,18:00,8,0.0
2025-10-5,18:00,9,0.0
2025-10-5,18:00,10,0.0
2025-10-5,18:00,11,0.0
2025-10-5,18:00,12,0.0
2025-10-5,18:00,13,1531.0581
2025-10-5,18:00,14,3849.6891
2025-10-5,18:00,15,5215.9141
2025-10-5,18:00,16,6415.8776
2025-10-5,18:00,17,7690.107
2025-10-5,18:00,18,7977.717
2025-10-5,18:00,19,6644.4748
2025-10-5,18:00,20,5283.7294
2025-10-5,18:00,21,4870.7693
2025-10-5,18:00,22,2100.2684
2025-10-5,18:00,23,562.8878
2025-10-5,18:00,24,0.0
2025-10-6,0:00,1,0.0
2025-10-6,0:00,2,0.0
2025-10-6,0:00,3,0.0
2025-10-6,0:00,4,0.0
2025-10-6,0:00,5,0.0
2025-10-6,0:00,6,0.0
2025-10-6,0:00,7,1444.4839
2025-10-6,0:00,8,3819.7046
2025-10-6,0:00,9,6065.2025
2025-10-6,0:00,10,8557.65
2025-10-6,0:00,11,9439.4625
2025-10-6,0:00,12,9835.125
2025-10-6,0:00,13,8746.3454
2025-10-6,0:00,14,8232.3375
2025-10-6,0:00,15,5725.9671
2025-10-6,0:00,16,3284.4294
2025-10-6,0:00,17,1396.1576
2025-10-6,0:00,18,0.0
2025-10-6,0:00,19,0.0
2025-10-6,0:00,20,0.0
2025-10-6,0:00,21,0.0
2025-10-6,0:00,22,0.0
2025-10-6,0:00,23,0.0
2025-10-6,0:00,24,0.0
2025-10-6,6:00,1,1417.3108
2025-10-6,6:00,2,3576.9628
2025-10-6,6:00,3,5638.455
2025-10-6,6:00,4,7661.9507
2025-10-6,6:00,5,8568.068
2025-10-6,6:00,6,8846.1293
2025-10-6,6:00,7,8000.9358
2025-10-6,6:00,8,7027.2267
2025-10-6,6:00,9,5954.3485
2025-10-6,6:00,10,3429.8753
2025-10-6,6:00,11,1247.5177
2025-10-6,6:00,12,0.0
2025-10-6,6:00,13,0.0
2025-10-6,6:00,14,0.0
2025-10-6,6:00,15,0.0
2025-10-6,6:00,16,0.0
2025-10-6,6:00,17,0.0
2025-10-6,6:00,18,0.0
2025-10-6,6:00,19,0.0
2025-10-6,6:00,20,0.0
2025-10-6,6:00,21,0.0
2025-10-6,6:00,22,0.0
2025-10-6,6:00,23,0.0
2025-10-6,6:00,24,0.0
2025-10-6,12:00,1,8061.7793
2025-10-6,12:00,2,7235.5099
2025-10-6,12:00,3,5900.2183
2025-10-6,12:00,4,3598.3612
2025-10-6,12:00,5,1238.7503
2025-10-6,12:00,6,0.0
2025-10-6,12:00,7,0.0
2025-10-6,12:00,8,0.0
2025-10-6,12:00,9,0.0
2025-10-6,12:00,10,0.0
2025-10-6,12:00,11,0.0
2025-10-6,12:00,12,0.0
2025-10-6,12:00,13,0.0
2025-10-6,12:00,14,0.0
2025-10-6,12:00,15,0.0
2025-10-6,12:00,16,0.0
2025-10-6,12:00,17,0.0
2025-10-6,12:00,18,0.0
2025-10-6,12:00,19,1439.2744
2025-10-6,12:00,20,3799.9983
2025-10-6,12:00,21,4467.4313
2025-10-6,12:00,22,7086.5172
2025-10-6,12:00,23,7619.1341
2025-10-6,12:00,24,7543.122
2025-10-6,18:00,1,0.0
2025-10-6,18:00,2,0.0
2025-10-6,18:00,3,0.0
2025-10-6,18:00,4,0.0
2025-10-6,18:00,5,0.0
2025-10-6,18:00,6,0.0
2025-10-6,18:00,7,0.0
2025-10-6,18:00,8,0.0
2025-10-6,18:00,9,0.0
2025-10-6,18:00,10,0.0
2025-10-6,18:00,11,0.0
2025-10-6,18:00,12,0.0
2025-10-6,18:00,13,1610.9682
2025-10-6,18:00,14,3910.65
2025-10-6,18:00,15,6487.05
2025-10-6,18:00,16,8557.65
2025-10-6,18:00,17,9439.4625
2025-10-6,18:00,18,9597.7168
2025-10-6,18:00,19,8970.7186
2025-10-6,18:00,20,6553.3433
2025-10-6,18:00,21,5616.0459
2025-10-6,18:00,22,3415.066
2025-10-6,18:00,23,1465.1818
2025-10-6,18:00,24,0.0
2025-10-7,0:00,1,0.0
2025-10-7,0:00,2,0.0
2025-10-7,0:00,3,0.0
2025-10-7,0:00,4,0.0
2025-10-7,0:00,5,0.0
2025-10-7,0:00,6,0.0
2025-10-7,0:00,7,1386.0418
2025-10-7,0:00,8,3540.5621
2025-10-7,0:00,9,5470.9809
2025-10-7,0:00,10,7159.2135
2025-10-7,0:00,11,7905.9207
2025-10-7,0:00,12,8480.2046
2025-10-7,0:00,13,8237.3607
2025-10-7,0:00,14,7423.6265
2025-10-7,0:00,15,6115.875
2025-10-7,0:00,16,4003.6125
2025-10-7,0:00,17,1534.8386
2025-10-7,0:00,18,0.0
2025-10-7,0:00,19,0.0
2025-10-7,0:00,20,0.0
2025-10-7,0:00,21,0.0
2025-10-7,0:00,22,0.0
2025-10-7,0:00,23,0.0
2025-10-7,0:00,24,0.0
2025-10-7,6:00,1,1301.7842
2025-10-7,6:00,2,3399.3441
2025-10-7,6:00,3,5115.8784
2025-10-7,6:00,4,7016.0566
2025-10-7,6:00,5,7818.8446
2025-10-7,6:00,6,8558.0134
2025-10-7,6:00,7,8447.8759
2025-10-7,6:00,8,7389.2178
2025-10-7,6:00,9,6115.875
2025-10-7,6:00,10,3776.9623
2025-10-7,6:00,11,1491.3079
2025-10-7,6:00,12,0.0
2025-10-7,6:00,13,0.0
2025-10-7,6:00,14,0.0
2025-10-7,6:00,15,0.0
2025-10-7,6:00,16,0.0
2025-10-7,6:00,17,0.0
2025-10-7,6:00,18,0.0
2025-10-7,6:00,19,0.0
2025-10-7,6:00,20,0.0
2025-10-7,6:00,21,0.0
2025-10-7,6:00,22,0.0
2025-10-7,6:00,23,0.0
2025-10-7,6:00,24,0.0
2025-10-7,12:00,1,8148.7766
2025-10-7,12:00,2,7180.6794
2025-10-7,12:00,3,5495.1095
2025-10-7,12:00,4,3407.121
2025-10-7,12:00,5,1367.7681
2025-10-7,12:00,6,0.0
2025-10-7,12:00,7,0.0
2025-10-7,12:00,8,0.0
2025-10-7,12:00,9,0.0
2025-10-7,12:00,10,0.0
2025-10-7,12:00,11,0.0
2025-10-7,12:00,12,0.0
2025-10-7,12:00,13,0.0
2025-10-7,12:00,14,0.0
2025-10-7,12:00,15,0.0
2025-10-7,12:00,16,0.0
2025-10-7,12:00,17,0.0
2025-10-7,12:00,18,0.0
2025-10-7,12:00,19,1371.1406
2025-10-7,12:00,20,3759.7604
2025-10-7,12:00,21,5911.5113
2025-10-7,12:00,22,6147.8589
2025-10-7,12:00,23,5958.2959
2025-10-7,12:00,24,5573.7662
2025-10-7,18:00,1,0.0
2025-10-7,18:00,2,0.0
2025-10-7,18:00,3,0.0
2025-10-7,18:00,4,0.0
2025-10-7,18:00,5,0.0
2025-10-7,18:00,6,0.0
2025-10-7,18:00,7,0.0
2025-10-7,18:00,8,0.0
2025-10-7,18:00,9,0.0
2025-10-7,18:00,10,0.0
2025-10-7,18:00,11,0.0
2025-10-7,18:00,12,0.0
2025-10-7,18:00,13,1016.8749
2025-10-7,18:00,14,3184.8454
2025-10-7,18:00,15,5031.3813
2025-10-7,18:00,16,7547.2048
2025-10-7,18:00,17,7930.2809
2025-10-7,18:00,18,9245.7181
2025-10-7,18:00,19,8772.8178
2025-10-7,18:00,20,8115.3233
2025-10-7,18:00,21,6115.875
2025-10-7,18:00,22,3855.7868
2025-10-7,18:00,23,1342.3109
2025-10-7,18:00,24,0.0
2025-10-8,0:00,1,0.0
2025-10-8,0:00,2,0.0
2025-10-8,0:00,3,0.0
2025-10-8,0:00,4,0.0
2025-10-8,0:00,5,0.0
2025-10-8,0:00,6,0.0
2025-10-8,0:00,7,1213.5798
2025-10-8,0:00,8,3704.1323
2025-10-8,0:00,9,5780.9438
2025-10-8,0:00,10,8557.65
2025-10-8,0:00,11,8540.289
2025-10-8,0:00,12,8209.9701
2025-10-8,0:00,13,8198.4697
2025-10-8,0:00,14,7978.5374
2025-10-8,0:00,15,5861.3097
2025-10-8,0:00,16,3583.7621
2025-10-8,0:00,17,1479.5769
2025-10-8,0:00,18,0.0
2025-10-8,0:00,19,0.0
2025-10-8,0:00,20,0.0
2025-10-8,0:00,21,0.0
2025-10-8,0:00,22,0.0
2025-10-8,0:00,23,0.0
2025-10-8,0:00,24,0.0
2025-10-8,6:00,1,1198.5802
2025-10-8,6:00,2,3522.0531
2025-10-8,6:00,3,5667.1667
2025-10-8,6:00,4,7767.1411
2025-10-8,6:00,5,8420.1472
2025-10-8,6:00,6,8487.676
2025-10-8,6:00,7,8660.0745
2025-10-8,6:00,8,7969.4123
2025-10-8,6:00,9,6115.875
2025-10-8,6:00,10,3700.4278
2025-10-8,6:00,11,1474.5262
2025-10-8,6:00,12,0.0
2025-10-8,6:00,13,0.0
2025-10-8,6:00,14,0.0
2025-10-8,6:00,15,0.0
2025-10-8,6:00,16,0.0
2025-10-8,6:00,17,0.0
2025-10-8,6:00,18,0.0
2025-10-8,6:00,19,0.0
2025-10-8,6:00,20,0.0
2025-10-8,6:00,21,0.0
2025-10-8,6:00,22,0.0
2025-10-8,6:00,23,0.0
2025-10-8,6:00,24,0.0
2025-10-8,12:00,1,8170.4345
2025-10-8,12:00,2,7864.8514
2025-10-8,12:00,3,6115.875
2025-10-8,12:00,4,3492.5055
2025-10-8,12:00,5,1502.6349
2025-10-8,12:00,6,0.0
2025-10-8,12:00,7,0.0
2025-10-8,12:00,8,0.0
2025-10-8,12:00,9,0.0
2025-10-8,12:00,10,0.0
2025-10-8,12:00,11,0.0
2025-10-8,12:00,12,0.0
2025-10-8,12:00,13,0.0
2025-10-8,12:00,14,0.0
2025-10-8,12:00,15,0.0
2025-10-8,12:00,16,0.0
2025-10-8,12:00,17,0.0
2025-10-8,12:00,18,0.0
2025-10-8,12:00,19,1405.884
2025-10-8,12:00,20,3910.65
2025-10-8,12:00,21,6487.05
2025-10-8,12:00,22,8557.65
2025-10-8,12:00,23,8789.9165
2025-10-8,12:00,24,9835.125
2025-10-8,18:00,1,0.0
2025-10-8,18:00,2,0.0
2025-10-8,18:00,3,0.0
2025-10-8,18:00,4,0.0
2025-10-8,18:00,5,0.0
2025-10-8,18:00,6,0.0
2025-10-8,18:00,7,0.0
2025-10-8,18:00,8,0.0
2025-10-8,18:00,9,0.0
2025-10-8,18:00,10,0.0
2025-10-8,18:00,11,0.0
2025-10-8,18:00,12,0.0
2025-10-8,18:00,13,1179.2659
2025-10-8,18:00,14,2857.9423
2025-10-8,18:00,15,4737.9313
2025-10-8,18:00,16,5397.9462
2025-10-8,18:00,17,5110.5564
2025-10-8,18:00,18,7184.785
2025-10-8,18:00,19,8343.5255
2025-10-8,18:00,20,8140.3957
2025-10-8,18:00,21,6115.875
2025-10-8,18:00,22,4003.6125
2025-10-8,18:00,23,1642.3875
2025-10-8,18:00,24,0.0
2025-10-9,0:00,1,0.0
2025-10-9,0:00,2,0.0
2025-10-9,0:00,3,0.0
2025-10-9,0:00,4,0.0
2025-10-9,0:00,5,0.0
2025-10-9,0:00,6,0.0
2025-10-9,0:00,7,1133.8522
2025-10-9,0:00,8,2930.453
2025-10-9,0:00,9,5189.1913
2025-10-9,0:00,10,6829.8046
2025-10-9,0:00,11,7066.8126
2025-10-9,0:00,12,7754.1914
2025-10-9,0:00,13,7717.9193
2025-10-9,0:00,14,6188.5285
2025-10-9,0:00,15,4610.8042
2025-10-9,0:00,16,2570.3083
2025-10-9,0:00,17,1150.7585
2025-10-9,0:00,18,0.0
2025-10-9,0:00,19,0.0
2025-10-9,0:00,20,0.0
2025-10-9,0:00,21,0.0
2025-10-9,0:00,22,0.0
2025-10-9,0:00,23,0.0
2025-10-9,0:00,24,0.0
2025-10-9,6:00,1,1176.413
2025-10-9,6:00,2,3300.3909
2025-10-9,6:00,3,6058.2565
2025-10-9,6:00,4,7811.6425
2025-10-9,6:00,5,8147.1155
2025-10-9,6:00,6,9434.8261
2025-10-9,6:00,7,9207.1618
2025-10-9,6:00,8,8134.0979
2025-10-9,6:00,9,5898.2831
2025-10-9,6:00,10,3670.8256
2025-10-9,6:00,11,1416.7589
2025-10-9,6:00,12,0.0
2025-10-9,6:00,13,0.0
2025-10-9,6:00,14,0.0
2025-10-9,6:00,15,0.0
2025-10-9,6:00,16,0.0
2025-10-9,6:00,17,0.0
2025-10-9,6:00,18,0.0
2025-10-9,6:00,19,0.0
2025-10-9,6:00,20,0.0
2025-10-9,6:00,21,0.0
2025-10-9,6:00,22,0.0
2025-10-9,6:00,23,0.0
2025-10-9,6:00,24,0.0
2025-10-9,12:00,1,8864.3818
2025-10-9,12:00,2,8040.1565
2025-10-9,12:00,3,5681.7704
2025-10-9,12:00,4,3521.0959
2025-10-9,12:00,5,1382.4241
2025-10-9,12:00,6,0.0
2025-10-9,12:00,7,0.0
2025-10-9,12:00,8,0.0
2025-10-9,12:00,9,0.0
2025-10-9,12:00,10,0.0
2025-10-9,12:00,11,0.0
2025-10-9,12:00,12,0.0
2025-10-9,12:00,13,0.0
2025-10-9,12:00,14,0.0
2025-10-9,12:00,15,0.0
2025-10-9,12:00,16,0.0
2025-10-9,12:00,17,0.0
2025-10-9,12:00,18,0.0
2025-10-9,12:00,19,1147.6327
2025-10-9,12:00,20,3664.4014
2025-10-9,12:00,21,5670.396
2025-10-9,12:00,22,8557.65
2025-10-9,12:00,23,9439.4625
2025-10-9,12:00,24,9835.125
2025-10-9,18:00,1,0.0
2025-10-9,18:00,2,0.0
2025-10-9,18:00,3,0.0
2025-10-9,18:00,4,0.0
2025-10-9,18:00,5,0.0
2025-10-9,18:00,6,0.0
2025-10-9,18:00,7,0.0
2025-10-9,18:00,8,0.0
2025-10-9,18:00,9,0.0
2025-10-9,18:00,10,0.0
2025-10-9,18:00,11,0.0
2025-10-9,18:00,12,0.0
2025-10-9,18:00,13,1181.5885
2025-10-9,18:00,14,3346.0537
2025-10-9,18:00,15,5105.3771
2025-10-9,18:00,16,7301.7812
2025-10-9,18:00,17,8596.0289
2025-10-9,18:00,18,9835.125
2025-10-9,18:00,19,9435.3
2025-10-9,18:00,20,8232.3375
2025-10-9,18:00,21,5687.0812
2025-10-9,18:00,22,3248.2723
2025-10-9,18:00,23,1027.0523
2025-10-9,18:00,24,0.0
2025-10-10,0:00,1,0.0
2025-10-10,0:00,2,0.0
2025-10-10,0:00,3,0.0
2025-10-10,0:00,4,0.0
2025-10-10,0:00,5,0.0
2025-10-10,0:00,6,0.0
2025-10-10,0:00,7,1080.2656
2025-10-10,0:00,8,3320.7695
2025-10-10,0:00,9,4858.2114
2025-10-10,0:00,10,6323.4672
2025-10-10,0:00,11,8472.4771
2025-10-10,0:00,12,8206.9369
2025-10-10,0:00,13,7413.9406
2025-10-10,0:00,14,6838.6358
2025-10-10,0:00,15,5052.4158
2025-10-10,0:00,16,2651.8736
2025-10-10,0:00,17,1155.4566
2025-10-10,0:00,18,0.0
2025-10-10,0:00,19,0.0
2025-10-10,0:00,20,0.0
2025-10-10,0:00,21,0.0
2025-10-10,0:00,22,0.0
2025-10-10,0:00,23,0.0
2025-10-10,0:00,24,0.0
2025-10-10,6:00,1,1196.5788
2025-10-10,6:00,2,3601.6065
2025-10-10,6:00,3,5632.9554
2025-10-10,6:00,4,7182.6954
2025-10-10,6:00,5,8219.6061
2025-10-10,6:00,6,8509.891
2025-10-10,6:00,7,8729.7378
2025-10-10,6:00,8,7373.4364
2025-10-10,6:00,9,4969.6971
2025-10-10,6:00,10,3067.6851
2025-10-10,6:00,11,1105.1855
2025-10-10,6:00,12,0.0
2025-10-10,6:00,13,0.0
2025-10-10,6:00,14,0.0
2025-10-10,6:00,15,0.0
2025-10-10,6:00,16,0.0
2025-10-10,6:00,17,0.0
2025-10-10,6:00,18,0.0
2025-10-10,6:00,19,0.0
2025-10-10,6:00,20,0.0
2025-10-10,6:00,21,0.0
2025-10-10,6:00,22,0.0
2025-10-10,6:00,23,0.0
2025-10-10,6:00,24,0.0
2025-10-10,12:00,1,9435.3
2025-10-10,12:00,2,8229.8266
2025-10-10,12:00,3,5865.1384
2025-10-10,12:00,4,3441.651
2025-10-10,12:00,5,1273.902
2025-10-10,12:00,6,0.0
2025-10-10,12:00,7,0.0
2025-10-10,12:00,8,0.0
2025-10-10,12:00,9,0.0
2025-10-10,12:00,10,0.0
2025-10-10,12:00,11,0.0
2025-10-10,12:00,12,0.0
2025-10-10,12:00,13,0.0
2025-10-10,12:00,14,0.0
2025-10-10,12:00,15,0.0
2025-10-10,12:00,16,0.0
2025-10-10,12:00,17,0.0
2025-10-10,12:00,18,0.0
2025-10-10,12:00,19,1116.8808
2025-10-10,12:00,20,3796.7497
2025-10-10,12:00,21,6303.1436
2025-10-10,12:00,22,7046.9334
2025-10-10,12:00,23,9336.2357
2025-10-10,12:00,24,9835.125
2025-10-10,18:00,1,0.0
2025-10-10,18:00,2,0.0
2025-10-10,18:00,3,0.0
2025-10-10,18:00,4,0.0
2025-10-10,18:00,5,0.0
2025-10-10,18:00,6,0.0
2025-10-10,18:00,7,0.0
2025-10-10,18:00,8,0.0
2025-10-10,18:00,9,0.0
2025-10-10,18:00,10,0.0
2025-10-10,18:00,11,0.0
2025-10-10,18:00,12,0.0
2025-10-10,18:00,13,1075.7107
2025-10-10,18:00,14,3312.9435
2025-10-10,18:00,15,5564.2821
2025-10-10,18:00,16,7136.1644
2025-10-10,18:00,17,8346.6503
2025-10-10,18:00,18,7527.5666
2025-10-10,18:00,19,8036.5956
2025-10-10,18:00,20,5556.9159
2025-10-10,18:00,21,4844.2493
2025-10-10,18:00,22,2690.4899
2025-10-10,18:00,23,1185.7858
2025-10-10,18:00,24,0.0
2025-10-11,0:00,1,0.0
2025-10-11,0:00,2,0.0
2025-10-11,0:00,3,0.0
2025-10-11,0:00,4,0.0
2025-10-11,0:00,5,0.0
2025-10-11,0:00,6,0.0
2025-10-11,0:00,7,1033.023
2025-10-11,0:00,8,3046.8155
2025-10-11,0:00,9,4434.2384
2025-10-11,0:00,10,6265.436
2025-10-11,0:00,11,6860.842
2025-10-11,0:00,12,7752.7478
2025-10-11,0:00,13,7657.5989
2025-10-11,0:00,14,7588.5636
2025-10-11,0:00,15,5162.0064
2025-10-11,0:00,16,3158.8577
2025-10-11,0:00,17,1141.5444
2025-10-11,0:00,18,0.0
2025-10-11,0:00,19,0.0
2025-10-11,0:00,20,0.0
2025-10-11,0:00,21,0.0
2025-10-11,0:00,22,0.0
2025-10-11,0:00,23,0.0
2025-10-11,0:00,24,0.0
2025-10-11,6:00,1,1056.0922
2025-10-11,6:00,2,3195.1294
2025-10-11,6:00,3,4923.3274
2025-10-11,6:00,4,6629.5893
2025-10-11,6:00,5,8046.8016
2025-10-11,6:00,6,8344.5025
2025-10-11,6:00,7,8764.5768
2025-10-11,6:00,8,7326.327
2025-10-11,6:00,9,5352.1759
2025-10-11,6:00,10,2876.6824
2025-10-11,6:00,11,1014.0925
2025-10-11,6:00,12,0.0
2025-10-11,6:00,13,0.0
2025-10-11,6:00,14,0.0
2025-10-11,6:00,15,0.0
2025-10-11,6:00,16,0.0
2025-10-11,6:00,17,0.0
2025-10-11,6:00,18,0.0
2025-10-11,6:00,19,0.0
2025-10-11,6:00,20,0.0
2025-10-11,6:00,21,0.0
2025-10-11,6:00,22,0.0
2025-10-11,6:00,23,0.0
2025-10-11,6:00,24,0.0
2025-10-11,12:00,1,8613.4657
2025-10-11,12:00,2,7298.9988
2025-10-11,12:00,3,5322.6902
2025-10-11,12:00,4,3426.6544
2025-10-11,12:00,5,1156.8158
2025-10-11,12:00,6,0.0
2025-10-11,12:00,7,0.0
2025-10-11,12:00,8,0.0
2025-10-11,12:00,9,0.0
2025-10-11,12:00,10,0.0
2025-10-11,12:00,11,0.0
2025-10-11,12:00,12,0.0
2025-10-11,12:00,13,0.0
2025-10-11,12:00,14,0.0
2025-10-11,12:00,15,0.0
2025-10-11,12:00,16,0.0
2025-10-11,12:00,17,0.0
2025-10-11,12:00,18,0.0
2025-10-11,12:00,19,1395.6014
2025-10-11,12:00,20,3718.4233
2025-10-11,12:00,21,6487.05
2025-10-11,12:00,22,6960.2628
2025-10-11,12:00,23,5688.7849
2025-10-11,12:00,24,5829.4776
2025-10-11,18:00,1,0.0
2025-10-11,18:00,2,0.0
2025-10-11,18:00,3,0.0
2025-10-11,18:00,4,0.0
2025-10-11,18:00,5,0.0
2025-10-11,18:00,6,0.0
2025-10-11,18:00,7,0.0
2025-10-11,18:00,8,0.0
2025-10-11,18:00,9,0.0
2025-10-11,18:00,10,0.0
2025-10-11,18:00,11,0.0
2025-10-11,18:00,12,0.0
2025-10-11,18:00,13,1222.4242
2025-10-11,18:00,14,3887.074
2025-10-11,18:00,15,6081.034
2025-10-11,18:00,16,8162.1339
2025-10-11,18:00,17,8730.7139
2025-10-11,18:00,18,9835.125
2025-10-11,18:00,19,8938.8125
2025-10-11,18:00,20,8120.3661
2025-10-11,18:00,21,6115.875
2025-10-11,18:00,22,3979.2235
2025-10-11,18:00,23,1065.8658
2025-10-11,18:00,24,0.0
2025-10-12,0:00,1,0.0
2025-10-12,0:00,2,0.0
2025-10-12,0:00,3,0.0
2025-10-12,0:00,4,0.0
2025-10-12,0:00,5,0.0
2025-10-12,0:00,6,0.0
2025-10-12,0:00,7,1041.9505
2025-10-12,0:00,8,3024.2858
2025-10-12,0:00,9,5295.0566
2025-10-12,0:00,10,7464.2645
2025-10-12,0:00,11,7926.2139
2025-10-12,0:00,12,8205.2319
2025-10-12,0:00,13,7660.7
2025-10-12,0:00,14,7287.0951
2025-10-12,0:00,15,6115.3639
2025-10-12,0:00,16,4003.6125
2025-10-12,0:00,17,1485.1844
2025-10-12,0:00,18,0.0
2025-10-12,0:00,19,0.0
2025-10-12,0:00,20,0.0
2025-10-12,0:00,21,0.0
2025-10-12,0:00,22,0.0
2025-10-12,0:00,23,0.0
2025-10-12,0:00,24,0.0
2025-10-12,6:00,1,1182.1069
2025-10-12,6:00,2,3434.3798
2025-10-12,6:00,3,5840.4354
2025-10-12,6:00,4,7294.2226
2025-10-12,6:00,5,7687.0789
2025-10-12,6:00,6,7700.445
2025-10-12,6:00,7,7047.8479
2025-10-12,6:00,8,6921.1539
2025-10-12,6:00,9,6115.875
2025-10-12,6:00,10,3762.5846
2025-10-12,6:00,11,1334.8604
2025-10-12,6:00,12,0.0
2025-10-12,6:00,13,0.0
2025-10-12,6:00,14,0.0
2025-10-12,6:00,15,0.0
2025-10-12,6:00,16,0.0
2025-10-12,6:00,17,0.0
2025-10-12,6:00,18,0.0
2025-10-12,6:00,19,0.0
2025-10-12,6:00,20,0.0
2025-10-12,6:00,21,0.0
2025-10-12,6:00,22,0.0
2025-10-12,6:00,23,0.0
2025-10-12,6:00,24,0.0
2025-10-12,12:00,1,7803.7432
2025-10-12,12:00,2,7107.3623
2025-10-12,12:00,3,6082.7812
2025-10-12,12:00,4,3986.784
2025-10-12,12:00,5,1346.9171
2025-10-12,12:00,6,0.0
2025-10-12,12:00,7,0.0
2025-10-12,12:00,8,0.0
2025-10-12,12:00,9,0.0
2025-10-12,12:00,10,0.0
2025-10-12,12:00,11,0.0
2025-10-12,12:00,12,0.0
2025-10-12,12:00,13,0.0
2025-10-12,12:00,14,0.0
2025-10-12,12:00,15,0.0
2025-10-12,12:00,16,0.0
2025-10-12,12:00,17,0.0
2025-10-12,12:00,18,0.0
2025-10-12,12:00,19,1306.7161
2025-10-12,12:00,20,3715.1734
2025-10-12,12:00,21,5564.5624
2025-10-12,12:00,22,8557.65
2025-10-12,12:00,23,9439.4625
2025-10-12,12:00,24,9835.125
2025-10-12,18:00,1,0.0
2025-10-12,18:00,2,0.0
2025-10-12,18:00,3,0.0
2025-10-12,18:00,4,0.0
2025-10-12,18:00,5,0.0
2025-10-12,18:00,6,0.0
2025-10-12,18:00,7,0.0
2025-10-12,18:00,8,0.0
2025-10-12,18:00,9,0.0
2025-10-12,18:00,10,0.0
2025-10-12,18:00,11,0.0
2025-10-12,18:00,12,0.0
2025-10-12,18:00,13,1370.2633
2025-10-12,18:00,14,3396.0767
2025-10-12,18:00,15,5263.9897
2025-10-12,18:00,16,6598.3732
2025-10-12,18:00,17,7343.0077
2025-10-12,18:00,18,7348.4211
2025-10-12,18:00,19,6646.8699
2025-10-12,18:00,20,6095.4781
2025-10-12,18:00,21,5607.1497
2025-10-12,18:00,22,3799.6027
2025-10-12,18:00,23,1419.8159
2025-10-12,18:00,24,0.0
2025-10-13,0:00,1,0.0
2025-10-13,0:00,2,0.0
2025-10-13,0:00,3,0.0
2025-10-13,0:00,4,0.0
2025-10-13,0:00,5,0.0
2025-10-13,0:00,6,0.0
2025-10-13,0:00,7,1385.9764
2025-10-13,0:00,8,3910.65
2025-10-13,0:00,9,5633.7664
2025-10-13,0:00,10,7494.4191
2025-10-13,0:00,11,8091.1684
2025-10-13,0:00,12,8519.2458
2025-10-13,0:00,13,6725.426
2025-10-13,0:00,14,7042.5228
2025-10-13,0:00,15,4888.8126
2025-10-13,0:00,16,2747.7495
2025-10-13,0:00,17,1067.4028
2025-10-13,0:00,18,0.0
2025-10-13,0:00,19,0.0
2025-10-13,0:00,20,0.0
2025-10-13,0:00,21,0.0
2025-10-13,0:00,22,0.0
2025-10-13,0:00,23,0.0
2025-10-13,0:00,24,0.0
2025-10-13,6:00,1,1280.7963
2025-10-13,6:00,2,3425.3682
2025-10-13,6:00,3,5398.6747
2025-10-13,6:00,4,7179.4018
2025-10-13,6:00,5,8728.4483
2025-10-13,6:00,6,9121.1092
2025-10-13,6:00,7,8482.5892
2025-10-13,6:00,8,7723.4926
2025-10-13,6:00,9,6020.4251
2025-10-13,6:00,10,3714.7879
2025-10-13,6:00,11,1260.8247
2025-10-13,6:00,12,0.0
2025-10-13,6:00,13,0.0
2025-10-13,6:00,14,0.0
2025-10-13,6:00,15,0.0
2025-10-13,6:00,16,0.0
2025-10-13,6:00,17,0.0
2025-10-13,6:00,18,0.0
2025-10-13,6:00,19,0.0
2025-10-13,6:00,20,0.0
2025-10-13,6:00,21,0.0
2025-10-13,6:00,22,0.0
2025-10-13,6:00,23,0.0
2025-10-13,6:00,24,0.0
2025-10-13,12:00,1,8364.8919
2025-10-13,12:00,2,7720.445
2025-10-13,12:00,3,6006.7086
2025-10-13,12:00,4,3514.23
2025-10-13,12:00,5,1248.734
2025-10-13,12:00,6,0.0
2025-10-13,12:00,7,0.0
2025-10-13,12:00,8,0.0
2025-10-13,12:00,9,0.0
2025-10-13,12:00,10,0.0
2025-10-13,12:00,11,0.0
2025-10-13,12:00,12,0.0
2025-10-13,12:00,13,0.0
2025-10-13,12:00,14,0.0
2025-10-13,12:00,15,0.0
2025-10-13,12:00,16,0.0
2025-10-13,12:00,17,0.0
2025-10-13,12:00,18,0.0
2025-10-13,12:00,19,1401.046
2025-10-13,12:00,20,3409.0229
2025-10-13,12:00,21,6317.5687
2025-10-13,12:00,22,7921.3225
2025-10-13,12:00,23,8990.8407
2025-10-13,12:00,24,9835.125
2025-10-13,18:00,1,0.0
2025-10-13,18:00,2,0.0
2025-10-13,18:00,3,0.0
2025-10-13,18:00,4,0.0
2025-10-13,18:00,5,0.0
2025-10-13,18:00,6,0.0
2025-10-13,18:00,7,0.0
2025-10-13,18:00,8,0.0
2025-10-13,18:00,9,0.0
2025-10-13,18:00,10,0.0
2025-10-13,18:00,11,0.0
2025-10-13,18:00,12,0.0
2025-10-13,18:00,13,992.126
2025-10-13,18:00,14,2483.6989
2025-10-13,18:00,15,4654.5481
2025-10-13,18:00,16,7009.1094
2025-10-13,18:00,17,7911.4034
2025-10-13,18:00,18,7888.2294
2025-10-13,18:00,19,6766.3681
2025-10-13,18:00,20,6022.0735
2025-10-13,18:00,21,4781.0273
2025-10-13,18:00,22,2774.703
2025-10-13,18:00,23,989.2126
2025-10-13,18:00,24,0.0
2025-10-14,0:00,1,0.0
2025-10-14,0:00,2,0.0
2025-10-14,0:00,3,0.0
2025-10-14,0:00,4,0.0
2025-10-14,0:00,5,0.0
2025-10-14,0:00,6,0.0
2025-10-14,0:00,7,1178.6446
2025-10-14,0:00,8,3219.6759
2025-10-14,0:00,9,5671.4198
2025-10-14,0:00,10,7321.005
2025-10-14,0:00,11,7817.9027
2025-10-14,0:00,12,8447.2683
2025-10-14,0:00,13,7202.6479
2025-10-14,0:00,14,5326.6818
2025-10-14,0:00,15,4829.2305
2025-10-14,0:00,16,2651.7591
2025-10-14,0:00,17,940.4056
2025-10-14,0:00,18,0.0
2025-10-14,0:00,19,0.0
2025-10-14,0:00,20,0.0
2025-10-14,0:00,21,0.0
2025-10-14,0:00,22,0.0
2025-10-14,0:00,23,0.0
2025-10-14,0:00,24,0.0
2025-10-14,6:00,1,1115.8791
2025-10-14,6:00,2,2878.9413
2025-10-14,6:00,3,5203.0586
2025-10-14,6:00,4,7559.8394
2025-10-14,6:00,5,8629.4439
2025-10-14,6:00,6,9541.7851
2025-10-14,6:00,7,9270.2507
2025-10-14,6:00,8,8232.3375
2025-10-14,6:00,9,5730.7509
2025-10-14,6:00,10,3061.8205
2025-10-14,6:00,11,963.0594
2025-10-14,6:00,12,0.0
2025-10-14,6:00,13,0.0
2025-10-14,6:00,14,0.0
2025-10-14,6:00,15,0.0
2025-10-14,6:00,16,0.0
2025-10-14,6:00,17,0.0
2025-10-14,6:00,18,0.0
2025-10-14,6:00,19,0.0
2025-10-14,6:00,20,0.0
2025-10-14,6:00,21,0.0
2025-10-14,6:00,22,0.0
2025-10-14,6:00,23,0.0
2025-10-14,6:00,24,0.0
2025-10-14,12:00,1,7946.0443
2025-10-14,12:00,2,6949.5323
2025-10-14,12:00,3,5550.7387
2025-10-14,12:00,4,3135.3808
2025-10-14,12:00,5,1084.5209
2025-10-14,12:00,6,0.0
2025-10-14,12:00,7,0.0
2025-10-14,12:00,8,0.0
2025-10-14,12:00,9,0.0
2025-10-14,12:00,10,0.0
2025-10-14,12:00,11,0.0
2025-10-14,12:00,12,0.0
2025-10-14,12:00,13,0.0
2025-10-14,12:00,14,0.0
2025-10-14,12:00,15,0.0
2025-10-14,12:00,16,0.0
2025-10-14,12:00,17,0.0
2025-10-14,12:00,18,0.0
2025-10-14,12:00,19,1032.133
2025-10-14,12:00,20,3161.1107
2025-10-14,12:00,21,4316.5655
2025-10-14,12:00,22,6235.7043
2025-10-14,12:00,23,6767.1125
2025-10-14,12:00,24,8098.3741
2025-10-14,18:00,1,0.0
2025-10-14,18:00,2,0.0
2025-10-14,18:00,3,0.0
2025-10-14,18:00,4,0.0
2025-10-14,18:00,5,0.0
2025-10-14,18:00,6,0.0
2025-10-14,18:00,7,0.0
2025-10-14,18:00,8,0.0
2025-10-14,18:00,9,0.0
2025-10-14,18:00,10,0.0
2025-10-14,18:00,11,0.0
2025-10-14,18:00,12,0.0
2025-10-14,18:00,13,868.0787
2025-10-14,18:00,14,3016.0963
2025-10-14,18:00,15,4534.1165
2025-10-14,18:00,16,5934.6154
2025-10-14,18:00,17,5928.519
2025-10-14,18:00,18,7380.7258
2025-10-14,18:00,19,4909.0223
2025-10-14,18:00,20,4988.2087
2025-10-14,18:00,21,3002.093
2025-10-14,18:00,22,2013.3323
2025-10-14,18:00,23,450.2938
2025-10-14,18:00,24,0.0
2025-10-15,0:00,1,0.0
2025-10-15,0:00,2,0.0
2025-10-15,0:00,3,0.0
2025-10-15,0:00,4,0.0
2025-10-15,0:00,5,0.0
2025-10-15,0:00,6,0.0
2025-10-15,0:00,7,998.7632
2025-10-15,0:00,8,3125.9518
2025-10-15,0:00,9,5379.7445
2025-10-15,0:00,10,7134.9533
2025-10-15,0:00,11,7948.3941
2025-10-15,0:00,12,7728.9856
2025-10-15,0:00,13,6743.1227
2025-10-15,0:00,14,5702.7088
2025-10-15,0:00,15,3833.1208
2025-10-15,0:00,16,2257.6271
2025-10-15,0:00,17,813.214
2025-10-15,0:00,18,0.0
2025-10-15,0:00,19,0.0
2025-10-15,0:00,20,0.0
2025-10-15,0:00,21,0.0
2025-10-15,0:00,22,0.0
2025-10-15,0:00,23,0.0
2025-10-15,0:00,24,0.0
2025-10-15,6:00,1,1065.804
2025-10-15,6:00,2,3227.6338
2025-10-15,6:00,3,5178.3256
2025-10-15,6:00,4,7292.7551
2025-10-15,6:00,5,8115.4682
2025-10-15,6:00,6,9091.6013
2025-10-15,6:00,7,8111.1134
2025-10-15,6:00,8,6909.0018
2025-10-15,6:00,9,5585.5763
2025-10-15,6:00,10,3618.836
2025-10-15,6:00,11,1030.299
2025-10-15,6:00,12,0.0
2025-10-15,6:00,13,0.0
2025-10-15,6:00,14,0.0
2025-10-15,6:00,15,0.0
2025-10-15,6:00,16,0.0
2025-10-15,6:00,17,0.0
2025-10-15,6:00,18,0.0
2025-10-15,6:00,19,0.0
2025-10-15,6:00,20,0.0
2025-10-15,6:00,21,0.0
2025-10-15,6:00,22,0.0
2025-10-15,6:00,23,0.0
2025-10-15,6:00,24,0.0
2025-10-15,12:00,1,7457.454
2025-10-15,12:00,2,6584.6015
2025-10-15,12:00,3,5129.6805
2025-10-15,12:00,4,3358.1108
2025-10-15,12:00,5,1071.918
2025-10-15,12:00,6,0.0
2025-10-15,12:00,7,0.0
2025-10-15,12:00,8,0.0
2025-10-15,12:00,9,0.0
2025-10-15,12:00,10,0.0
2025-10-15,12:00,11,0.0
2025-10-15,12:00,12,0.0
2025-10-15,12:00,13,0.0
2025-10-15,12:00,14,0.0
2025-10-15,12:00,15,0.0
2025-10-15,12:00,16,0.0
2025-10-15,12:00,17,0.0
2025-10-15,12:00,18,0.0
2025-10-15,12:00,19,983.189
2025-10-15,12:00,20,2628.9098
2025-10-15,12:00,21,5240.5638
2025-10-15,12:00,22,6507.9964
2025-10-15,12:00,23,7139.149
2025-10-15,12:00,24,8953.7914
2025-10-15,18:00,1,0.0
2025-10-15,18:00,2,0.0
2025-10-15,18:00,3,0.0
2025-10-15,18:00,4,0.0
2025-10-15,18:00,5,0.0
2025-10-15,18:00,6,0.0
2025-10-15,18:00,7,0.0
2025-10-15,18:00,8,0.0
2025-10-15,18:00,9,0.0
2025-10-15,18:00,10,0.0
2025-10-15,18:00,11,0.0
2025-10-15,18:00,12,0.0
2025-10-15,18:00,13,717.0413
2025-10-15,18:00,14,2513.0136
2025-10-15,18:00,15,4292.8941
2025-10-15,18:00,16,6830.1224
2025-10-15,18:00,17,8449.3969
2025-10-15,18:00,18,9643.0926
2025-10-15,18:00,19,9140.5873
2025-10-15,18:00,20,8232.3375
2025-10-15,18:00,21,6084.5799
2025-10-15,18:00,22,4003.6125
2025-10-15,18:00,23,1524.1348
2025-10-15,18:00,24,0.0
2025-10-16,0:00,1,0.0
2025-10-16,0:00,2,0.0
2025-10-16,0:00,3,0.0
2025-10-16,0:00,4,0.0
2025-10-16,0:00,5,0.0
2025-10-16,0:00,6,0.0
2025-10-16,0:00,7,971.198
2025-10-16,0:00,8,3278.57
2025-10-16,0:00,9,5371.0348
2025-10-16,0:00,10,7575.9124
2025-10-16,0:00,11,8441.8103
2025-10-16,0:00,12,9270.1642
2025-10-16,0:00,13,6817.7317
2025-10-16,0:00,14,6045.5047
2025-10-16,0:00,15,4003.7052
2025-10-16,0:00,16,2687.5073
2025-10-16,0:00,17,942.9265
2025-10-16,0:00,18,0.0
2025-10-16,0:00,19,0.0
2025-10-16,0:00,20,0.0
2025-10-16,0:00,21,0.0
2025-10-16,0:00,22,0.0
2025-10-16,0:00,23,0.0
2025-10-16,0:00,24,0.0
2025-10-16,6:00,1,940.538
2025-10-16,6:00,2,3074.457
2025-10-16,6:00,3,4822.0642
2025-10-16,6:00,4,6966.7917
2025-10-16,6:00,5,8074.3648
2025-10-16,6:00,6,8869.1808
2025-10-16,6:00,7,7792.9817
2025-10-16,6:00,8,6748.5567
2025-10-16,6:00,9,4610.9394
2025-10-16,6:00,10,3026.269
2025-10-16,6:00,11,949.5742
2025-10-16,6:00,12,0.0
2025-10-16,6:00,13,0.0
2025-10-16,6:00,14,0.0
2025-10-16,6:00,15,0.0
2025-10-16,6:00,16,0.0
2025-10-16,6:00,17,0.0
2025-10-16,6:00,18,0.0
2025-10-16,6:00,19,0.0
2025-10-16,6:00,20,0.0
2025-10-16,6:00,21,0.0
2025-10-16,6:00,22,0.0
2025-10-16,6:00,23,0.0
2025-10-16,6:00,24,0.0
2025-10-16,12:00,1,7470.2058
2025-10-16,12:00,2,6513.0787
2025-10-16,12:00,3,4347.2247
2025-10-16,12:00,4,3063.7146
2025-10-16,12:00,5,1034.3152
2025-10-16,12:00,6,0.0
2025-10-16,12:00,7,0.0
2025-10-16,12:00,8,0.0
2025-10-16,12:00,9,0.0
2025-10-16,12:00,10,0.0
2025-10-16,12:00,11,0.0
2025-10-16,12:00,12,0.0
2025-10-16,12:00,13,0.0
2025-10-16,12:00,14,0.0
2025-10-16,12:00,15,0.0
2025-10-16,12:00,16,0.0
2025-10-16,12:00,17,0.0
2025-10-16,12:00,18,0.0
2025-10-16,12:00,19,942.5401
2025-10-16,12:00,20,2881.0922
2025-10-16,12:00,21,3850.728
2025-10-16,12:00,22,4481.4537
2025-10-16,12:00,23,4523.4168
2025-10-16,12:00,24,5708.0059
2025-10-16,18:00,1,0.0
2025-10-16,18:00,2,0.0
2025-10-16,18:00,3,0.0
2025-10-16,18:00,4,0.0
2025-10-16,18:00,5,0.0
2025-10-16,18:00,6,0.0
2025-10-16,18:00,7,0.0
2025-10-16,18:00,8,0.0
2025-10-16,18:00,9,0.0
2025-10-16,18:00,10,0.0
2025-10-16,18:00,11,0.0
2025-10-16,18:00,12,0.0
2025-10-16,18:00,13,1096.0861
2025-10-16,18:00,14,3491.7673
2025-10-16,18:00,15,5976.225
2025-10-16,18:00,16,7677.975
2025-10-16,18:00,17,8686.275
2025-10-16,18:00,18,9380.0625
2025-10-16,18:00,19,9285.902
2025-10-16,18:00,20,7551.1723
2025-10-16,18:00,21,5116.5549
2025-10-16,18:00,22,2793.8068
2025-10-16,18:00,23,1019.7116
2025-10-16,18:00,24,0.0
2025-10-17,0:00,1,0.0
2025-10-17,0:00,2,0.0
2025-10-17,0:00,3,0.0
2025-10-17,0:00,4,0.0
2025-10-17,0:00,5,0.0
2025-10-17,0:00,6,0.0
2025-10-17,0:00,7,1094.1079
2025-10-17,0:00,8,3781.7541
2025-10-17,0:00,9,5976.225
2025-10-17,0:00,10,7677.975
2025-10-17,0:00,11,8686.275
2025-10-17,0:00,12,9380.0625
2025-10-17,0:00,13,8897.0929
2025-10-17,0:00,14,8232.3375
2025-10-17,0:00,15,6115.875
2025-10-17,0:00,16,3936.043
2025-10-17,0:00,17,1341.8665
2025-10-17,0:00,18,0.0
2025-10-17,0:00,19,0.0
2025-10-17,0:00,20,0.0
2025-10-17,0:00,21,0.0
2025-10-17,0:00,22,0.0
2025-10-17,0:00,23,0.0
2025-10-17,0:00,24,0.0
2025-10-17,6:00,1,1004.1829
2025-10-17,6:00,2,3212.6035
2025-10-17,6:00,3,5492.8959
2025-10-17,6:00,4,7218.842
2025-10-17,6:00,5,7991.8144
2025-10-17,6:00,6,9170.98
2025-10-17,6:00,7,8517.0306
2025-10-17,6:00,8,7083.6196
2025-10-17,6:00,9,5058.7658
2025-10-17,6:00,10,3056.4165
2025-10-17,6:00,11,929.3745
2025-10-17,6:00,12,0.0
2025-10-17,6:00,13,0.0
2025-10-17,6:00,14,0.0
2025-10-17,6:00,15,0.0
2025-10-17,6:00,16,0.0
2025-10-17,6:00,17,0.0
2025-10-17,6:00,18,0.0
2025-10-17,6:00,19,0.0
2025-10-17,6:00,20,0.0
2025-10-17,6:00,21,0.0
2025-10-17,6:00,22,0.0
2025-10-17,6:00,23,0.0
2025-10-17,6:00,24,0.0
2025-10-17,12:00,1,7586.6846
2025-10-17,12:00,2,6505.311
2025-10-17,12:00,3,4971.8278
2025-10-17,12:00,4,3037.643
2025-10-17,12:00,5,1057.0162
2025-10-17,12:00,6,0.0
2025-10-17,12:00,7,0.0
2025-10-17,12:00,8,0.0
2025-10-17,12:00,9,0.0
2025-10-17,12:00,10,0.0
2025-10-17,12:00,11,0.0
2025-10-17,12:00,12,0.0
2025-10-17,12:00,13,0.0
2025-10-17,12:00,14,0.0
2025-10-17,12:00,15,0.0
2025-10-17,12:00,16,0.0
2025-10-17,12:00,17,0.0
2025-10-17,12:00,18,0.0
2025-10-17,12:00,19,891.3407
2025-10-17,12:00,20,2991.3412
2025-10-17,12:00,21,5402.6525
2025-10-17,12:00,22,7677.975
2025-10-17,12:00,23,8686.275
2025-10-17,12:00,24,9380.0625
2025-10-17,18:00,1,0.0
2025-10-17,18:00,2,0.0
2025-10-17,18:00,3,0.0
2025-10-17,18:00,4,0.0
2025-10-17,18:00,5,0.0
2025-10-17,18:00,6,0.0
2025-10-17,18:00,7,0.0
2025-10-17,18:00,8,0.0
2025-10-17,18:00,9,0.0
2025-10-17,18:00,10,0.0
2025-10-17,18:00,11,0.0
2025-10-17,18:00,12,0.0
2025-10-17,18:00,13,1118.2596
2025-10-17,18:00,14,3693.2581
2025-10-17,18:00,15,5612.6112
2025-10-17,18:00,16,6581.31
2025-10-17,18:00,17,6536.3038
2025-10-17,18:00,18,5441.6877
2025-10-17,18:00,19,4523.3212
2025-10-17,18:00,20,4307.9674
2025-10-17,18:00,21,3918.0499
2025-10-17,18:00,22,3154.4346
2025-10-17,18:00,23,1190.1603
2025-10-17,18:00,24,0.0
2025-10-18,0:00,1,0.0
2025-10-18,0:00,2,0.0
2025-10-18,0:00,3,0.0
2025-10-18,0:00,4,0.0
2025-10-18,0:00,5,0.0
2025-10-18,0:00,6,0.0
2025-10-18,0:00,7,1098.5143
2025-10-18,0:00,8,3549.5931
2025-10-18,0:00,9,5747.6002
2025-10-18,0:00,10,7106.6831
2025-10-18,0:00,11,7728.2422
2025-10-18,0:00,12,7785.5538
2025-10-18,0:00,13,6613.094
2025-10-18,0:00,14,5559.4964
2025-10-18,0:00,15,3833.8203
2025-10-18,0:00,16,2265.89
2025-10-18,0:00,17,680.8374
2025-10-18,0:00,18,0.0
2025-10-18,0:00,19,0.0
2025-10-18,0:00,20,0.0
2025-10-18,0:00,21,0.0
2025-10-18,0:00,22,0.0
2025-10-18,0:00,23,0.0
2025-10-18,0:00,24,0.0
2025-10-18,6:00,1,1037.5378
2025-10-18,6:00,2,3233.5565
2025-10-18,6:00,3,5491.4248
2025-10-18,6:00,4,6904.2418
2025-10-18,6:00,5,7376.2995
2025-10-18,6:00,6,7586.6131
2025-10-18,6:00,7,6664.3056
2025-10-18,6:00,8,5594.0737
2025-10-18,6:00,9,3999.7333
2025-10-18,6:00,10,2651.3993
2025-10-18,6:00,11,753.3834
2025-10-18,6:00,12,0.0
2025-10-18,6:00,13,0.0
2025-10-18,6:00,14,0.0
2025-10-18,6:00,15,0.0
2025-10-18,6:00,16,0.0
2025-10-18,6:00,17,0.0
2025-10-18,6:00,18,0.0
2025-10-18,6:00,19,0.0
2025-10-18,6:00,20,0.0
2025-10-18,6:00,21,0.0
2025-10-18,6:00,22,0.0
2025-10-18,6:00,23,0.0
2025-10-18,6:00,24,0.0
2025-10-18,12:00,1,7828.8198
2025-10-18,12:00,2,6683.1034
2025-10-18,12:00,3,4807.9949
2025-10-18,12:00,4,3090.316
2025-10-18,12:00,5,915.3892
2025-10-18,12:00,6,0.0
2025-10-18,12:00,7,0.0
2025-10-18,12:00,8,0.0
2025-10-18,12:00,9,0.0
2025-10-18,12:00,10,0.0
2025-10-18,12:00,11,0.0
2025-10-18,12:00,12,0.0
2025-10-18,12:00,13,0.0
2025-10-18,12:00,14,0.0
2025-10-18,12:00,15,0.0
2025-10-18,12:00,16,0.0
2025-10-18,12:00,17,0.0
2025-10-18,12:00,18,0.0
2025-10-18,12:00,19,600.873
2025-10-18,12:00,20,1917.5468
2025-10-18,12:00,21,3086.8549
2025-10-18,12:00,22,5349.263
2025-10-18,12:00,23,7994.0404
2025-10-18,12:00,24,9004.6939
2025-10-18,18:00,1,0.0
2025-10-18,18:00,2,0.0
2025-10-18,18:00,3,0.0
2025-10-18,18:00,4,0.0
2025-10-18,18:00,5,0.0
2025-10-18,18:00,6,0.0
2025-10-18,18:00,7,0.0
2025-10-18,18:00,8,0.0
2025-10-18,18:00,9,0.0
2025-10-18,18:00,10,0.0
2025-10-18,18:00,11,0.0
2025-10-18,18:00,12,0.0
2025-10-18,18:00,13,920.7923
2025-10-18,18:00,14,2555.4147
2025-10-18,18:00,15,4179.4116
2025-10-18,18:00,16,4993.0957
2025-10-18,18:00,17,6121.9052
2025-10-18,18:00,18,7633.6735
2025-10-18,18:00,19,7708.6514
2025-10-18,18:00,20,6411.9648
2025-10-18,18:00,21,4773.3926
2025-10-18,18:00,22,3197.4645
2025-10-18,18:00,23,1094.5555
2025-10-18,18:00,24,0.0
2025-10-19,0:00,1,0.0
2025-10-19,0:00,2,0.0
2025-10-19,0:00,3,0.0
2025-10-19,0:00,4,0.0
2025-10-19,0:00,5,0.0
2025-10-19,0:00,6,0.0
2025-10-19,0:00,7,968.8429
2025-10-19,0:00,8,3042.489
2025-10-19,0:00,9,5254.8214
2025-10-19,0:00,10,7001.6799
2025-10-19,0:00,11,8324.9996
2025-10-19,0:00,12,8684.2562
2025-10-19,0:00,13,7661.399
2025-10-19,0:00,14,6281.6703
2025-10-19,0:00,15,3558.4942
2025-10-19,0:00,16,2279.7342
2025-10-19,0:00,17,760.6637
2025-10-19,0:00,18,0.0
2025-10-19,0:00,19,0.0
2025-10-19,0:00,20,0.0
2025-10-19,0:00,21,0.0
2025-10-19,0:00,22,0.0
2025-10-19,0:00,23,0.0
2025-10-19,0:00,24,0.0
2025-10-19,6:00,1,1018.8315
2025-10-19,6:00,2,3106.1308
2025-10-19,6:00,3,5315.2594
2025-10-19,6:00,4,6917.0753
2025-10-19,6:00,5,8161.5142
2025-10-19,6:00,6,8817.9251
2025-10-19,6:00,7,7272.6395
2025-10-19,6:00,8,6170.7359
2025-10-19,6:00,9,4110.6925
2025-10-19,6:00,10,2457.3951
2025-10-19,6:00,11,842.118
2025-10-19,6:00,12,0.0
2025-10-19,6:00,13,0.0
2025-10-19,6:00,14,0.0
2025-10-19,6:00,15,0.0
2025-10-19,6:00,16,0.0
2025-10-19,6:00,17,0.0
2025-10-19,6:00,18,0.0
2025-10-19,6:00,19,0.0
2025-10-19,6:00,20,0.0
2025-10-19,6:00,21,0.0
2025-10-19,6:00,22,0.0
2025-10-19,6:00,23,0.0
2025-10-19,6:00,24,0.0
2025-10-19,12:00,1,7863.2791
2025-10-19,12:00,2,6650.686
2025-10-19,12:00,3,4329.1991
2025-10-19,12:00,4,2587.4059
2025-10-19,12:00,5,850.7427
2025-10-19,12:00,6,0.0
2025-10-19,12:00,7,0.0
2025-10-19,12:00,8,0.0
2025-10-19,12:00,9,0.0
2025-10-19,12:00,10,0.0
2025-10-19,12:00,11,0.0
2025-10-19,12:00,12,0.0
2025-10-19,12:00,13,0.0
2025-10-19,12:00,14,0.0
2025-10-19,12:00,15,0.0
2025-10-19,12:00,16,0.0
2025-10-19,12:00,17,0.0
2025-10-19,12:00,18,0.0
2025-10-19,12:00,19,704.4532
2025-10-19,12:00,20,2545.2275
2025-10-19,12:00,21,4409.92
2025-10-19,12:00,22,5694.9282
2025-10-19,12:00,23,6551.9879
2025-10-19,12:00,24,9380.0625
2025-10-19,18:00,1,0.0
2025-10-19,18:00,2,0.0
2025-10-19,18:00,3,0.0
2025-10-19,18:00,4,0.0
2025-10-19,18:00,5,0.0
2025-10-19,18:00,6,0.0
2025-10-19,18:00,7,0.0
2025-10-19,18:00,8,0.0
2025-10-19,18:00,9,0.0
2025-10-19,18:00,10,0.0
2025-10-19,18:00,11,0.0
2025-10-19,18:00,12,0.0
2025-10-19,18:00,13,795.7737
2025-10-19,18:00,14,2585.3057
2025-10-19,18:00,15,4102.6825
2025-10-19,18:00,16,5687.6282
2025-10-19,18:00,17,6963.7901
2025-10-19,18:00,18,8155.1074
2025-10-19,18:00,19,8223.8642
2025-10-19,18:00,20,6749.0038
2025-10-19,18:00,21,5085.6474
2025-10-19,18:00,22,3453.325
2025-10-19,18:00,23,1007.7407
2025-10-19,18:00,24,0.0
2025-10-20,0:00,1,0.0
2025-10-20,0:00,2,0.0
2025-10-20,0:00,3,0.0
2025-10-20,0:00,4,0.0
2025-10-20,0:00,5,0.0
2025-10-20,0:00,6,0.0
2025-10-20,0:00,7,878.9497
2025-10-20,0:00,8,2625.5146
2025-10-20,0:00,9,4385.9432
2025-10-20,0:00,10,5820.1447
2025-10-20,0:00,11,7185.4403
2025-10-20,0:00,12,8564.0023
2025-10-20,0:00,13,7889.5593
2025-10-20,0:00,14,5350.53
2025-10-20,0:00,15,4206.4037
2025-10-20,0:00,16,2319.0628
2025-10-20,0:00,17,576.9637
2025-10-20,0:00,18,0.0
2025-10-20,0:00,19,0.0
2025-10-20,0:00,20,0.0
2025-10-20,0:00,21,0.0
2025-10-20,0:00,22,0.0
2025-10-20,0:00,23,0.0
2025-10-20,0:00,24,0.0
2025-10-20,6:00,1,955.111
2025-10-20,6:00,2,2928.1139
2025-10-20,6:00,3,4610.5459
2025-10-20,6:00,4,6114.5055
2025-10-20,6:00,5,7537.1447
2025-10-20,6:00,6,7794.8035
2025-10-20,6:00,7,7356.9478
2025-10-20,6:00,8,6466.4464
2025-10-20,6:00,9,4444.209
2025-10-20,6:00,10,2976.5125
2025-10-20,6:00,11,901.2532
2025-10-20,6:00,12,0.0
2025-10-20,6:00,13,0.0
2025-10-20,6:00,14,0.0
2025-10-20,6:00,15,0.0
2025-10-20,6:00,16,0.0
2025-10-20,6:00,17,0.0
2025-10-20,6:00,18,0.0
2025-10-20,6:00,19,0.0
2025-10-20,6:00,20,0.0
2025-10-20,6:00,21,0.0
2025-10-20,6:00,22,0.0
2025-10-20,6:00,23,0.0
2025-10-20,6:00,24,0.0
2025-10-20,12:00,1,7683.2503
2025-10-20,12:00,2,6515.8598
2025-10-20,12:00,3,4807.0373
2025-10-20,12:00,4,3158.7819
2025-10-20,12:00,5,900.1125
2025-10-20,12:00,6,0.0
2025-10-20,12:00,7,0.0
2025-10-20,12:00,8,0.0
2025-10-20,12:00,9,0.0
2025-10-20,12:00,10,0.0
2025-10-20,12:00,11,0.0
2025-10-20,12:00,12,0.0
2025-10-20,12:00,13,0.0
2025-10-20,12:00,14,0.0
2025-10-20,12:00,15,0.0
2025-10-20,12:00,16,0.0
2025-10-20,12:00,17,0.0
2025-10-20,12:00,18,0.0
2025-10-20,12:00,19,799.9727
2025-10-20,12:00,20,2361.0324
2025-10-20,12:00,21,4386.7236
2025-10-20,12:00,22,5171.3065
2025-10-20,12:00,23,5323.8343
2025-10-20,12:00,24,4366.0927
2025-10-20,18:00,1,0.0
2025-10-20,18:00,2,0.0
2025-10-20,18:00,3,0.0
2025-10-20,18:00,4,0.0
2025-10-20,18:00,5,0.0
2025-10-20,18:00,6,0.0
2025-10-20,18:00,7,0.0
2025-10-20,18:00,8,0.0
2025-10-20,18:00,9,0.0
2025-10-20,18:00,10,0.0
2025-10-20,18:00,11,0.0
2025-10-20,18:00,12,0.0
2025-10-20,18:00,13,700.5325
2025-10-20,18:00,14,2848.4271
2025-10-20,18:00,15,4763.4319
2025-10-20,18:00,16,6344.9579
2025-10-20,18:00,17,6291.552
2025-10-20,18:00,18,6972.3984
2025-10-20,18:00,19,7173.181
2025-10-20,18:00,20,5178.5425
2025-10-20,18:00,21,3648.1629
2025-10-20,18:00,22,2894.3836
2025-10-20,18:00,23,796.982
2025-10-20,18:00,24,0.0
2025-10-21,0:00,1,0.0
2025-10-21,0:00,2,0.0
2025-10-21,0:00,3,0.0
2025-10-21,0:00,4,0.0
2025-10-21,0:00,5,0.0
2025-10-21,0:00,6,0.0
2025-10-21,0:00,7,758.1012
2025-10-21,0:00,8,3011.3897
2025-10-21,0:00,9,5320.7582
2025-10-21,0:00,10,6469.5551
2025-10-21,0:00,11,8047.8427
2025-10-21,0:00,12,7686.4771
2025-10-21,0:00,13,6774.9008
2025-10-21,0:00,14,5482.5704
2025-10-21,0:00,15,4292.3647
2025-10-21,0:00,16,2206.3185
2025-10-21,0:00,17,768.5281
2025-10-21,0:00,18,0.0
2025-10-21,0:00,19,0.0
2025-10-21,0:00,20,0.0
2025-10-21,0:00,21,0.0
2025-10-21,0:00,22,0.0
2025-10-21,0:00,23,0.0
2025-10-21,0:00,24,0.0
2025-10-21,6:00,1,739.8881
2025-10-21,6:00,2,2912.0026
2025-10-21,6:00,3,4894.369
2025-10-21,6:00,4,6309.8751
2025-10-21,6:00,5,7238.5083
2025-10-21,6:00,6,7524.0562
2025-10-21,6:00,7,7084.8696
2025-10-21,6:00,8,5798.0023
2025-10-21,6:00,9,4496.8454
2025-10-21,6:00,10,2963.0094
2025-10-21,6:00,11,895.0012
2025-10-21,6:00,12,0.0
2025-10-21,6:00,13,0.0
2025-10-21,6:00,14,0.0
2025-10-21,6:00,15,0.0
2025-10-21,6:00,16,0.0
2025-10-21,6:00,17,0.0
2025-10-21,6:00,18,0.0
2025-10-21,6:00,19,0.0
2025-10-21,6:00,20,0.0
2025-10-21,6:00,21,0.0
2025-10-21,6:00,22,0.0
2025-10-21,6:00,23,0.0
2025-10-21,6:00,24,0.0
2025-10-21,12:00,1,7149.5991
2025-10-21,12:00,2,6035.1316
2025-10-21,12:00,3,4782.2537
2025-10-21,12:00,4,3074.9477
2025-10-21,12:00,5,886.3216
2025-10-21,12:00,6,0.0
2025-10-21,12:00,7,0.0
2025-10-21,12:00,8,0.0
2025-10-21,12:00,9,0.0
2025-10-21,12:00,10,0.0
2025-10-21,12:00,11,0.0
2025-10-21,12:00,12,0.0
2025-10-21,12:00,13,0.0
2025-10-21,12:00,14,0.0
2025-10-21,12:00,15,0.0
2025-10-21,12:00,16,0.0
2025-10-21,12:00,17,0.0
2025-10-21,12:00,18,0.0
2025-10-21,12:00,19,858.9587
2025-10-21,12:00,20,2617.7588
2025-10-21,12:00,21,4302.5145
2025-10-21,12:00,22,6001.3351
2025-10-21,12:00,23,6988.4909
2025-10-21,12:00,24,6236.3623
2025-10-21,18:00,1,0.0
2025-10-21,18:00,2,0.0
2025-10-21,18:00,3,0.0
2025-10-21,18:00,4,0.0
2025-10-21,18:00,5,0.0
2025-10-21,18:00,6,0.0
2025-10-21,18:00,7,0.0
2025-10-21,18:00,8,0.0
2025-10-21,18:00,9,0.0
2025-10-21,18:00,10,0.0
2025-10-21,18:00,11,0.0
2025-10-21,18:00,12,0.0
2025-10-21,18:00,13,887.328
2025-10-21,18:00,14,3073.4475
2025-10-21,18:00,15,5135.6333
2025-10-21,18:00,16,7131.4479
2025-10-21,18:00,17,8652.2625
2025-10-21,18:00,18,9380.0625
2025-10-21,18:00,19,9435.3
2025-10-21,18:00,20,8232.3375
2025-10-21,18:00,21,6115.875
2025-10-21,18:00,22,3641.4
2025-10-21,18:00,23,1130.3867
2025-10-21,18:00,24,0.0
2025-10-22,0:00,1,0.0
2025-10-22,0:00,2,0.0
2025-10-22,0:00,3,0.0
2025-10-22,0:00,4,0.0
2025-10-22,0:00,5,0.0
2025-10-22,0:00,6,0.0
2025-10-22,0:00,7,756.865
2025-10-22,0:00,8,2791.4345
2025-10-22,0:00,9,4177.3229
2025-10-22,0:00,10,6143.2721
2025-10-22,0:00,11,8095.1821
2025-10-22,0:00,12,8503.1158
2025-10-22,0:00,13,8166.0936
2025-10-22,0:00,14,6506.4067
2025-10-22,0:00,15,4913.1252
2025-10-22,0:00,16,2684.2878
2025-10-22,0:00,17,846.2266
2025-10-22,0:00,18,0.0
2025-10-22,0:00,19,0.0
2025-10-22,0:00,20,0.0
2025-10-22,0:00,21,0.0
2025-10-22,0:00,22,0.0
2025-10-22,0:00,23,0.0
2025-10-22,0:00,24,0.0
2025-10-22,6:00,1,800.6693
2025-10-22,6:00,2,2841.5232
2025-10-22,6:00,3,4270.9284
2025-10-22,6:00,4,5770.1997
2025-10-22,6:00,5,7690.0057
2025-10-22,6:00,6,7676.6131
2025-10-22,6:00,7,8102.9163
2025-10-22,6:00,8,7390.0476
2025-10-22,6:00,9,6115.875
2025-10-22,6:00,10,3365.8054
2025-10-22,6:00,11,1028.9098
2025-10-22,6:00,12,0.0
2025-10-22,6:00,13,0.0
2025-10-22,6:00,14,0.0
2025-10-22,6:00,15,0.0
2025-10-22,6:00,16,0.0
2025-10-22,6:00,17,0.0
2025-10-22,6:00,18,0.0
2025-10-22,6:00,19,0.0
2025-10-22,6:00,20,0.0
2025-10-22,6:00,21,0.0
2025-10-22,6:00,22,0.0
2025-10-22,6:00,23,0.0
2025-10-22,6:00,24,0.0
2025-10-22,12:00,1,7713.7982
2025-10-22,12:00,2,6747.6814
2025-10-22,12:00,3,5286.6446
2025-10-22,12:00,4,2781.1782
2025-10-22,12:00,5,843.2827
2025-10-22,12:00,6,0.0
2025-10-22,12:00,7,0.0
2025-10-22,12:00,8,0.0
2025-10-22,12:00,9,0.0
2025-10-22,12:00,10,0.0
2025-10-22,12:00,11,0.0
2025-10-22,12:00,12,0.0
2025-10-22,12:00,13,0.0
2025-10-22,12:00,14,0.0
2025-10-22,12:00,15,0.0
2025-10-22,12:00,16,0.0
2025-10-22,12:00,17,0.0
2025-10-22,12:00,18,0.0
2025-10-22,12:00,19,706.9541
2025-10-22,12:00,20,3159.4016
2025-10-22,12:00,21,5348.1474
2025-10-22,12:00,22,7677.975
2025-10-22,12:00,23,8652.2625
2025-10-22,12:00,24,9380.0625
2025-10-22,18:00,1,0.0
2025-10-22,18:00,2,0.0
2025-10-22,18:00,3,0.0
2025-10-22,18:00,4,0.0
2025-10-22,18:00,5,0.0
2025-10-22,18:00,6,0.0
2025-10-22,18:00,7,0.0
2025-10-22,18:00,8,0.0
2025-10-22,18:00,9,0.0
2025-10-22,18:00,10,0.0
2025-10-22,18:00,11,0.0
2025-10-22,18:00,12,0.0
2025-10-22,18:00,13,781.7536
2025-10-22,18:00,14,2701.0255
2025-10-22,18:00,15,4144.8019
2025-10-22,18:00,16,6444.5239
2025-10-22,18:00,17,7264.7855
2025-10-22,18:00,18,7837.3663
2025-10-22,18:00,19,7476.8372
2025-10-22,18:00,20,7731.6781
2025-10-22,18:00,21,6062.7694
2025-10-22,18:00,22,3574.07
2025-10-22,18:00,23,971.141
2025-10-22,18:00,24,0.0
2025-10-23,0:00,1,0.0
2025-10-23,0:00,2,0.0
2025-10-23,0:00,3,0.0
2025-10-23,0:00,4,0.0
2025-10-23,0:00,5,0.0
2025-10-23,0:00,6,0.0
2025-10-23,0:00,7,651.3269
2025-10-23,0:00,8,2421.0167
2025-10-23,0:00,9,3656.7399
2025-10-23,0:00,10,4869.1596
2025-10-23,0:00,11,5896.3593
2025-10-23,0:00,12,5379.0973
2025-10-23,0:00,13,5793.3276
2025-10-23,0:00,14,5515.2587
2025-10-23,0:00,15,4493.871
2025-10-23,0:00,16,3343.1712
2025-10-23,0:00,17,955.1524
2025-10-23,0:00,18,0.0
2025-10-23,0:00,19,0.0
2025-10-23,0:00,20,0.0
2025-10-23,0:00,21,0.0
2025-10-23,0:00,22,0.0
2025-10-23,0:00,23,0.0
2025-10-23,0:00,24,0.0
2025-10-23,6:00,1,738.7839
2025-10-23,6:00,2,2882.2556
2025-10-23,6:00,3,4619.3974
2025-10-23,6:00,4,7400.8083
2025-10-23,6:00,5,8652.2625
2025-10-23,6:00,6,8865.9022
2025-10-23,6:00,7,8167.7939
2025-10-23,6:00,8,6897.0103
2025-10-23,6:00,9,5177.9891
2025-10-23,6:00,10,3172.4613
2025-10-23,6:00,11,900.3619
2025-10-23,6:00,12,0.0
2025-10-23,6:00,13,0.0
2025-10-23,6:00,14,0.0
2025-10-23,6:00,15,0.0
2025-10-23,6:00,16,0.0
2025-10-23,6:00,17,0.0
2025-10-23,6:00,18,0.0
2025-10-23,6:00,19,0.0
2025-10-23,6:00,20,0.0
2025-10-23,6:00,21,0.0
2025-10-23,6:00,22,0.0
2025-10-23,6:00,23,0.0
2025-10-23,6:00,24,0.0
2025-10-23,12:00,1,7432.8673
2025-10-23,12:00,2,6455.6872
2025-10-23,12:00,3,4850.6042
2025-10-23,12:00,4,3001.5032
2025-10-23,12:00,5,851.8535
2025-10-23,12:00,6,0.0
2025-10-23,12:00,7,0.0
2025-10-23,12:00,8,0.0
2025-10-23,12:00,9,0.0
2025-10-23,12:00,10,0.0
2025-10-23,12:00,11,0.0
2025-10-23,12:00,12,0.0
2025-10-23,12:00,13,0.0
2025-10-23,12:00,14,0.0
2025-10-23,12:00,15,0.0
2025-10-23,12:00,16,0.0
2025-10-23,12:00,17,0.0
2025-10-23,12:00,18,0.0
2025-10-23,12:00,19,880.5965
2025-10-23,12:00,20,3209.3284
2025-10-23,12:00,21,5875.05
2025-10-23,12:00,22,7677.975
2025-10-23,12:00,23,8652.2625
2025-10-23,12:00,24,9380.0625
2025-10-23,18:00,1,0.0
2025-10-23,18:00,2,0.0
2025-10-23,18:00,3,0.0
2025-10-23,18:00,4,0.0
2025-10-23,18:00,5,0.0
2025-10-23,18:00,6,0.0
2025-10-23,18:00,7,0.0
2025-10-23,18:00,8,0.0
2025-10-23,18:00,9,0.0
2025-10-23,18:00,10,0.0
2025-10-23,18:00,11,0.0
2025-10-23,18:00,12,0.0
2025-10-23,18:00,13,819.6655
2025-10-23,18:00,14,2899.3445
2025-10-23,18:00,15,5533.0744
2025-10-23,18:00,16,6621.4203
2025-10-23,18:00,17,6829.3712
2025-10-23,18:00,18,6867.3707
2025-10-23,18:00,19,6462.2923
2025-10-23,18:00,20,5092.2308
2025-10-23,18:00,21,4080.9099
2025-10-23,18:00,22,2689.8759
2025-10-23,18:00,23,755.2264
2025-10-23,18:00,24,0.0
2025-10-24,0:00,1,0.0
2025-10-24,0:00,2,0.0
2025-10-24,0:00,3,0.0
2025-10-24,0:00,4,0.0
2025-10-24,0:00,5,0.0
2025-10-24,0:00,6,0.0
2025-10-24,0:00,7,768.8178
2025-10-24,0:00,8,2780.5947
2025-10-24,0:00,9,4868.3713
2025-10-24,0:00,10,5768.3823
2025-10-24,0:00,11,7041.9576
2025-10-24,0:00,12,7904.5456
2025-10-24,0:00,13,8289.8491
2025-10-24,0:00,14,7619.1976
2025-10-24,0:00,15,5423.9342
2025-10-24,0:00,16,2957.7929
2025-10-24,0:00,17,719.7156
2025-10-24,0:00,18,0.0
2025-10-24,0:00,19,0.0
2025-10-24,0:00,20,0.0
2025-10-24,0:00,21,0.0
2025-10-24,0:00,22,0.0
2025-10-24,0:00,23,0.0
2025-10-24,0:00,24,0.0
2025-10-24,6:00,1,744.5291
2025-10-24,6:00,2,2862.9844
2025-10-24,6:00,3,5031.5572
2025-10-24,6:00,4,6859.3185
2025-10-24,6:00,5,8322.8141
2025-10-24,6:00,6,8488.1217
2025-10-24,6:00,7,8147.4573
2025-10-24,6:00,8,6608.5939
2025-10-24,6:00,9,4602.6437
2025-10-24,6:00,10,2707.7477
2025-10-24,6:00,11,674.9089
2025-10-24,6:00,12,0.0
2025-10-24,6:00,13,0.0
2025-10-24,6:00,14,0.0
2025-10-24,6:00,15,0.0
2025-10-24,6:00,16,0.0
2025-10-24,6:00,17,0.0
2025-10-24,6:00,18,0.0
2025-10-24,6:00,19,0.0
2025-10-24,6:00,20,0.0
2025-10-24,6:00,21,0.0
2025-10-24,6:00,22,0.0
2025-10-24,6:00,23,0.0
2025-10-24,6:00,24,0.0
2025-10-24,12:00,1,7811.5443
2025-10-24,12:00,2,6488.0232
2025-10-24,12:00,3,4599.1962
2025-10-24,12:00,4,2820.1447
2025-10-24,12:00,5,717.9558
2025-10-24,12:00,6,0.0
2025-10-24,12:00,7,0.0
2025-10-24,12:00,8,0.0
2025-10-24,12:00,9,0.0
2025-10-24,12:00,10,0.0
2025-10-24,12:00,11,0.0
2025-10-24,12:00,12,0.0
2025-10-24,12:00,13,0.0
2025-10-24,12:00,14,0.0
2025-10-24,12:00,15,0.0
2025-10-24,12:00,16,0.0
2025-10-24,12:00,17,0.0
2025-10-24,12:00,18,0.0
2025-10-24,12:00,19,531.6491
2025-10-24,12:00,20,1746.5265
2025-10-24,12:00,21,4102.9779
2025-10-24,12:00,22,6768.6185
2025-10-24,12:00,23,8652.2625
2025-10-24,12:00,24,9380.0625
2025-10-24,18:00,1,0.0
2025-10-24,18:00,2,0.0
2025-10-24,18:00,3,0.0
2025-10-24,18:00,4,0.0
2025-10-24,18:00,5,0.0
2025-10-24,18:00,6,0.0
2025-10-24,18:00,7,0.0
2025-10-24,18:00,8,0.0
2025-10-24,18:00,9,0.0
2025-10-24,18:00,10,0.0
2025-10-24,18:00,11,0.0
2025-10-24,18:00,12,0.0
2025-10-24,18:00,13,877.5243
2025-10-24,18:00,14,3302.7385
2025-10-24,18:00,15,5571.5625
2025-10-24,18:00,16,6226.1606
2025-10-24,18:00,17,7962.4446
2025-10-24,18:00,18,8703.3608
2025-10-24,18:00,19,7837.7191
2025-10-24,18:00,20,6874.9614
2025-10-24,18:00,21,4897.8278
2025-10-24,18:00,22,2991.5398
2025-10-24,18:00,23,798.5599
2025-10-24,18:00,24,0.0
2025-10-25,0:00,1,0.0
2025-10-25,0:00,2,0.0
2025-10-25,0:00,3,0.0
2025-10-25,0:00,4,0.0
2025-10-25,0:00,5,0.0
2025-10-25,0:00,6,0.0
2025-10-25,0:00,7,769.8807
2025-10-25,0:00,8,2973.2294
2025-10-25,0:00,9,4367.8725
2025-10-25,0:00,10,5028.8683
2025-10-25,0:00,11,6673.7898
2025-10-25,0:00,12,7101.7666
2025-10-25,0:00,13,6796.9746
2025-10-25,0:00,14,6415.9759
2025-10-25,0:00,15,4709.4815
2025-10-25,0:00,16,2782.6774
2025-10-25,0:00,17,850.6037
2025-10-25,0:00,18,0.0
2025-10-25,0:00,19,0.0
2025-10-25,0:00,20,0.0
2025-10-25,0:00,21,0.0
2025-10-25,0:00,22,0.0
2025-10-25,0:00,23,0.0
2025-10-25,0:00,24,0.0
2025-10-25,6:00,1,796.4142
2025-10-25,6:00,2,2978.0927
2025-10-25,6:00,3,4982.5795
2025-10-25,6:00,4,5892.5222
2025-10-25,6:00,5,7972.5929
2025-10-25,6:00,6,8391.4418
2025-10-25,6:00,7,8224.4954
2025-10-25,6:00,8,6563.6558
2025-10-25,6:00,9,4691.732
2025-10-25,6:00,10,2792.8447
2025-10-25,6:00,11,792.0246
2025-10-25,6:00,12,0.0
2025-10-25,6:00,13,0.0
2025-10-25,6:00,14,0.0
2025-10-25,6:00,15,0.0
2025-10-25,6:00,16,0.0
2025-10-25,6:00,17,0.0
2025-10-25,6:00,18,0.0
2025-10-25,6:00,19,0.0
2025-10-25,6:00,20,0.0
2025-10-25,6:00,21,0.0
2025-10-25,6:00,22,0.0
2025-10-25,6:00,23,0.0
2025-10-25,6:00,24,0.0
2025-10-25,12:00,1,7862.2264
2025-10-25,12:00,2,6232.0406
2025-10-25,12:00,3,4603.6274
2025-10-25,12:00,4,2893.0011
2025-10-25,12:00,5,741.3517
2025-10-25,12:00,6,0.0
2025-10-25,12:00,7,0.0
2025-10-25,12:00,8,0.0
2025-10-25,12:00,9,0.0
2025-10-25,12:00,10,0.0
2025-10-25,12:00,11,0.0
2025-10-25,12:00,12,0.0
2025-10-25,12:00,13,0.0
2025-10-25,12:00,14,0.0
2025-10-25,12:00,15,0.0
2025-10-25,12:00,16,0.0
2025-10-25,12:00,17,0.0
2025-10-25,12:00,18,0.0
2025-10-25,12:00,19,1025.9825
2025-10-25,12:00,20,3447.7125
2025-10-25,12:00,21,5571.5625
2025-10-25,12:00,22,7340.4375
2025-10-25,12:00,23,6662.3173
2025-10-25,12:00,24,5819.7906
2025-10-25,18:00,1,0.0
2025-10-25,18:00,2,0.0
2025-10-25,18:00,3,0.0
2025-10-25,18:00,4,0.0
2025-10-25,18:00,5,0.0
2025-10-25,18:00,6,0.0
2025-10-25,18:00,7,0.0
2025-10-25,18:00,8,0.0
2025-10-25,18:00,9,0.0
2025-10-25,18:00,10,0.0
2025-10-25,18:00,11,0.0
2025-10-25,18:00,12,0.0
2025-10-25,18:00,13,745.436
2025-10-25,18:00,14,2570.0643
2025-10-25,18:00,15,4563.8767
2025-10-25,18:00,16,6701.9632
2025-10-25,18:00,17,7310.6057
2025-10-25,18:00,18,7090.6772
2025-10-25,18:00,19,7086.2012
2025-10-25,18:00,20,5955.1133
2025-10-25,18:00,21,5148.4965
2025-10-25,18:00,22,3191.0449
2025-10-25,18:00,23,893.3658
2025-10-25,18:00,24,0.0
2025-10-26,0:00,1,0.0
2025-10-26,0:00,2,0.0
2025-10-26,0:00,3,0.0
2025-10-26,0:00,4,0.0
2025-10-26,0:00,5,0.0
2025-10-26,0:00,6,0.0
2025-10-26,0:00,7,683.5214
2025-10-26,0:00,8,2419.8782
2025-10-26,0:00,9,3850.7068
2025-10-26,0:00,10,5622.0561
2025-10-26,0:00,11,6311.1117
2025-10-26,0:00,12,7299.6757
2025-10-26,0:00,13,7412.1513
2025-10-26,0:00,14,6403.286
2025-10-26,0:00,15,4978.7588
2025-10-26,0:00,16,2899.1498
2025-10-26,0:00,17,858.6456
2025-10-26,0:00,18,0.0
2025-10-26,0:00,19,0.0
2025-10-26,0:00,20,0.0
2025-10-26,0:00,21,0.0
2025-10-26,0:00,22,0.0
2025-10-26,0:00,23,0.0
2025-10-26,0:00,24,0.0
2025-10-26,6:00,1,757.4825
2025-10-26,6:00,2,2954.4838
2025-10-26,6:00,3,4984.4311
2025-10-26,6:00,4,6904.0645
2025-10-26,6:00,5,8169.5078
2025-10-26,6:00,6,8858.5647
2025-10-26,6:00,7,8394.713
2025-10-26,6:00,8,6509.9347
2025-10-26,6:00,9,5444.1798
2025-10-26,6:00,10,2932.3023
2025-10-26,6:00,11,695.9322
2025-10-26,6:00,12,0.0
2025-10-26,6:00,13,0.0
2025-10-26,6:00,14,0.0
2025-10-26,6:00,15,0.0
2025-10-26,6:00,16,0.0
2025-10-26,6:00,17,0.0
2025-10-26,6:00,18,0.0
2025-10-26,6:00,19,0.0
2025-10-26,6:00,20,0.0
2025-10-26,6:00,21,0.0
2025-10-26,6:00,22,0.0
2025-10-26,6:00,23,0.0
2025-10-26,6:00,24,0.0
2025-10-26,12:00,1,7537.7923
2025-10-26,12:00,2,6068.1287
2025-10-26,12:00,3,5146.3573
2025-10-26,12:00,4,2905.6044
2025-10-26,12:00,5,735.9415
2025-10-26,12:00,6,0.0
2025-10-26,12:00,7,0.0
2025-10-26,12:00,8,0.0
2025-10-26,12:00,9,0.0
2025-10-26,12:00,10,0.0
2025-10-26,12:00,11,0.0
2025-10-26,12:00,12,0.0
2025-10-26,12:00,13,0.0
2025-10-26,12:00,14,0.0
2025-10-26,12:00,15,0.0
2025-10-26,12:00,16,0.0
2025-10-26,12:00,17,0.0
2025-10-26,12:00,18,0.0
2025-10-26,12:00,19,590.2544
2025-10-26,12:00,20,2549.5693
2025-10-26,12:00,21,5043.1979
2025-10-26,12:00,22,7340.4375
2025-10-26,12:00,23,8584.1625
2025-10-26,12:00,24,9154.05
2025-10-26,18:00,1,0.0
2025-10-26,18:00,2,0.0
2025-10-26,18:00,3,0.0
2025-10-26,18:00,4,0.0
2025-10-26,18:00,5,0.0
2025-10-26,18:00,6,0.0
2025-10-26,18:00,7,0.0
2025-10-26,18:00,8,0.0
2025-10-26,18:00,9,0.0
2025-10-26,18:00,10,0.0
2025-10-26,18:00,11,0.0
2025-10-26,18:00,12,0.0
2025-10-26,18:00,13,680.7668
2025-10-26,18:00,14,2484.0243
2025-10-26,18:00,15,4886.2275
2025-10-26,18:00,16,6398.2996
2025-10-26,18:00,17,8258.8427
2025-10-26,18:00,18,9154.05
2025-10-26,18:00,19,7853.9409
2025-10-26,18:00,20,6847.4622
2025-10-26,18:00,21,5619.7475
2025-10-26,18:00,22,2637.8499
2025-10-26,18:00,23,598.3827
2025-10-26,18:00,24,0.0
2025-10-27,0:00,1,0.0
2025-10-27,0:00,2,0.0
2025-10-27,0:00,3,0.0
2025-10-27,0:00,4,0.0
2025-10-27,0:00,5,0.0
2025-10-27,0:00,6,0.0
2025-10-27,0:00,7,682.8708
2025-10-27,0:00,8,2408.5044
2025-10-27,0:00,9,5130.0824
2025-10-27,0:00,10,6610.1729
2025-10-27,0:00,11,8584.1625
2025-10-27,0:00,12,8816.9013
2025-10-27,0:00,13,8083.425
2025-10-27,0:00,14,6622.5552
2025-10-27,0:00,15,5164.9923
2025-10-27,0:00,16,2507.6179
2025-10-27,0:00,17,700.0032
2025-10-27,0:00,18,0.0
2025-10-27,0:00,19,0.0
2025-10-27,0:00,20,0.0
2025-10-27,0:00,21,0.0
2025-10-27,0:00,22,0.0
2025-10-27,0:00,23,0.0
2025-10-27,0:00,24,0.0
2025-10-27,6:00,1,723.797
2025-10-27,6:00,2,2701.2431
2025-10-27,6:00,3,5036.1722
2025-10-27,6:00,4,6497.3608
2025-10-27,6:00,5,7881.2668
2025-10-27,6:00,6,8131.3493
2025-10-27,6:00,7,7063.4916
2025-10-27,6:00,8,5880.2866
2025-10-27,6:00,9,3987.4944
2025-10-27,6:00,10,2276.1228
2025-10-27,6:00,11,643.8041
2025-10-27,6:00,12,0.0
2025-10-27,6:00,13,0.0
2025-10-27,6:00,14,0.0
2025-10-27,6:00,15,0.0
2025-10-27,6:00,16,0.0
2025-10-27,6:00,17,0.0
2025-10-27,6:00,18,0.0
2025-10-27,6:00,19,0.0
2025-10-27,6:00,20,0.0
2025-10-27,6:00,21,0.0
2025-10-27,6:00,22,0.0
2025-10-27,6:00,23,0.0
2025-10-27,6:00,24,0.0
2025-10-27,12:00,1,7683.8706
2025-10-27,12:00,2,6241.2687
2025-10-27,12:00,3,4318.6039
2025-10-27,12:00,4,2261.1246
2025-10-27,12:00,5,587.1622
2025-10-27,12:00,6,0.0
2025-10-27,12:00,7,0.0
2025-10-27,12:00,8,0.0
2025-10-27,12:00,9,0.0
2025-10-27,12:00,10,0.0
2025-10-27,12:00,11,0.0
2025-10-27,12:00,12,0.0
2025-10-27,12:00,13,0.0
2025-10-27,12:00,14,0.0
2025-10-27,12:00,15,0.0
2025-10-27,12:00,16,0.0
2025-10-27,12:00,17,0.0
2025-10-27,12:00,18,0.0
2025-10-27,12:00,19,647.6295
2025-10-27,12:00,20,2621.1642
2025-10-27,12:00,21,4386.7144
2025-10-27,12:00,22,6809.3476
2025-10-27,12:00,23,8130.6314
2025-10-27,12:00,24,9154.05
2025-10-27,18:00,1,0.0
2025-10-27,18:00,2,0.0
2025-10-27,18:00,3,0.0
2025-10-27,18:00,4,0.0
2025-10-27,18:00,5,0.0
2025-10-27,18:00,6,0.0
2025-10-27,18:00,7,0.0
2025-10-27,18:00,8,0.0
2025-10-27,18:00,9,0.0
2025-10-27,18:00,10,0.0
2025-10-27,18:00,11,0.0
2025-10-27,18:00,12,0.0
2025-10-27,18:00,13,711.3664
2025-10-27,18:00,14,2490.1786
2025-10-27,18:00,15,4102.0622
2025-10-27,18:00,16,5499.3702
2025-10-27,18:00,17,6878.8876
2025-10-27,18:00,18,7855.2184
2025-10-27,18:00,19,7405.9935
2025-10-27,18:00,20,6990.653
2025-10-27,18:00,21,5453.6702
2025-10-27,18:00,22,3017.9914
2025-10-27,18:00,23,538.7167
2025-10-27,18:00,24,0.0
2025-10-28,0:00,1,0.0
2025-10-28,0:00,2,0.0
2025-10-28,0:00,3,0.0
2025-10-28,0:00,4,0.0
2025-10-28,0:00,5,0.0
2025-10-28,0:00,6,0.0
2025-10-28,0:00,7,595.9251
2025-10-28,0:00,8,2266.323
2025-10-28,0:00,9,4108.4619
2025-10-28,0:00,10,6436.5037
2025-10-28,0:00,11,8300.1542
2025-10-28,0:00,12,8970.6401
2025-10-28,0:00,13,7932.5234
2025-10-28,0:00,14,7271.5875
2025-10-28,0:00,15,5595.15
2025-10-28,0:00,16,3148.5159
2025-10-28,0:00,17,782.0752
2025-10-28,0:00,18,0.0
2025-10-28,0:00,19,0.0
2025-10-28,0:00,20,0.0
2025-10-28,0:00,21,0.0
2025-10-28,0:00,22,0.0
2025-10-28,0:00,23,0.0
2025-10-28,0:00,24,0.0
2025-10-28,6:00,1,638.9993
2025-10-28,6:00,2,2527.1011
2025-10-28,6:00,3,4493.7968
2025-10-28,6:00,4,6867.4093
2025-10-28,6:00,5,8133.3858
2025-10-28,6:00,6,8358.565
2025-10-28,6:00,7,7011.8429
2025-10-28,6:00,8,6194.7797
2025-10-28,6:00,9,4454.306
2025-10-28,6:00,10,2619.8516
2025-10-28,6:00,11,670.6527
2025-10-28,6:00,12,0.0
2025-10-28,6:00,13,0.0
2025-10-28,6:00,14,0.0
2025-10-28,6:00,15,0.0
2025-10-28,6:00,16,0.0
2025-10-28,6:00,17,0.0
2025-10-28,6:00,18,0.0
2025-10-28,6:00,19,0.0
2025-10-28,6:00,20,0.0
2025-10-28,6:00,21,0.0
2025-10-28,6:00,22,0.0
2025-10-28,6:00,23,0.0
2025-10-28,6:00,24,0.0
2025-10-28,12:00,1,6794.5835
2025-10-28,12:00,2,6226.7837
2025-10-28,12:00,3,4681.9057
2025-10-28,12:00,4,2743.9401
2025-10-28,12:00,5,663.9769
2025-10-28,12:00,6,0.0
2025-10-28,12:00,7,0.0
2025-10-28,12:00,8,0.0
2025-10-28,12:00,9,0.0
2025-10-28,12:00,10,0.0
2025-10-28,12:00,11,0.0
2025-10-28,12:00,12,0.0
2025-10-28,12:00,13,0.0
2025-10-28,12:00,14,0.0
2025-10-28,12:00,15,0.0
2025-10-28,12:00,16,0.0
2025-10-28,12:00,17,0.0
2025-10-28,12:00,18,0.0
2025-10-28,12:00,19,622.8105
2025-10-28,12:00,20,2744.796
2025-10-28,12:00,21,4990.7393
2025-10-28,12:00,22,6283.5697
2025-10-28,12:00,23,8106.4872
2025-10-28,12:00,24,7823.0366
2025-10-28,18:00,1,0.0
2025-10-28,18:00,2,0.0
2025-10-28,18:00,3,0.0
2025-10-28,18:00,4,0.0
2025-10-28,18:00,5,0.0
2025-10-28,18:00,6,0.0
2025-10-28,18:00,7,0.0
2025-10-28,18:00,8,0.0
2025-10-28,18:00,9,0.0
2025-10-28,18:00,10,0.0
2025-10-28,18:00,11,0.0
2025-10-28,18:00,12,0.0
2025-10-28,18:00,13,745.4706
2025-10-28,18:00,14,3130.9096
2025-10-28,18:00,15,5308.5364
2025-10-28,18:00,16,6946.3115
2025-10-28,18:00,17,6891.9726
2025-10-28,18:00,18,5234.0534
2025-10-28,18:00,19,5664.3677
2025-10-28,18:00,20,4857.3622
2025-10-28,18:00,21,2916.7313
2025-10-28,18:00,22,1965.9093
2025-10-28,18:00,23,572.6207
2025-10-28,18:00,24,0.0
2025-10-29,0:00,1,0.0
2025-10-29,0:00,2,0.0
2025-10-29,0:00,3,0.0
2025-10-29,0:00,4,0.0
2025-10-29,0:00,5,0.0
2025-10-29,0:00,6,0.0
2025-10-29,0:00,7,577.0605
2025-10-29,0:00,8,2397.2343
2025-10-29,0:00,9,4294.8549
2025-10-29,0:00,10,6269.497
2025-10-29,0:00,11,7204.0292
2025-10-29,0:00,12,6792.7877
2025-10-29,0:00,13,7002.2529
2025-10-29,0:00,14,5507.0596
2025-10-29,0:00,15,3818.7551
2025-10-29,0:00,16,2580.568
2025-10-29,0:00,17,753.8452
2025-10-29,0:00,18,0.0
2025-10-29,0:00,19,0.0
2025-10-29,0:00,20,0.0
2025-10-29,0:00,21,0.0
2025-10-29,0:00,22,0.0
2025-10-29,0:00,23,0.0
2025-10-29,0:00,24,0.0
2025-10-29,6:00,1,634.1499
2025-10-29,6:00,2,2525.2877
2025-10-29,6:00,3,4279.9585
2025-10-29,6:00,4,5447.5755
2025-10-29,6:00,5,6921.3491
2025-10-29,6:00,6,7068.4022
2025-10-29,6:00,7,7306.2304
2025-10-29,6:00,8,5874.5932
2025-10-29,6:00,9,4585.5081
2025-10-29,6:00,10,2586.5536
2025-10-29,6:00,11,668.9687
2025-10-29,6:00,12,0.0
2025-10-29,6:00,13,0.0
2025-10-29,6:00,14,0.0
2025-10-29,6:00,15,0.0
2025-10-29,6:00,16,0.0
2025-10-29,6:00,17,0.0
2025-10-29,6:00,18,0.0
2025-10-29,6:00,19,0.0
2025-10-29,6:00,20,0.0
2025-10-29,6:00,21,0.0
2025-10-29,6:00,22,0.0
2025-10-29,6:00,23,0.0
2025-10-29,6:00,24,0.0
2025-10-29,12:00,1,7142.1674
2025-10-29,12:00,2,5907.5688
2025-10-29,12:00,3,4471.1092
2025-10-29,12:00,4,2555.4209
2025-10-29,12:00,5,699.1821
2025-10-29,12:00,6,0.0
2025-10-29,12:00,7,0.0
2025-10-29,12:00,8,0.0
2025-10-29,12:00,9,0.0
2025-10-29,12:00,10,0.0
2025-10-29,12:00,11,0.0
2025-10-29,12:00,12,0.0
2025-10-29,12:00,13,0.0
2025-10-29,12:00,14,0.0
2025-10-29,12:00,15,0.0
2025-10-29,12:00,16,0.0
2025-10-29,12:00,17,0.0
2025-10-29,12:00,18,0.0
2025-10-29,12:00,19,612.8932
2025-10-29,12:00,20,2039.5985
2025-10-29,12:00,21,3738.2854
2025-10-29,12:00,22,5865.5916
2025-10-29,12:00,23,6740.9124
2025-10-29,12:00,24,6680.0957
2025-10-29,18:00,1,0.0
2025-10-29,18:00,2,0.0
2025-10-29,18:00,3,0.0
2025-10-29,18:00,4,0.0
2025-10-29,18:00,5,0.0
2025-10-29,18:00,6,0.0
2025-10-29,18:00,7,0.0
2025-10-29,18:00,8,0.0
2025-10-29,18:00,9,0.0
2025-10-29,18:00,10,0.0
2025-10-29,18:00,11,0.0
2025-10-29,18:00,12,0.0
2025-10-29,18:00,13,700.7389
2025-10-29,18:00,14,2562.7636
2025-10-29,18:00,15,5094.2234
2025-10-29,18:00,16,6833.0228
2025-10-29,18:00,17,6825.9141
2025-10-29,18:00,18,6443.7591
2025-10-29,18:00,19,6125.8649
2025-10-29,18:00,20,5347.4619
2025-10-29,18:00,21,3671.0972
2025-10-29,18:00,22,1847.2925
2025-10-29,18:00,23,344.5
2025-10-29,18:00,24,0.0
2025-10-30,0:00,1,0.0
2025-10-30,0:00,2,0.0
2025-10-30,0:00,3,0.0
2025-10-30,0:00,4,0.0
2025-10-30,0:00,5,0.0
2025-10-30,0:00,6,0.0
2025-10-30,0:00,7,582.5079
2025-10-30,0:00,8,2339.9737
2025-10-30,0:00,9,4492.5359
2025-10-30,0:00,10,7145.8701
2025-10-30,0:00,11,8384.8875
2025-10-30,0:00,12,8858.0625
2025-10-30,0:00,13,7963.05
2025-10-30,0:00,14,6777.525
2025-10-30,0:00,15,5415.525
2025-10-30,0:00,16,3292.1645
2025-10-30,0:00,17,580.4091
2025-10-30,0:00,18,0.0
2025-10-30,0:00,19,0.0
2025-10-30,0:00,20,0.0
2025-10-30,0:00,21,0.0
2025-10-30,0:00,22,0.0
2025-10-30,0:00,23,0.0
2025-10-30,0:00,24,0.0
2025-10-30,6:00,1,621.6997
2025-10-30,6:00,2,2444.4243
2025-10-30,6:00,3,4917.4881
2025-10-30,6:00,4,7271.325
2025-10-30,6:00,5,8384.8875
2025-10-30,6:00,6,8399.7352
2025-10-30,6:00,7,7963.05
2025-10-30,6:00,8,6777.525
2025-10-30,6:00,9,4550.7265
2025-10-30,6:00,10,2583.1588
2025-10-30,6:00,11,529.3616
2025-10-30,6:00,12,0.0
2025-10-30,6:00,13,0.0
2025-10-30,6:00,14,0.0
2025-10-30,6:00,15,0.0
2025-10-30,6:00,16,0.0
2025-10-30,6:00,17,0.0
2025-10-30,6:00,18,0.0
2025-10-30,6:00,19,0.0
2025-10-30,6:00,20,0.0
2025-10-30,6:00,21,0.0
2025-10-30,6:00,22,0.0
2025-10-30,6:00,23,0.0
2025-10-30,6:00,24,0.0
2025-10-30,12:00,1,7963.05
2025-10-30,12:00,2,6456.4712
2025-10-30,12:00,3,4565.6454
2025-10-30,12:00,4,2545.4263
2025-10-30,12:00,5,564.5799
2025-10-30,12:00,6,0.0
2025-10-30,12:00,7,0.0
2025-10-30,12:00,8,0.0
2025-10-30,12:00,9,0.0
2025-10-30,12:00,10,0.0
2025-10-30,12:00,11,0.0
2025-10-30,12:00,12,0.0
2025-10-30,12:00,13,0.0
2025-10-30,12:00,14,0.0
2025-10-30,12:00,15,0.0
2025-10-30,12:00,16,0.0
2025-10-30,12:00,17,0.0
2025-10-30,12:00,18,0.0
2025-10-30,12:00,19,399.6242
2025-10-30,12:00,20,2340.861
2025-10-30,12:00,21,4594.1686
2025-10-30,12:00,22,7271.325
2025-10-30,12:00,23,8384.8875
2025-10-30,12:00,24,8858.0625
2025-10-30,18:00,1,0.0
2025-10-30,18:00,2,0.0
2025-10-30,18:00,3,0.0
2025-10-30,18:00,4,0.0
2025-10-30,18:00,5,0.0
2025-10-30,18:00,6,0.0
2025-10-30,18:00,7,0.0
2025-10-30,18:00,8,0.0
2025-10-30,18:00,9,0.0
2025-10-30,18:00,10,0.0
2025-10-30,18:00,11,0.0
2025-10-30,18:00,12,0.0
2025-10-30,18:00,13,640.2091
2025-10-30,18:00,14,2914.3513
2025-10-30,18:00,15,4683.3675
2025-10-30,18:00,16,7244.7689
2025-10-30,18:00,17,8384.8875
2025-10-30,18:00,18,8858.0625
2025-10-30,18:00,19,7963.05
2025-10-30,18:00,20,6777.525
2025-10-30,18:00,21,4787.4627
2025-10-30,18:00,22,2870.9959
2025-10-30,18:00,23,627.8457
2025-10-30,18:00,24,0.0
2025-10-31,0:00,1,0.0
2025-10-31,0:00,2,0.0
2025-10-31,0:00,3,0.0
2025-10-31,0:00,4,0.0
2025-10-31,0:00,5,0.0
2025-10-31,0:00,6,0.0
2025-10-31,0:00,7,543.841
2025-10-31,0:00,8,2707.1682
2025-10-31,0:00,9,4524.2871
2025-10-31,0:00,10,6486.5169
2025-10-31,0:00,11,7118.7318
2025-10-31,0:00,12,7573.1852
2025-10-31,0:00,13,6455.011
2025-10-31,0:00,14,5351.9671
2025-10-31,0:00,15,3418.4762
2025-10-31,0:00,16,1985.7064
2025-10-31,0:00,17,451.1188
2025-10-31,0:00,18,0.0
2025-10-31,0:00,19,0.0
2025-10-31,0:00,20,0.0
2025-10-31,0:00,21,0.0
2025-10-31,0:00,22,0.0
2025-10-31,0:00,23,0.0
2025-10-31,0:00,24,0.0
2025-10-31,6:00,1,578.7105
2025-10-31,6:00,2,2687.5095
2025-10-31,6:00,3,4327.8498
2025-10-31,6:00,4,6572.2869
2025-10-31,6:00,5,7305.7288
2025-10-31,6:00,6,7063.3414
2025-10-31,6:00,7,6967.4376
2025-10-31,6:00,8,5851.2499
2025-10-31,6:00,9,4175.9707
2025-10-31,6:00,10,2566.7185
2025-10-31,6:00,11,603.2524
2025-10-31,6:00,12,0.0
2025-10-31,6:00,13,0.0
2025-10-31,6:00,14,0.0
2025-10-31,6:00,15,0.0
2025-10-31,6:00,16,0.0
2025-10-31,6:00,17,0.0
2025-10-31,6:00,18,0.0
2025-10-31,6:00,19,0.0
2025-10-31,6:00,20,0.0
2025-10-31,6:00,21,0.0
2025-10-31,6:00,22,0.0
2025-10-31,6:00,23,0.0
2025-10-31,6:00,24,0.0
2025-10-31,12:00,1,7064.4262
2025-10-31,12:00,2,6190.7606
2025-10-31,12:00,3,4235.7474
2025-10-31,12:00,4,2401.0419
2025-10-31,12:00,5,556.333
2025-10-31,12:00,6,0.0
2025-10-31,12:00,7,0.0
2025-10-31,12:00,8,0.0
2025-10-31,12:00,9,0.0
2025-10-31,12:00,10,0.0
2025-10-31,12:00,11,0.0
2025-10-31,12:00,12,0.0
2025-10-31,12:00,13,0.0
2025-10-31,12:00,14,0.0
2025-10-31,12:00,15,0.0
2025-10-31,12:00,16,0.0
2025-10-31,12:00,17,0.0
2025-10-31,12:00,18,0.0
2025-10-31,12:00,19,526.382
2025-10-31,12:00,20,2706.6496
2025-10-31,12:00,21,5517.2997
2025-10-31,12:00,22,6610.1904
2025-10-31,12:00,23,7523.4044
2025-10-31,12:00,24,7078.8453
2025-10-31,18:00,1,0.0
2025-10-31,18:00,2,0.0
2025-10-31,18:00,3,0.0
2025-10-31,18:00,4,0.0
2025-10-31,18:00,5,0.0
2025-10-31,18:00,6,0.0
2025-10-31,18:00,7,0.0
2025-10-31,18:00,8,0.0
2025-10-31,18:00,9,0.0
2025-10-31,18:00,10,0.0
2025-10-31,18:00,11,0.0
2025-10-31,18:00,12,0.0
2025-10-31,18:00,13,523.056
2025-10-31,18:00,14,2187.6761
2025-10-31,18:00,15,3917.3595
2025-10-31,18:00,16,4406.1472
2025-10-31,18:00,17,4610.1836
2025-10-31,18:00,18,4997.9578
2025-10-31,18:00,19,5709.68
2025-10-31,18:00,20,5016.9137
2025-10-31,18:00,21,4965.921
2025-10-31,18:00,22,2895.9116
2025-10-31,18:00,23,675.4424
2025-10-31,18:00,24,0.0
2025-11-1,0:00,1,0.0
2025-11-1,0:00,2,0.0
2025-11-1,0:00,3,0.0
2025-11-1,0:00,4,0.0
2025-11-1,0:00,5,0.0
2025-11-1,0:00,6,0.0
2025-11-1,0:00,7,602.1364
2025-11-1,0:00,8,2615.7122
2025-11-1,0:00,9,4886.3174
2025-11-1,0:00,10,6301.213
2025-11-1,0:00,11,8037.6513
2025-11-1,0:00,12,7862.1037
2025-11-1,0:00,13,7367.4125
2025-11-1,0:00,14,5962.5999
2025-11-1,0:00,15,4299.3223
2025-11-1,0:00,16,2404.1913
2025-11-1,0:00,17,587.7745
2025-11-1,0:00,18,0.0
2025-11-1,0:00,19,0.0
2025-11-1,0:00,20,0.0
2025-11-1,0:00,21,0.0
2025-11-1,0:00,22,0.0
2025-11-1,0:00,23,0.0
2025-11-1,0:00,24,0.0
2025-11-1,6:00,1,599.3521
2025-11-1,6:00,2,2610.868
2025-11-1,6:00,3,4819.989
2025-11-1,6:00,4,6106.2737
2025-11-1,6:00,5,7436.0833
2025-11-1,6:00,6,7415.4856
2025-11-1,6:00,7,6979.0178
2025-11-1,6:00,8,6370.2847
2025-11-1,6:00,9,4938.0014
2025-11-1,6:00,10,2700.4072
2025-11-1,6:00,11,616.1039
2025-11-1,6:00,12,0.0
2025-11-1,6:00,13,0.0
2025-11-1,6:00,14,0.0
2025-11-1,6:00,15,0.0
2025-11-1,6:00,16,0.0
2025-11-1,6:00,17,0.0
2025-11-1,6:00,18,0.0
2025-11-1,6:00,19,0.0
2025-11-1,6:00,20,0.0
2025-11-1,6:00,21,0.0
2025-11-1,6:00,22,0.0
2025-11-1,6:00,23,0.0
2025-11-1,6:00,24,0.0
2025-11-1,12:00,1,6980.0059
2025-11-1,12:00,2,5928.3634
2025-11-1,12:00,3,4510.4486
2025-11-1,12:00,4,2446.9265
2025-11-1,12:00,5,539.667
2025-11-1,12:00,6,0.0
2025-11-1,12:00,7,0.0
2025-11-1,12:00,8,0.0
2025-11-1,12:00,9,0.0
2025-11-1,12:00,10,0.0
2025-11-1,12:00,11,0.0
2025-11-1,12:00,12,0.0
2025-11-1,12:00,13,0.0
2025-11-1,12:00,14,0.0
2025-11-1,12:00,15,0.0
2025-11-1,12:00,16,0.0
2025-11-1,12:00,17,0.0
2025-11-1,12:00,18,0.0
2025-11-1,12:00,19,710.3313
2025-11-1,12:00,20,3225.0
2025-11-1,12:00,21,5402.7538
2025-11-1,12:00,22,6761.1334
2025-11-1,12:00,23,8384.8875
2025-11-1,12:00,24,7886.7538
2025-11-1,18:00,1,0.0
2025-11-1,18:00,2,0.0
2025-11-1,18:00,3,0.0
2025-11-1,18:00,4,0.0
2025-11-1,18:00,5,0.0
2025-11-1,18:00,6,0.0
2025-11-1,18:00,7,0.0
2025-11-1,18:00,8,0.0
2025-11-1,18:00,9,0.0
2025-11-1,18:00,10,0.0
2025-11-1,18:00,11,0.0
2025-11-1,18:00,12,0.0
2025-11-1,18:00,13,536.8266
2025-11-1,18:00,14,2792.219
2025-11-1,18:00,15,4842.4967
2025-11-1,18:00,16,6685.7929
2025-11-1,18:00,17,7128.3402
2025-11-1,18:00,18,7544.6981
2025-11-1,18:00,19,6236.6024
2025-11-1,18:00,20,5752.337
2025-11-1,18:00,21,4649.2147
2025-11-1,18:00,22,3097.0634
2025-11-1,18:00,23,659.4813
2025-11-1,18:00,24,0.0
2025-11-2,0:00,1,0.0
2025-11-2,0:00,2,0.0
2025-11-2,0:00,3,0.0
2025-11-2,0:00,4,0.0
2025-11-2,0:00,5,0.0
2025-11-2,0:00,6,0.0
2025-11-2,0:00,7,524.8964
2025-11-2,0:00,8,2711.6427
2025-11-2,0:00,9,4860.1866
2025-11-2,0:00,10,6180.7536
2025-11-2,0:00,11,8114.2819
2025-11-2,0:00,12,8574.6783
2025-11-2,0:00,13,7436.2371
2025-11-2,0:00,14,5385.2898
2025-11-2,0:00,15,3783.2704
2025-11-2,0:00,16,2157.3104
2025-11-2,0:00,17,424.6617
2025-11-2,0:00,18,0.0
2025-11-2,0:00,19,0.0
2025-11-2,0:00,20,0.0
2025-11-2,0:00,21,0.0
2025-11-2,0:00,22,0.0
2025-11-2,0:00,23,0.0
2025-11-2,0:00,24,0.0
2025-11-2,6:00,1,530.2541
2025-11-2,6:00,2,2599.7062
2025-11-2,6:00,3,4369.5174
2025-11-2,6:00,4,5973.6453
2025-11-2,6:00,5,7243.3881
2025-11-2,6:00,6,7401.6098
2025-11-2,6:00,7,6382.7239
2025-11-2,6:00,8,5075.0545
2025-11-2,6:00,9,3774.0324
2025-11-2,6:00,10,2284.6837
2025-11-2,6:00,11,458.7139
2025-11-2,6:00,12,0.0
2025-11-2,6:00,13,0.0
2025-11-2,6:00,14,0.0
2025-11-2,6:00,15,0.0
2025-11-2,6:00,16,0.0
2025-11-2,6:00,17,0.0
2025-11-2,6:00,18,0.0
2025-11-2,6:00,19,0.0
2025-11-2,6:00,20,0.0
2025-11-2,6:00,21,0.0
2025-11-2,6:00,22,0.0
2025-11-2,6:00,23,0.0
2025-11-2,6:00,24,0.0
2025-11-2,12:00,1,6985.2256
2025-11-2,12:00,2,5552.6066
2025-11-2,12:00,3,4467.2747
2025-11-2,12:00,4,2654.7491
2025-11-2,12:00,5,550.2385
2025-11-2,12:00,6,0.0
2025-11-2,12:00,7,0.0
2025-11-2,12:00,8,0.0
2025-11-2,12:00,9,0.0
2025-11-2,12:00,10,0.0
2025-11-2,12:00,11,0.0
2025-11-2,12:00,12,0.0
2025-11-2,12:00,13,0.0
2025-11-2,12:00,14,0.0
2025-11-2,12:00,15,0.0
2025-11-2,12:00,16,0.0
2025-11-2,12:00,17,0.0
2025-11-2,12:00,18,0.0
2025-11-2,12:00,19,606.1491
2025-11-2,12:00,20,3079.6875
2025-11-2,12:00,21,5263.425
2025-11-2,12:00,22,6652.4492
2025-11-2,12:00,23,7235.0271
2025-11-2,12:00,24,7988.9929
2025-11-2,18:00,1,0.0
2025-11-2,18:00,2,0.0
2025-11-2,18:00,3,0.0
2025-11-2,18:00,4,0.0
2025-11-2,18:00,5,0.0
2025-11-2,18:00,6,0.0
2025-11-2,18:00,7,0.0
2025-11-2,18:00,8,0.0
2025-11-2,18:00,9,0.0
2025-11-2,18:00,10,0.0
2025-11-2,18:00,11,0.0
2025-11-2,18:00,12,0.0
2025-11-2,18:00,13,566.7255
2025-11-2,18:00,14,3052.3023
2025-11-2,18:00,15,5263.425
2025-11-2,18:00,16,6083.2812
2025-11-2,18:00,17,7083.9479
2025-11-2,18:00,18,6910.3219
2025-11-2,18:00,19,6769.936
2025-11-2,18:00,20,5728.6375
2025-11-2,18:00,21,4027.0294
2025-11-2,18:00,22,2250.5301
2025-11-2,18:00,23,427.7836
2025-11-2,18:00,24,0.0
2025-11-3,0:00,1,0.0
2025-11-3,0:00,2,0.0
2025-11-3,0:00,3,0.0
2025-11-3,0:00,4,0.0
2025-11-3,0:00,5,0.0
2025-11-3,0:00,6,0.0
2025-11-3,0:00,7,528.8327
2025-11-3,0:00,8,2605.8958
2025-11-3,0:00,9,4618.1289
2025-11-3,0:00,10,5499.8937
2025-11-3,0:00,11,6731.3565
2025-11-3,0:00,12,6010.8184
2025-11-3,0:00,13,6360.3152
2025-11-3,0:00,14,5774.1593
2025-11-3,0:00,15,4445.5197
2025-11-3,0:00,16,2060.3717
2025-11-3,0:00,17,507.3483
2025-11-3,0:00,18,0.0
2025-11-3,0:00,19,0.0
2025-11-3,0:00,20,0.0
2025-11-3,0:00,21,0.0
2025-11-3,0:00,22,0.0
2025-11-3,0:00,23,0.0
2025-11-3,0:00,24,0.0
2025-11-3,6:00,1,534.4362
2025-11-3,6:00,2,2766.021
2025-11-3,6:00,3,4921.2297
2025-11-3,6:00,4,6224.968
2025-11-3,6:00,5,7057.5056
2025-11-3,6:00,6,7024.532
2025-11-3,6:00,7,6807.0561
2025-11-3,6:00,8,6073.5273
2025-11-3,6:00,9,4110.8714
2025-11-3,6:00,10,2164.9463
2025-11-3,6:00,11,479.6156
2025-11-3,6:00,12,0.0
2025-11-3,6:00,13,0.0
2025-11-3,6:00,14,0.0
2025-11-3,6:00,15,0.0
2025-11-3,6:00,16,0.0
2025-11-3,6:00,17,0.0
2025-11-3,6:00,18,0.0
2025-11-3,6:00,19,0.0
2025-11-3,6:00,20,0.0
2025-11-3,6:00,21,0.0
2025-11-3,6:00,22,0.0
2025-11-3,6:00,23,0.0
2025-11-3,6:00,24,0.0
2025-11-3,12:00,1,6890.8694
2025-11-3,12:00,2,6185.6199
2025-11-3,12:00,3,4282.6602
2025-11-3,12:00,4,2368.8776
2025-11-3,12:00,5,485.5499
2025-11-3,12:00,6,0.0
2025-11-3,12:00,7,0.0
2025-11-3,12:00,8,0.0
2025-11-3,12:00,9,0.0
2025-11-3,12:00,10,0.0
2025-11-3,12:00,11,0.0
2025-11-3,12:00,12,0.0
2025-11-3,12:00,13,0.0
2025-11-3,12:00,14,0.0
2025-11-3,12:00,15,0.0
2025-11-3,12:00,16,0.0
2025-11-3,12:00,17,0.0
2025-11-3,12:00,18,0.0
2025-11-3,12:00,19,538.5218
2025-11-3,12:00,20,2686.2679
2025-11-3,12:00,21,4734.5638
2025-11-3,12:00,22,5461.0116
2025-11-3,12:00,23,6868.0097
2025-11-3,12:00,24,8858.0625
2025-11-3,18:00,1,0.0
2025-11-3,18:00,2,0.0
2025-11-3,18:00,3,0.0
2025-11-3,18:00,4,0.0
2025-11-3,18:00,5,0.0
2025-11-3,18:00,6,0.0
2025-11-3,18:00,7,0.0
2025-11-3,18:00,8,0.0
2025-11-3,18:00,9,0.0
2025-11-3,18:00,10,0.0
2025-11-3,18:00,11,0.0
2025-11-3,18:00,12,0.0
2025-11-3,18:00,13,508.1174
2025-11-3,18:00,14,2219.1205
2025-11-3,18:00,15,4489.3605
2025-11-3,18:00,16,6063.224
2025-11-3,18:00,17,6397.1308
2025-11-3,18:00,18,7414.8643
2025-11-3,18:00,19,7568.9102
2025-11-3,18:00,20,6249.765
2025-11-3,18:00,21,4894.2927
2025-11-3,18:00,22,2967.5968
2025-11-3,18:00,23,693.5793
2025-11-3,18:00,24,0.0
2025-11-4,0:00,1,0.0
2025-11-4,0:00,2,0.0
2025-11-4,0:00,3,0.0
2025-11-4,0:00,4,0.0
2025-11-4,0:00,5,0.0
2025-11-4,0:00,6,0.0
2025-11-4,0:00,7,515.8394
2025-11-4,0:00,8,2449.8848
2025-11-4,0:00,9,4685.0866
2025-11-4,0:00,10,5597.5731
2025-11-4,0:00,11,7050.6566
2025-11-4,0:00,12,8173.9442
2025-11-4,0:00,13,7915.9274
2025-11-4,0:00,14,6354.2429
2025-11-4,0:00,15,4962.0905
2025-11-4,0:00,16,2678.6843
2025-11-4,0:00,17,538.5256
2025-11-4,0:00,18,0.0
2025-11-4,0:00,19,0.0
2025-11-4,0:00,20,0.0
2025-11-4,0:00,21,0.0
2025-11-4,0:00,22,0.0
2025-11-4,0:00,23,0.0
2025-11-4,0:00,24,0.0
2025-11-4,6:00,1,499.2359
2025-11-4,6:00,2,2472.3483
2025-11-4,6:00,3,4528.6701
2025-11-4,6:00,4,5589.3305
2025-11-4,6:00,5,6691.2272
2025-11-4,6:00,6,8268.4836
2025-11-4,6:00,7,7352.1381
2025-11-4,6:00,8,6208.7698
2025-11-4,6:00,9,4445.155
2025-11-4,6:00,10,2351.854
2025-11-4,6:00,11,475.4776
2025-11-4,6:00,12,0.0
2025-11-4,6:00,13,0.0
2025-11-4,6:00,14,0.0
2025-11-4,6:00,15,0.0
2025-11-4,6:00,16,0.0
2025-11-4,6:00,17,0.0
2025-11-4,6:00,18,0.0
2025-11-4,6:00,19,0.0
2025-11-4,6:00,20,0.0
2025-11-4,6:00,21,0.0
2025-11-4,6:00,22,0.0
2025-11-4,6:00,23,0.0
2025-11-4,6:00,24,0.0
2025-11-4,12:00,1,7410.0508
2025-11-4,12:00,2,6310.7894
2025-11-4,12:00,3,4730.4597
2025-11-4,12:00,4,2476.2647
2025-11-4,12:00,5,516.3619
2025-11-4,12:00,6,0.0
2025-11-4,12:00,7,0.0
2025-11-4,12:00,8,0.0
2025-11-4,12:00,9,0.0
2025-11-4,12:00,10,0.0
2025-11-4,12:00,11,0.0
2025-11-4,12:00,12,0.0
2025-11-4,12:00,13,0.0
2025-11-4,12:00,14,0.0
2025-11-4,12:00,15,0.0
2025-11-4,12:00,16,0.0
2025-11-4,12:00,17,0.0
2025-11-4,12:00,18,0.0
2025-11-4,12:00,19,561.6601
2025-11-4,12:00,20,2521.0121
2025-11-4,12:00,21,4555.1429
2025-11-4,12:00,22,6335.8287
2025-11-4,12:00,23,7086.4495
2025-11-4,12:00,24,6322.2973
2025-11-4,18:00,1,0.0
2025-11-4,18:00,2,0.0
2025-11-4,18:00,3,0.0
2025-11-4,18:00,4,0.0
2025-11-4,18:00,5,0.0
2025-11-4,18:00,6,0.0
2025-11-4,18:00,7,0.0
2025-11-4,18:00,8,0.0
2025-11-4,18:00,9,0.0
2025-11-4,18:00,10,0.0
2025-11-4,18:00,11,0.0
2025-11-4,18:00,12,0.0
2025-11-4,18:00,13,458.3928
2025-11-4,18:00,14,2185.5956
2025-11-4,18:00,15,3452.0689
2025-11-4,18:00,16,4106.9534
2025-11-4,18:00,17,5657.8509
2025-11-4,18:00,18,4338.3481
2025-11-4,18:00,19,5309.9588
2025-11-4,18:00,20,4006.7639
2025-11-4,18:00,21,3018.5999
2025-11-4,18:00,22,1186.4254
2025-11-4,18:00,23,307.1111
2025-11-4,18:00,24,0.0
2025-11-5,0:00,1,0.0
2025-11-5,0:00,2,0.0
2025-11-5,0:00,3,0.0
2025-11-5,0:00,4,0.0
2025-11-5,0:00,5,0.0
2025-11-5,0:00,6,0.0
2025-11-5,0:00,7,478.9689
2025-11-5,0:00,8,2598.1356
2025-11-5,0:00,9,4523.0117
2025-11-5,0:00,10,5698.9507
2025-11-5,0:00,11,6501.7867
2025-11-5,0:00,12,6188.1807
2025-11-5,0:00,13,5693.1077
2025-11-5,0:00,14,5259.6825
2025-11-5,0:00,15,3750.6634
2025-11-5,0:00,16,1659.7815
2025-11-5,0:00,17,390.5756
2025-11-5,0:00,18,0.0
2025-11-5,0:00,19,0.0
2025-11-5,0:00,20,0.0
2025-11-5,0:00,21,0.0
2025-11-5,0:00,22,0.0
2025-11-5,0:00,23,0.0
2025-11-5,0:00,24,0.0
2025-11-5,6:00,1,500.277
2025-11-5,6:00,2,2543.5035
2025-11-5,6:00,3,4422.8967
2025-11-5,6:00,4,6148.3946
2025-11-5,6:00,5,7393.1496
2025-11-5,6:00,6,7441.9637
2025-11-5,6:00,7,7588.8257
2025-11-5,6:00,8,6777.525
2025-11-5,6:00,9,4637.0482
2025-11-5,6:00,10,2535.2927
2025-11-5,6:00,11,490.0206
2025-11-5,6:00,12,0.0
2025-11-5,6:00,13,0.0
2025-11-5,6:00,14,0.0
2025-11-5,6:00,15,0.0
2025-11-5,6:00,16,0.0
2025-11-5,6:00,17,0.0
2025-11-5,6:00,18,0.0
2025-11-5,6:00,19,0.0
2025-11-5,6:00,20,0.0
2025-11-5,6:00,21,0.0
2025-11-5,6:00,22,0.0
2025-11-5,6:00,23,0.0
2025-11-5,6:00,24,0.0
2025-11-5,12:00,1,6975.2039
2025-11-5,12:00,2,6469.0158
2025-11-5,12:00,3,4274.1144
2025-11-5,12:00,4,2252.5122
2025-11-5,12:00,5,460.1526
2025-11-5,12:00,6,0.0
2025-11-5,12:00,7,0.0
2025-11-5,12:00,8,0.0
2025-11-5,12:00,9,0.0
2025-11-5,12:00,10,0.0
2025-11-5,12:00,11,0.0
2025-11-5,12:00,12,0.0
2025-11-5,12:00,13,0.0
2025-11-5,12:00,14,0.0
2025-11-5,12:00,15,0.0
2025-11-5,12:00,16,0.0
2025-11-5,12:00,17,0.0
2025-11-5,12:00,18,0.0
2025-11-5,12:00,19,461.4399
2025-11-5,12:00,20,2088.2692
2025-11-5,12:00,21,3152.1902
2025-11-5,12:00,22,5160.3737
2025-11-5,12:00,23,3886.1797
2025-11-5,12:00,24,4151.1701
2025-11-5,18:00,1,0.0
2025-11-5,18:00,2,0.0
2025-11-5,18:00,3,0.0
2025-11-5,18:00,4,0.0
2025-11-5,18:00,5,0.0
2025-11-5,18:00,6,0.0
2025-11-5,18:00,7,0.0
2025-11-5,18:00,8,0.0
2025-11-5,18:00,9,0.0
2025-11-5,18:00,10,0.0
2025-11-5,18:00,11,0.0
2025-11-5,18:00,12,0.0
2025-11-5,18:00,13,405.1525
2025-11-5,18:00,14,2024.9781
2025-11-5,18:00,15,3819.3664
2025-11-5,18:00,16,5587.5071
2025-11-5,18:00,17,6344.3638
2025-11-5,18:00,18,7313.6985
2025-11-5,18:00,19,6376.4502
2025-11-5,18:00,20,5409.4963
2025-11-5,18:00,21,4014.808
2025-11-5,18:00,22,2253.683
2025-11-5,18:00,23,384.9815
2025-11-5,18:00,24,0.0
2025-11-6,0:00,1,0.0
2025-11-6,0:00,2,0.0
2025-11-6,0:00,3,0.0
2025-11-6,0:00,4,0.0
2025-11-6,0:00,5,0.0
2025-11-6,0:00,6,0.0
2025-11-6,0:00,7,417.1079
2025-11-6,0:00,8,2148.1923
2025-11-6,0:00,9,4427.4213
2025-11-6,0:00,10,5821.4169
2025-11-6,0:00,11,6658.7169
2025-11-6,0:00,12,7324.3125
2025-11-6,0:00,13,6539.7359
2025-11-6,0:00,14,6087.1125
2025-11-6,0:00,15,5088.6483
2025-11-6,0:00,16,2534.827
2025-11-6,0:00,17,536.5392
2025-11-6,0:00,18,0.0
2025-11-6,0:00,19,0.0
2025-11-6,0:00,20,0.0
2025-11-6,0:00,21,0.0
2025-11-6,0:00,22,0.0
2025-11-6,0:00,23,0.0
2025-11-6,0:00,24,0.0
2025-11-6,6:00,1,422.3535
2025-11-6,6:00,2,2137.5703
2025-11-6,6:00,3,4107.7144
2025-11-6,6:00,4,5457.3483
2025-11-6,6:00,5,6493.2408
2025-11-6,6:00,6,7227.2397
2025-11-6,6:00,7,6455.8148
2025-11-6,6:00,8,5767.2545
2025-11-6,6:00,9,4695.1612
2025-11-6,6:00,10,2570.7497
2025-11-6,6:00,11,429.9194
2025-11-6,6:00,12,0.0
2025-11-6,6:00,13,0.0
2025-11-6,6:00,14,0.0
2025-11-6,6:00,15,0.0
2025-11-6,6:00,16,0.0
2025-11-6,6:00,17,0.0
2025-11-6,6:00,18,0.0
2025-11-6,6:00,19,0.0
2025-11-6,6:00,20,0.0
2025-11-6,6:00,21,0.0
2025-11-6,6:00,22,0.0
2025-11-6,6:00,23,0.0
2025-11-6,6:00,24,0.0
2025-11-6,12:00,1,6816.8779
2025-11-6,12:00,2,6059.1443
2025-11-6,12:00,3,4516.8411
2025-11-6,12:00,4,2516.2037
2025-11-6,12:00,5,399.8222
2025-11-6,12:00,6,0.0
2025-11-6,12:00,7,0.0
2025-11-6,12:00,8,0.0
2025-11-6,12:00,9,0.0
2025-11-6,12:00,10,0.0
2025-11-6,12:00,11,0.0
2025-11-6,12:00,12,0.0
2025-11-6,12:00,13,0.0
2025-11-6,12:00,14,0.0
2025-11-6,12:00,15,0.0
2025-11-6,12:00,16,0.0
2025-11-6,12:00,17,0.0
2025-11-6,12:00,18,0.0
2025-11-6,12:00,19,356.6239
2025-11-6,12:00,20,2078.7119
2025-11-6,12:00,21,3723.0849
2025-11-6,12:00,22,6179.025
2025-11-6,12:00,23,7735.3185
2025-11-6,12:00,24,8858.0625
2025-11-6,18:00,1,0.0
2025-11-6,18:00,2,0.0
2025-11-6,18:00,3,0.0
2025-11-6,18:00,4,0.0
2025-11-6,18:00,5,0.0
2025-11-6,18:00,6,0.0
2025-11-6,18:00,7,0.0
2025-11-6,18:00,8,0.0
2025-11-6,18:00,9,0.0
2025-11-6,18:00,10,0.0
2025-11-6,18:00,11,0.0
2025-11-6,18:00,12,0.0
2025-11-6,18:00,13,389.4067
2025-11-6,18:00,14,2023.9069
2025-11-6,18:00,15,3016.2725
2025-11-6,18:00,16,4408.5087
2025-11-6,18:00,17,5806.9437
2025-11-6,18:00,18,5732.1071
2025-11-6,18:00,19,6449.8673
2025-11-6,18:00,20,6427.5025
2025-11-6,18:00,21,5088.6551
2025-11-6,18:00,22,2901.9067
2025-11-6,18:00,23,524.2279
2025-11-6,18:00,24,0.0
2025-11-7,0:00,1,0.0
2025-11-7,0:00,2,0.0
2025-11-7,0:00,3,0.0
2025-11-7,0:00,4,0.0
2025-11-7,0:00,5,0.0
2025-11-7,0:00,6,0.0
2025-11-7,0:00,7,347.9555
2025-11-7,0:00,8,2067.5103
2025-11-7,0:00,9,3919.8411
2025-11-7,0:00,10,5463.3851
2025-11-7,0:00,11,6700.261
2025-11-7,0:00,12,7929.5821
2025-11-7,0:00,13,7963.05
2025-11-7,0:00,14,6480.9487
2025-11-7,0:00,15,4983.0636
2025-11-7,0:00,16,3024.6516
2025-11-7,0:00,17,489.8804
2025-11-7,0:00,18,0.0
2025-11-7,0:00,19,0.0
2025-11-7,0:00,20,0.0
2025-11-7,0:00,21,0.0
2025-11-7,0:00,22,0.0
2025-11-7,0:00,23,0.0
2025-11-7,0:00,24,0.0
2025-11-7,6:00,1,363.0997
2025-11-7,6:00,2,2117.0735
2025-11-7,6:00,3,3768.3413
2025-11-7,6:00,4,5198.7861
2025-11-7,6:00,5,5968.0926
2025-11-7,6:00,6,7004.3779
2025-11-7,6:00,7,7167.493
2025-11-7,6:00,8,5890.4179
2025-11-7,6:00,9,4724.9504
2025-11-7,6:00,10,2714.3585
2025-11-7,6:00,11,428.1509
2025-11-7,6:00,12,0.0
2025-11-7,6:00,13,0.0
2025-11-7,6:00,14,0.0
2025-11-7,6:00,15,0.0
2025-11-7,6:00,16,0.0
2025-11-7,6:00,17,0.0
2025-11-7,6:00,18,0.0
2025-11-7,6:00,19,0.0
2025-11-7,6:00,20,0.0
2025-11-7,6:00,21,0.0
2025-11-7,6:00,22,0.0
2025-11-7,6:00,23,0.0
2025-11-7,6:00,24,0.0
2025-11-7,12:00,1,7731.5183
2025-11-7,12:00,2,6613.471
2025-11-7,12:00,3,4854.8498
2025-11-7,12:00,4,2728.5513
2025-11-7,12:00,5,427.2185
2025-11-7,12:00,6,0.0
2025-11-7,12:00,7,0.0
2025-11-7,12:00,8,0.0
2025-11-7,12:00,9,0.0
2025-11-7,12:00,10,0.0
2025-11-7,12:00,11,0.0
2025-11-7,12:00,12,0.0
2025-11-7,12:00,13,0.0
2025-11-7,12:00,14,0.0
2025-11-7,12:00,15,0.0
2025-11-7,12:00,16,0.0
2025-11-7,12:00,17,0.0
2025-11-7,12:00,18,0.0
2025-11-7,12:00,19,368.7268
2025-11-7,12:00,20,2265.5139
2025-11-7,12:00,21,3888.7488
2025-11-7,12:00,22,4868.2275
2025-11-7,12:00,23,6449.0039
2025-11-7,12:00,24,7640.9579
2025-11-7,18:00,1,0.0
2025-11-7,18:00,2,0.0
2025-11-7,18:00,3,0.0
2025-11-7,18:00,4,0.0
2025-11-7,18:00,5,0.0
2025-11-7,18:00,6,0.0
2025-11-7,18:00,7,0.0
2025-11-7,18:00,8,0.0
2025-11-7,18:00,9,0.0
2025-11-7,18:00,10,0.0
2025-11-7,18:00,11,0.0
2025-11-7,18:00,12,0.0
2025-11-7,18:00,13,501.9512
2025-11-7,18:00,14,2889.74
2025-11-7,18:00,15,4670.6276
2025-11-7,18:00,16,6342.5233
2025-11-7,18:00,17,6588.5782
2025-11-7,18:00,18,8066.363
2025-11-7,18:00,19,7924.4504
2025-11-7,18:00,20,6645.3375
2025-11-7,18:00,21,5164.3875
2025-11-7,18:00,22,2609.2273
2025-11-7,18:00,23,351.8866
2025-11-7,18:00,24,0.0
2025-11-8,0:00,1,0.0
2025-11-8,0:00,2,0.0
2025-11-8,0:00,3,0.0
2025-11-8,0:00,4,0.0
2025-11-8,0:00,5,0.0
2025-11-8,0:00,6,0.0
2025-11-8,0:00,7,408.1308
2025-11-8,0:00,8,2253.7094
2025-11-8,0:00,9,3810.4996
2025-11-8,0:00,10,5075.8256
2025-11-8,0:00,11,5914.4399
2025-11-8,0:00,12,7340.2863
2025-11-8,0:00,13,6764.4658
2025-11-8,0:00,14,5806.1457
2025-11-8,0:00,15,4960.0183
2025-11-8,0:00,16,2469.3119
2025-11-8,0:00,17,406.3885
2025-11-8,0:00,18,0.0
2025-11-8,0:00,19,0.0
2025-11-8,0:00,20,0.0
2025-11-8,0:00,21,0.0
2025-11-8,0:00,22,0.0
2025-11-8,0:00,23,0.0
2025-11-8,0:00,24,0.0
2025-11-8,6:00,1,459.8812
2025-11-8,6:00,2,2591.6871
2025-11-8,6:00,3,4468.119
2025-11-8,6:00,4,5892.5112
2025-11-8,6:00,5,6964.0962
2025-11-8,6:00,6,7812.1657
2025-11-8,6:00,7,7326.1168
2025-11-8,6:00,8,6645.3375
2025-11-8,6:00,9,5005.0058
2025-11-8,6:00,10,2386.6776
2025-11-8,6:00,11,335.0344
2025-11-8,6:00,12,0.0
2025-11-8,6:00,13,0.0
2025-11-8,6:00,14,0.0
2025-11-8,6:00,15,0.0
2025-11-8,6:00,16,0.0
2025-11-8,6:00,17,0.0
2025-11-8,6:00,18,0.0
2025-11-8,6:00,19,0.0
2025-11-8,6:00,20,0.0
2025-11-8,6:00,21,0.0
2025-11-8,6:00,22,0.0
2025-11-8,6:00,23,0.0
2025-11-8,6:00,24,0.0
2025-11-8,12:00,1,6872.12
2025-11-8,12:00,2,6205.4915
2025-11-8,12:00,3,4614.9419
2025-11-8,12:00,4,2416.8306
2025-11-8,12:00,5,364.7956
2025-11-8,12:00,6,0.0
2025-11-8,12:00,7,0.0
2025-11-8,12:00,8,0.0
2025-11-8,12:00,9,0.0
2025-11-8,12:00,10,0.0
2025-11-8,12:00,11,0.0
2025-11-8,12:00,12,0.0
2025-11-8,12:00,13,0.0
2025-11-8,12:00,14,0.0
2025-11-8,12:00,15,0.0
2025-11-8,12:00,16,0.0
2025-11-8,12:00,17,0.0
2025-11-8,12:00,18,0.0
2025-11-8,12:00,19,339.7843
2025-11-8,12:00,20,2420.871
2025-11-8,12:00,21,4629.5159
2025-11-8,12:00,22,6629.8601
2025-11-8,12:00,23,8384.8875
2025-11-8,12:00,24,8858.0625
2025-11-8,18:00,1,0.0
2025-11-8,18:00,2,0.0
2025-11-8,18:00,3,0.0
2025-11-8,18:00,4,0.0
2025-11-8,18:00,5,0.0
2025-11-8,18:00,6,0.0
2025-11-8,18:00,7,0.0
2025-11-8,18:00,8,0.0
2025-11-8,18:00,9,0.0
2025-11-8,18:00,10,0.0
2025-11-8,18:00,11,0.0
2025-11-8,18:00,12,0.0
2025-11-8,18:00,13,370.6
2025-11-8,18:00,14,2206.9938
2025-11-8,18:00,15,4042.8108
2025-11-8,18:00,16,5531.2948
2025-11-8,18:00,17,5948.0339
2025-11-8,18:00,18,7177.8588
2025-11-8,18:00,19,7061.109
2025-11-8,18:00,20,5781.4268
2025-11-8,18:00,21,3884.9094
2025-11-8,18:00,22,2006.6363
2025-11-8,18:00,23,340.2832
2025-11-8,18:00,24,0.0
2025-11-9,0:00,1,0.0
2025-11-9,0:00,2,0.0
2025-11-9,0:00,3,0.0
2025-11-9,0:00,4,0.0
2025-11-9,0:00,5,0.0
2025-11-9,0:00,6,0.0
2025-11-9,0:00,7,388.8065
2025-11-9,0:00,8,2256.1988
2025-11-9,0:00,9,4351.0255
2025-11-9,0:00,10,5609.0299
2025-11-9,0:00,11,6910.1076
2025-11-9,0:00,12,7163.8581
2025-11-9,0:00,13,6562.3677
2025-11-9,0:00,14,5352.2472
2025-11-9,0:00,15,4086.001
2025-11-9,0:00,16,2595.5472
2025-11-9,0:00,17,503.7233
2025-11-9,0:00,18,0.0
2025-11-9,0:00,19,0.0
2025-11-9,0:00,20,0.0
2025-11-9,0:00,21,0.0
2025-11-9,0:00,22,0.0
2025-11-9,0:00,23,0.0
2025-11-9,0:00,24,0.0
2025-11-9,6:00,1,370.5746
2025-11-9,6:00,2,2215.2174
2025-11-9,6:00,3,4201.3899
2025-11-9,6:00,4,5807.5675
2025-11-9,6:00,5,6902.2034
2025-11-9,6:00,6,7572.9692
2025-11-9,6:00,7,6833.8312
2025-11-9,6:00,8,6141.7389
2025-11-9,6:00,9,4199.444
2025-11-9,6:00,10,2520.4336
2025-11-9,6:00,11,476.0321
2025-11-9,6:00,12,0.0
2025-11-9,6:00,13,0.0
2025-11-9,6:00,14,0.0
2025-11-9,6:00,15,0.0
2025-11-9,6:00,16,0.0
2025-11-9,6:00,17,0.0
2025-11-9,6:00,18,0.0
2025-11-9,6:00,19,0.0
2025-11-9,6:00,20,0.0
2025-11-9,6:00,21,0.0
2025-11-9,6:00,22,0.0
2025-11-9,6:00,23,0.0
2025-11-9,6:00,24,0.0
2025-11-9,12:00,1,6888.1617
2025-11-9,12:00,2,5886.8936
2025-11-9,12:00,3,3875.0141
2025-11-9,12:00,4,2384.1029
2025-11-9,12:00,5,437.0694
2025-11-9,12:00,6,0.0
2025-11-9,12:00,7,0.0
2025-11-9,12:00,8,0.0
2025-11-9,12:00,9,0.0
2025-11-9,12:00,10,0.0
2025-11-9,12:00,11,0.0
2025-11-9,12:00,12,0.0
2025-11-9,12:00,13,0.0
2025-11-9,12:00,14,0.0
2025-11-9,12:00,15,0.0
2025-11-9,12:00,16,0.0
2025-11-9,12:00,17,0.0
2025-11-9,12:00,18,0.0
2025-11-9,12:00,19,231.5314
2025-11-9,12:00,20,1543.0746
2025-11-9,12:00,21,3208.4591
2025-11-9,12:00,22,5733.8409
2025-11-9,12:00,23,6278.4783
2025-11-9,12:00,24,7008.2723
2025-11-9,18:00,1,0.0
2025-11-9,18:00,2,0.0
2025-11-9,18:00,3,0.0
2025-11-9,18:00,4,0.0
2025-11-9,18:00,5,0.0
2025-11-9,18:00,6,0.0
2025-11-9,18:00,7,0.0
2025-11-9,18:00,8,0.0
2025-11-9,18:00,9,0.0
2025-11-9,18:00,10,0.0
2025-11-9,18:00,11,0.0
2025-11-9,18:00,12,0.0
2025-11-9,18:00,13,365.3964
2025-11-9,18:00,14,2347.2834
2025-11-9,18:00,15,3699.8468
2025-11-9,18:00,16,4578.6416
2025-11-9,18:00,17,5531.4489
2025-11-9,18:00,18,6229.0857
2025-11-9,18:00,19,5430.3082
2025-11-9,18:00,20,4735.0651
2025-11-9,18:00,21,3511.8401
2025-11-9,18:00,22,1660.3681
2025-11-9,18:00,23,251.235
2025-11-9,18:00,24,0.0
2025-11-10,0:00,1,0.0
2025-11-10,0:00,2,0.0
2025-11-10,0:00,3,0.0
2025-11-10,0:00,4,0.0
2025-11-10,0:00,5,0.0
2025-11-10,0:00,6,0.0
2025-11-10,0:00,7,318.2744
2025-11-10,0:00,8,2060.0687
2025-11-10,0:00,9,4172.1271
2025-11-10,0:00,10,6385.7849
2025-11-10,0:00,11,7321.8777
2025-11-10,0:00,12,7072.5087
2025-11-10,0:00,13,6809.5979
2025-11-10,0:00,14,5430.7837
2025-11-10,0:00,15,3469.3175
2025-11-10,0:00,16,1757.9099
2025-11-10,0:00,17,301.521
2025-11-10,0:00,18,0.0
2025-11-10,0:00,19,0.0
2025-11-10,0:00,20,0.0
2025-11-10,0:00,21,0.0
2025-11-10,0:00,22,0.0
2025-11-10,0:00,23,0.0
2025-11-10,0:00,24,0.0
2025-11-10,6:00,1,329.3677
2025-11-10,6:00,2,2088.1279
2025-11-10,6:00,3,3811.6505
2025-11-10,6:00,4,5624.9226
2025-11-10,6:00,5,5942.5129
2025-11-10,6:00,6,6118.2974
2025-11-10,6:00,7,6210.1133
2025-11-10,6:00,8,5755.5838
2025-11-10,6:00,9,4090.2883
2025-11-10,6:00,10,2004.1136
2025-11-10,6:00,11,336.715
2025-11-10,6:00,12,0.0
2025-11-10,6:00,13,0.0
2025-11-10,6:00,14,0.0
2025-11-10,6:00,15,0.0
2025-11-10,6:00,16,0.0
2025-11-10,6:00,17,0.0
2025-11-10,6:00,18,0.0
2025-11-10,6:00,19,0.0
2025-11-10,6:00,20,0.0
2025-11-10,6:00,21,0.0
2025-11-10,6:00,22,0.0
2025-11-10,6:00,23,0.0
2025-11-10,6:00,24,0.0
2025-11-10,12:00,1,6768.3286
2025-11-10,12:00,2,5852.0859
2025-11-10,12:00,3,4006.7585
2025-11-10,12:00,4,2031.1018
2025-11-10,12:00,5,318.0096
2025-11-10,12:00,6,0.0
2025-11-10,12:00,7,0.0
2025-11-10,12:00,8,0.0
2025-11-10,12:00,9,0.0
2025-11-10,12:00,10,0.0
2025-11-10,12:00,11,0.0
2025-11-10,12:00,12,0.0
2025-11-10,12:00,13,0.0
2025-11-10,12:00,14,0.0
2025-11-10,12:00,15,0.0
2025-11-10,12:00,16,0.0
2025-11-10,12:00,17,0.0
2025-11-10,12:00,18,0.0
2025-11-10,12:00,19,376.7982
2025-11-10,12:00,20,2698.9125
2025-11-10,12:00,21,4938.2472
2025-11-10,12:00,22,6908.5125
2025-11-10,12:00,23,8384.8875
2025-11-10,12:00,24,8858.0625
2025-11-10,18:00,1,0.0
2025-11-10,18:00,2,0.0
2025-11-10,18:00,3,0.0
2025-11-10,18:00,4,0.0
2025-11-10,18:00,5,0.0
2025-11-10,18:00,6,0.0
2025-11-10,18:00,7,0.0
2025-11-10,18:00,8,0.0
2025-11-10,18:00,9,0.0
2025-11-10,18:00,10,0.0
2025-11-10,18:00,11,0.0
2025-11-10,18:00,12,0.0
2025-11-10,18:00,13,353.4164
2025-11-10,18:00,14,2670.1848
2025-11-10,18:00,15,4747.1922
2025-11-10,18:00,16,6352.4767
2025-11-10,18:00,17,7857.6095
2025-11-10,18:00,18,8027.0937
2025-11-10,18:00,19,6137.4913
2025-11-10,18:00,20,5550.7344
2025-11-10,18:00,21,3274.9261
2025-11-10,18:00,22,1805.5386
2025-11-10,18:00,23,300.914
2025-11-10,18:00,24,0.0
2025-11-11,0:00,1,0.0
2025-11-11,0:00,2,0.0
2025-11-11,0:00,3,0.0
2025-11-11,0:00,4,0.0
2025-11-11,0:00,5,0.0
2025-11-11,0:00,6,0.0
2025-11-11,0:00,7,292.7099
2025-11-11,0:00,8,2033.4684
2025-11-11,0:00,9,3643.4017
2025-11-11,0:00,10,4758.2555
2025-11-11,0:00,11,6493.418
2025-11-11,0:00,12,6998.3086
2025-11-11,0:00,13,6409.2206
2025-11-11,0:00,14,5990.5117
2025-11-11,0:00,15,3814.0862
2025-11-11,0:00,16,1954.0101
2025-11-11,0:00,17,336.5331
2025-11-11,0:00,18,0.0
2025-11-11,0:00,19,0.0
2025-11-11,0:00,20,0.0
2025-11-11,0:00,21,0.0
2025-11-11,0:00,22,0.0
2025-11-11,0:00,23,0.0
2025-11-11,0:00,24,0.0
2025-11-11,6:00,1,331.1284
2025-11-11,6:00,2,2253.9006
2025-11-11,6:00,3,4156.5483
2025-11-11,6:00,4,5569.341
2025-11-11,6:00,5,7022.836
2025-11-11,6:00,6,7285.1135
2025-11-11,6:00,7,6505.2655
2025-11-11,6:00,8,6077.1897
2025-11-11,6:00,9,3654.6517
2025-11-11,6:00,10,1992.5697
2025-11-11,6:00,11,313.652
2025-11-11,6:00,12,0.0
2025-11-11,6:00,13,0.0
2025-11-11,6:00,14,0.0
2025-11-11,6:00,15,0.0
2025-11-11,6:00,16,0.0
2025-11-11,6:00,17,0.0
2025-11-11,6:00,18,0.0
2025-11-11,6:00,19,0.0
2025-11-11,6:00,20,0.0
2025-11-11,6:00,21,0.0
2025-11-11,6:00,22,0.0
2025-11-11,6:00,23,0.0
2025-11-11,6:00,24,0.0
2025-11-11,12:00,1,6688.1885
2025-11-11,12:00,2,6273.8484
2025-11-11,12:00,3,4022.7839
2025-11-11,12:00,4,2243.8674
2025-11-11,12:00,5,363.3694
2025-11-11,12:00,6,0.0
2025-11-11,12:00,7,0.0
2025-11-11,12:00,8,0.0
2025-11-11,12:00,9,0.0
2025-11-11,12:00,10,0.0
2025-11-11,12:00,11,0.0
2025-11-11,12:00,12,0.0
2025-11-11,12:00,13,0.0
2025-11-11,12:00,14,0.0
2025-11-11,12:00,15,0.0
2025-11-11,12:00,16,0.0
2025-11-11,12:00,17,0.0
2025-11-11,12:00,18,0.0
2025-11-11,12:00,19,213.8769
2025-11-11,12:00,20,1835.0062
2025-11-11,12:00,21,3158.567
2025-11-11,12:00,22,4833.1347
2025-11-11,12:00,23,5936.3022
2025-11-11,12:00,24,6469.9483
2025-11-11,18:00,1,0.0
2025-11-11,18:00,2,0.0
2025-11-11,18:00,3,0.0
2025-11-11,18:00,4,0.0
2025-11-11,18:00,5,0.0
2025-11-11,18:00,6,0.0
2025-11-11,18:00,7,0.0
2025-11-11,18:00,8,0.0
2025-11-11,18:00,9,0.0
2025-11-11,18:00,10,0.0
2025-11-11,18:00,11,0.0
2025-11-11,18:00,12,0.0
2025-11-11,18:00,13,323.1405
2025-11-11,18:00,14,2180.2313
2025-11-11,18:00,15,3911.3399
2025-11-11,18:00,16,5917.3392
2025-11-11,18:00,17,6998.7835
2025-11-11,18:00,18,7910.0546
2025-11-11,18:00,19,7133.8952
2025-11-11,18:00,20,5757.4282
2025-11-11,18:00,21,4060.3342
2025-11-11,18:00,22,2125.3314
2025-11-11,18:00,23,261.0826
2025-11-11,18:00,24,0.0
2025-11-12,0:00,1,0.0
2025-11-12,0:00,2,0.0
2025-11-12,0:00,3,0.0
2025-11-12,0:00,4,0.0
2025-11-12,0:00,5,0.0
2025-11-12,0:00,6,0.0
2025-11-12,0:00,7,320.9257
2025-11-12,0:00,8,2337.5803
2025-11-12,0:00,9,4096.9787
2025-11-12,0:00,10,5794.0229
2025-11-12,0:00,11,7354.7693
2025-11-12,0:00,12,7096.7972
2025-11-12,0:00,13,6488.3629
2025-11-12,0:00,14,5723.7864
2025-11-12,0:00,15,4120.9401
2025-11-12,0:00,16,2479.2006
2025-11-12,0:00,17,344.8498
2025-11-12,0:00,18,0.0
2025-11-12,0:00,19,0.0
2025-11-12,0:00,20,0.0
2025-11-12,0:00,21,0.0
2025-11-12,0:00,22,0.0
2025-11-12,0:00,23,0.0
2025-11-12,0:00,24,0.0
2025-11-12,6:00,1,322.0908
2025-11-12,6:00,2,2222.7101
2025-11-12,6:00,3,3785.345
2025-11-12,6:00,4,5260.8897
2025-11-12,6:00,5,6649.2982
2025-11-12,6:00,6,6729.4354
2025-11-12,6:00,7,6542.0135
2025-11-12,6:00,8,5012.6052
2025-11-12,6:00,9,3808.2868
2025-11-12,6:00,10,2089.0418
2025-11-12,6:00,11,257.8928
2025-11-12,6:00,12,0.0
2025-11-12,6:00,13,0.0
2025-11-12,6:00,14,0.0
2025-11-12,6:00,15,0.0
2025-11-12,6:00,16,0.0
2025-11-12,6:00,17,0.0
2025-11-12,6:00,18,0.0
2025-11-12,6:00,19,0.0
2025-11-12,6:00,20,0.0
2025-11-12,6:00,21,0.0
2025-11-12,6:00,22,0.0
2025-11-12,6:00,23,0.0
2025-11-12,6:00,24,0.0
2025-11-12,12:00,1,7047.4874
2025-11-12,12:00,2,5686.6529
2025-11-12,12:00,3,4521.0557
2025-11-12,12:00,4,2448.368
2025-11-12,12:00,5,319.9767
2025-11-12,12:00,6,0.0
2025-11-12,12:00,7,0.0
2025-11-12,12:00,8,0.0
2025-11-12,12:00,9,0.0
2025-11-12,12:00,10,0.0
2025-11-12,12:00,11,0.0
2025-11-12,12:00,12,0.0
2025-11-12,12:00,13,0.0
2025-11-12,12:00,14,0.0
2025-11-12,12:00,15,0.0
2025-11-12,12:00,16,0.0
2025-11-12,12:00,17,0.0
2025-11-12,12:00,18,0.0
2025-11-12,12:00,19,447.5288
2025-11-12,12:00,20,2663.1375
2025-11-12,12:00,21,4853.4375
2025-11-12,12:00,22,6097.7674
2025-11-12,12:00,23,6713.3144
2025-11-12,12:00,24,6490.5912
2025-11-12,18:00,1,0.0
2025-11-12,18:00,2,0.0
2025-11-12,18:00,3,0.0
2025-11-12,18:00,4,0.0
2025-11-12,18:00,5,0.0
2025-11-12,18:00,6,0.0
2025-11-12,18:00,7,0.0
2025-11-12,18:00,8,0.0
2025-11-12,18:00,9,0.0
2025-11-12,18:00,10,0.0
2025-11-12,18:00,11,0.0
2025-11-12,18:00,12,0.0
2025-11-12,18:00,13,316.244
2025-11-12,18:00,14,2028.5004
2025-11-12,18:00,15,4095.6631
2025-11-12,18:00,16,6335.2951
2025-11-12,18:00,17,7450.0815
2025-11-12,18:00,18,6444.8155
2025-11-12,18:00,19,6260.4209
2025-11-12,18:00,20,5009.985
2025-11-12,18:00,21,3002.9611
2025-11-12,18:00,22,1629.7063
2025-11-12,18:00,23,239.6967
2025-11-12,18:00,24,0.0
2025-11-13,0:00,1,0.0
2025-11-13,0:00,2,0.0
2025-11-13,0:00,3,0.0
2025-11-13,0:00,4,0.0
2025-11-13,0:00,5,0.0
2025-11-13,0:00,6,0.0
2025-11-13,0:00,7,323.3168
2025-11-13,0:00,8,2098.8874
2025-11-13,0:00,9,3962.9802
2025-11-13,0:00,10,5133.3875
2025-11-13,0:00,11,6773.8404
2025-11-13,0:00,12,7738.8651
2025-11-13,0:00,13,7512.9343
2025-11-13,0:00,14,6645.3375
2025-11-13,0:00,15,4899.0375
2025-11-13,0:00,16,2757.45
2025-11-13,0:00,17,341.4307
2025-11-13,0:00,18,0.0
2025-11-13,0:00,19,0.0
2025-11-13,0:00,20,0.0
2025-11-13,0:00,21,0.0
2025-11-13,0:00,22,0.0
2025-11-13,0:00,23,0.0
2025-11-13,0:00,24,0.0
2025-11-13,6:00,1,331.1072
2025-11-13,6:00,2,2293.7757
2025-11-13,6:00,3,4252.0841
2025-11-13,6:00,4,5754.2518
2025-11-13,6:00,5,7022.4426
2025-11-13,6:00,6,7176.3569
2025-11-13,6:00,7,6636.737
2025-11-13,6:00,8,5836.9902
2025-11-13,6:00,9,4503.3951
2025-11-13,6:00,10,2461.4162
2025-11-13,6:00,11,336.9556
2025-11-13,6:00,12,0.0
2025-11-13,6:00,13,0.0
2025-11-13,6:00,14,0.0
2025-11-13,6:00,15,0.0
2025-11-13,6:00,16,0.0
2025-11-13,6:00,17,0.0
2025-11-13,6:00,18,0.0
2025-11-13,6:00,19,0.0
2025-11-13,6:00,20,0.0
2025-11-13,6:00,21,0.0
2025-11-13,6:00,22,0.0
2025-11-13,6:00,23,0.0
2025-11-13,6:00,24,0.0
2025-11-13,12:00,1,6580.8582
2025-11-13,12:00,2,5636.2367
2025-11-13,12:00,3,4252.8308
2025-11-13,12:00,4,2391.448
2025-11-13,12:00,5,327.2987
2025-11-13,12:00,6,0.0
2025-11-13,12:00,7,0.0
2025-11-13,12:00,8,0.0
2025-11-13,12:00,9,0.0
2025-11-13,12:00,10,0.0
2025-11-13,12:00,11,0.0
2025-11-13,12:00,12,0.0
2025-11-13,12:00,13,0.0
2025-11-13,12:00,14,0.0
2025-11-13,12:00,15,0.0
2025-11-13,12:00,16,0.0
2025-11-13,12:00,17,0.0
2025-11-13,12:00,18,0.0
2025-11-13,12:00,19,301.0558
2025-11-13,12:00,20,2663.1375
2025-11-13,12:00,21,4643.763
2025-11-13,12:00,22,6117.3231
2025-11-13,12:00,23,6802.8634
2025-11-13,12:00,24,6307.3589
2025-11-13,18:00,1,0.0
2025-11-13,18:00,2,0.0
2025-11-13,18:00,3,0.0
2025-11-13,18:00,4,0.0
2025-11-13,18:00,5,0.0
2025-11-13,18:00,6,0.0
2025-11-13,18:00,7,0.0
2025-11-13,18:00,8,0.0
2025-11-13,18:00,9,0.0
2025-11-13,18:00,10,0.0
2025-11-13,18:00,11,0.0
2025-11-13,18:00,12,0.0
2025-11-13,18:00,13,284.1456
2025-11-13,18:00,14,2450.7926
2025-11-13,18:00,15,4765.4839
2025-11-13,18:00,16,5859.3527
2025-11-13,18:00,17,5649.2038
2025-11-13,18:00,18,6428.8485
2025-11-13,18:00,19,5636.1183
2025-11-13,18:00,20,5496.8633
2025-11-13,18:00,21,4131.4829
2025-11-13,18:00,22,2421.0554
2025-11-13,18:00,23,265.1857
2025-11-13,18:00,24,0.0
2025-11-14,0:00,1,0.0
2025-11-14,0:00,2,0.0
2025-11-14,0:00,3,0.0
2025-11-14,0:00,4,0.0
2025-11-14,0:00,5,0.0
2025-11-14,0:00,6,0.0
2025-11-14,0:00,7,274.5429
2025-11-14,0:00,8,2278.4494
2025-11-14,0:00,9,4615.3807
2025-11-14,0:00,10,6177.6273
2025-11-14,0:00,11,6287.6137
2025-11-14,0:00,12,7005.6833
2025-11-14,0:00,13,7170.5173
2025-11-14,0:00,14,5866.3611
2025-11-14,0:00,15,3920.8609
2025-11-14,0:00,16,2241.4378
2025-11-14,0:00,17,266.6566
2025-11-14,0:00,18,0.0
2025-11-14,0:00,19,0.0
2025-11-14,0:00,20,0.0
2025-11-14,0:00,21,0.0
2025-11-14,0:00,22,0.0
2025-11-14,0:00,23,0.0
2025-11-14,0:00,24,0.0
2025-11-14,6:00,1,276.6897
2025-11-14,6:00,2,2332.5739
2025-11-14,6:00,3,4423.5342
2025-11-14,6:00,4,6206.848
2025-11-14,6:00,5,6841.6836
2025-11-14,6:00,6,7587.6615
2025-11-14,6:00,7,7180.0411
2025-11-14,6:00,8,6585.8359
2025-11-14,6:00,9,4494.9164
2025-11-14,6:00,10,2495.288
2025-11-14,6:00,11,275.0709
2025-11-14,6:00,12,0.0
2025-11-14,6:00,13,0.0
2025-11-14,6:00,14,0.0
2025-11-14,6:00,15,0.0
2025-11-14,6:00,16,0.0
2025-11-14,6:00,17,0.0
2025-11-14,6:00,18,0.0
2025-11-14,6:00,19,0.0
2025-11-14,6:00,20,0.0
2025-11-14,6:00,21,0.0
2025-11-14,6:00,22,0.0
2025-11-14,6:00,23,0.0
2025-11-14,6:00,24,0.0
2025-11-14,12:00,1,6381.031
2025-11-14,12:00,2,5659.5104
2025-11-14,12:00,3,3950.0066
2025-11-14,12:00,4,2194.4981
2025-11-14,12:00,5,261.7259
2025-11-14,12:00,6,0.0
2025-11-14,12:00,7,0.0
2025-11-14,12:00,8,0.0
2025-11-14,12:00,9,0.0
2025-11-14,12:00,10,0.0
2025-11-14,12:00,11,0.0
2025-11-14,12:00,12,0.0
2025-11-14,12:00,13,0.0
2025-11-14,12:00,14,0.0
2025-11-14,12:00,15,0.0
2025-11-14,12:00,16,0.0
2025-11-14,12:00,17,0.0
2025-11-14,12:00,18,0.0
2025-11-14,12:00,19,334.2106
2025-11-14,12:00,20,2663.1375
2025-11-14,12:00,21,4853.4375
2025-11-14,12:00,22,6322.0125
2025-11-14,12:00,23,7601.5875
2025-11-14,12:00,24,8124.4875
2025-11-14,18:00,1,0.0
2025-11-14,18:00,2,0.0
2025-11-14,18:00,3,0.0
2025-11-14,18:00,4,0.0
2025-11-14,18:00,5,0.0
2025-11-14,18:00,6,0.0
2025-11-14,18:00,7,0.0
2025-11-14,18:00,8,0.0
2025-11-14,18:00,9,0.0
2025-11-14,18:00,10,0.0
2025-11-14,18:00,11,0.0
2025-11-14,18:00,12,0.0
2025-11-14,18:00,13,250.2966
2025-11-14,18:00,14,2067.7251
2025-11-14,18:00,15,3870.5435
2025-11-14,18:00,16,4588.213
2025-11-14,18:00,17,5487.8064
2025-11-14,18:00,18,5829.8395
2025-11-14,18:00,19,5707.3171
2025-11-14,18:00,20,6042.5035
2025-11-14,18:00,21,4899.0375
2025-11-14,18:00,22,2432.3027
2025-11-14,18:00,23,291.1048
2025-11-14,18:00,24,0.0
2025-11-15,0:00,1,0.0
2025-11-15,0:00,2,0.0
2025-11-15,0:00,3,0.0
2025-11-15,0:00,4,0.0
2025-11-15,0:00,5,0.0
2025-11-15,0:00,6,0.0
2025-11-15,0:00,7,246.5134
2025-11-15,0:00,8,2005.4398
2025-11-15,0:00,9,3334.2988
2025-11-15,0:00,10,4601.2693
2025-11-15,0:00,11,5822.8363
2025-11-15,0:00,12,6457.7927
2025-11-15,0:00,13,6153.0421
2025-11-15,0:00,14,5534.3368
2025-11-15,0:00,15,3660.1642
2025-11-15,0:00,16,2004.2901
2025-11-15,0:00,17,211.801
2025-11-15,0:00,18,0.0
2025-11-15,0:00,19,0.0
2025-11-15,0:00,20,0.0
2025-11-15,0:00,21,0.0
2025-11-15,0:00,22,0.0
2025-11-15,0:00,23,0.0
2025-11-15,0:00,24,0.0
2025-11-15,6:00,1,255.237
2025-11-15,6:00,2,2128.2582
2025-11-15,6:00,3,3942.5655
2025-11-15,6:00,4,5626.5758
2025-11-15,6:00,5,6843.1217
2025-11-15,6:00,6,6924.4933
2025-11-15,6:00,7,6405.4594
2025-11-15,6:00,8,5353.5075
2025-11-15,6:00,9,4109.8237
2025-11-15,6:00,10,2116.3944
2025-11-15,6:00,11,266.6022
2025-11-15,6:00,12,0.0
2025-11-15,6:00,13,0.0
2025-11-15,6:00,14,0.0
2025-11-15,6:00,15,0.0
2025-11-15,6:00,16,0.0
2025-11-15,6:00,17,0.0
2025-11-15,6:00,18,0.0
2025-11-15,6:00,19,0.0
2025-11-15,6:00,20,0.0
2025-11-15,6:00,21,0.0
2025-11-15,6:00,22,0.0
2025-11-15,6:00,23,0.0
2025-11-15,6:00,24,0.0
2025-11-15,12:00,1,6658.1835
2025-11-15,12:00,2,5784.7107
2025-11-15,12:00,3,4174.2428
2025-11-15,12:00,4,2223.4756
2025-11-15,12:00,5,274.2379
2025-11-15,12:00,6,0.0
2025-11-15,12:00,7,0.0
2025-11-15,12:00,8,0.0
2025-11-15,12:00,9,0.0
2025-11-15,12:00,10,0.0
2025-11-15,12:00,11,0.0
2025-11-15,12:00,12,0.0
2025-11-15,12:00,13,0.0
2025-11-15,12:00,14,0.0
2025-11-15,12:00,15,0.0
2025-11-15,12:00,16,0.0
2025-11-15,12:00,17,0.0
2025-11-15,12:00,18,0.0
2025-11-15,12:00,19,235.1707
2025-11-15,12:00,20,2302.8226
2025-11-15,12:00,21,4254.4848
2025-11-15,12:00,22,6059.3591
2025-11-15,12:00,23,6726.5078
2025-11-15,12:00,24,8124.4875
2025-11-15,18:00,1,0.0
2025-11-15,18:00,2,0.0
2025-11-15,18:00,3,0.0
2025-11-15,18:00,4,0.0
2025-11-15,18:00,5,0.0
2025-11-15,18:00,6,0.0
2025-11-15,18:00,7,0.0
2025-11-15,18:00,8,0.0
2025-11-15,18:00,9,0.0
2025-11-15,18:00,10,0.0
2025-11-15,18:00,11,0.0
2025-11-15,18:00,12,0.0
2025-11-15,18:00,13,209.5427
2025-11-15,18:00,14,2185.7436
2025-11-15,18:00,15,4105.4536
2025-11-15,18:00,16,5651.1257
2025-11-15,18:00,17,6238.5562
2025-11-15,18:00,18,7786.6882
2025-11-15,18:00,19,7243.4192
2025-11-15,18:00,20,5630.3027
2025-11-15,18:00,21,4006.585
2025-11-15,18:00,22,1939.2119
2025-11-15,18:00,23,232.9612
2025-11-15,18:00,24,0.0
2025-11-16,0:00,1,0.0
2025-11-16,0:00,2,0.0
2025-11-16,0:00,3,0.0
2025-11-16,0:00,4,0.0
2025-11-16,0:00,5,0.0
2025-11-16,0:00,6,0.0
2025-11-16,0:00,7,280.6411
2025-11-16,0:00,8,2455.6401
2025-11-16,0:00,9,3790.2789
2025-11-16,0:00,10,5468.4854
2025-11-16,0:00,11,5939.9038
2025-11-16,0:00,12,7366.6418
2025-11-16,0:00,13,7361.8874
2025-11-16,0:00,14,5987.8831
2025-11-16,0:00,15,4396.6787
2025-11-16,0:00,16,2424.9195
2025-11-16,0:00,17,321.3981
2025-11-16,0:00,18,0.0
2025-11-16,0:00,19,0.0
2025-11-16,0:00,20,0.0
2025-11-16,0:00,21,0.0
2025-11-16,0:00,22,0.0
2025-11-16,0:00,23,0.0
2025-11-16,0:00,24,0.0
2025-11-16,6:00,1,233.7076
2025-11-16,6:00,2,2152.2317
2025-11-16,6:00,3,3685.9033
2025-11-16,6:00,4,5216.4848
2025-11-16,6:00,5,5874.6111
2025-11-16,6:00,6,7427.8355
2025-11-16,6:00,7,6930.867
2025-11-16,6:00,8,5376.8408
2025-11-16,6:00,9,3755.4568
2025-11-16,6:00,10,1910.1843
2025-11-16,6:00,11,222.4676
2025-11-16,6:00,12,0.0
2025-11-16,6:00,13,0.0
2025-11-16,6:00,14,0.0
2025-11-16,6:00,15,0.0
2025-11-16,6:00,16,0.0
2025-11-16,6:00,17,0.0
2025-11-16,6:00,18,0.0
2025-11-16,6:00,19,0.0
2025-11-16,6:00,20,0.0
2025-11-16,6:00,21,0.0
2025-11-16,6:00,22,0.0
2025-11-16,6:00,23,0.0
2025-11-16,6:00,24,0.0
2025-11-16,12:00,1,7009.6686
2025-11-16,12:00,2,5571.1657
2025-11-16,12:00,3,3862.5898
2025-11-16,12:00,4,2159.7448
2025-11-16,12:00,5,274.1489
2025-11-16,12:00,6,0.0
2025-11-16,12:00,7,0.0
2025-11-16,12:00,8,0.0
2025-11-16,12:00,9,0.0
2025-11-16,12:00,10,0.0
2025-11-16,12:00,11,0.0
2025-11-16,12:00,12,0.0
2025-11-16,12:00,13,0.0
2025-11-16,12:00,14,0.0
2025-11-16,12:00,15,0.0
2025-11-16,12:00,16,0.0
2025-11-16,12:00,17,0.0
2025-11-16,12:00,18,0.0
2025-11-16,12:00,19,208.6634
2025-11-16,12:00,20,1876.3847
2025-11-16,12:00,21,3061.3043
2025-11-16,12:00,22,4956.3845
2025-11-16,12:00,23,4895.1957
2025-11-16,12:00,24,5908.0769
2025-11-16,18:00,1,0.0
2025-11-16,18:00,2,0.0
2025-11-16,18:00,3,0.0
2025-11-16,18:00,4,0.0
2025-11-16,18:00,5,0.0
2025-11-16,18:00,6,0.0
2025-11-16,18:00,7,0.0
2025-11-16,18:00,8,0.0
2025-11-16,18:00,9,0.0
2025-11-16,18:00,10,0.0
2025-11-16,18:00,11,0.0
2025-11-16,18:00,12,0.0
2025-11-16,18:00,13,198.4497
2025-11-16,18:00,14,1985.4314
2025-11-16,18:00,15,4187.3892
2025-11-16,18:00,16,5970.6
2025-11-16,18:00,17,7395.825
2025-11-16,18:00,18,8124.4875
2025-11-16,18:00,19,7764.375
2025-11-16,18:00,20,6645.3375
2025-11-16,18:00,21,4683.1685
2025-11-16,18:00,22,2591.3246
2025-11-16,18:00,23,236.1017
2025-11-16,18:00,24,0.0
2025-11-17,0:00,1,0.0
2025-11-17,0:00,2,0.0
2025-11-17,0:00,3,0.0
2025-11-17,0:00,4,0.0
2025-11-17,0:00,5,0.0
2025-11-17,0:00,6,0.0
2025-11-17,0:00,7,183.8159
2025-11-17,0:00,8,2098.824
2025-11-17,0:00,9,3818.5842
2025-11-17,0:00,10,5970.6
2025-11-17,0:00,11,7357.4571
2025-11-17,0:00,12,8124.4875
2025-11-17,0:00,13,7548.8122
2025-11-17,0:00,14,6645.3375
2025-11-17,0:00,15,4765.5681
2025-11-17,0:00,16,2246.8519
2025-11-17,0:00,17,197.9793
2025-11-17,0:00,18,0.0
2025-11-17,0:00,19,0.0
2025-11-17,0:00,20,0.0
2025-11-17,0:00,21,0.0
2025-11-17,0:00,22,0.0
2025-11-17,0:00,23,0.0
2025-11-17,0:00,24,0.0
2025-11-17,6:00,1,192.9388
2025-11-17,6:00,2,1948.5079
2025-11-17,6:00,3,3634.3363
2025-11-17,6:00,4,5530.6153
2025-11-17,6:00,5,6071.5977
2025-11-17,6:00,6,6865.8684
2025-11-17,6:00,7,5872.4264
2025-11-17,6:00,8,5393.0925
2025-11-17,6:00,9,3894.8646
2025-11-17,6:00,10,2096.2273
2025-11-17,6:00,11,225.5079
2025-11-17,6:00,12,0.0
2025-11-17,6:00,13,0.0
2025-11-17,6:00,14,0.0
2025-11-17,6:00,15,0.0
2025-11-17,6:00,16,0.0
2025-11-17,6:00,17,0.0
2025-11-17,6:00,18,0.0
2025-11-17,6:00,19,0.0
2025-11-17,6:00,20,0.0
2025-11-17,6:00,21,0.0
2025-11-17,6:00,22,0.0
2025-11-17,6:00,23,0.0
2025-11-17,6:00,24,0.0
2025-11-17,12:00,1,6564.6462
2025-11-17,12:00,2,5650.8229
2025-11-17,12:00,3,4195.1329
2025-11-17,12:00,4,2132.0389
2025-11-17,12:00,5,226.5916
2025-11-17,12:00,6,0.0
2025-11-17,12:00,7,0.0
2025-11-17,12:00,8,0.0
2025-11-17,12:00,9,0.0
2025-11-17,12:00,10,0.0
2025-11-17,12:00,11,0.0
2025-11-17,12:00,12,0.0
2025-11-17,12:00,13,0.0
2025-11-17,12:00,14,0.0
2025-11-17,12:00,15,0.0
2025-11-17,12:00,16,0.0
2025-11-17,12:00,17,0.0
2025-11-17,12:00,18,0.0
2025-11-17,12:00,19,239.7435
2025-11-17,12:00,20,1902.8138
2025-11-17,12:00,21,3436.0816
2025-11-17,12:00,22,4862.6738
2025-11-17,12:00,23,5011.2351
2025-11-17,12:00,24,4204.6057
2025-11-17,18:00,1,0.0
2025-11-17,18:00,2,0.0
2025-11-17,18:00,3,0.0
2025-11-17,18:00,4,0.0
2025-11-17,18:00,5,0.0
2025-11-17,18:00,6,0.0
2025-11-17,18:00,7,0.0
2025-11-17,18:00,8,0.0
2025-11-17,18:00,9,0.0
2025-11-17,18:00,10,0.0
2025-11-17,18:00,11,0.0
2025-11-17,18:00,12,0.0
2025-11-17,18:00,13,207.0853
2025-11-17,18:00,14,1963.0383
2025-11-17,18:00,15,4159.61
2025-11-17,18:00,16,5674.7466
2025-11-17,18:00,17,5921.2201
2025-11-17,18:00,18,6642.5323
2025-11-17,18:00,19,5665.0298
2025-11-17,18:00,20,4867.1411
2025-11-17,18:00,21,3046.2481
2025-11-17,18:00,22,1645.8764
2025-11-17,18:00,23,119.9922
2025-11-17,18:00,24,0.0
2025-11-18,0:00,1,0.0
2025-11-18,0:00,2,0.0
2025-11-18,0:00,3,0.0
2025-11-18,0:00,4,0.0
2025-11-18,0:00,5,0.0
2025-11-18,0:00,6,0.0
2025-11-18,0:00,7,236.4526
2025-11-18,0:00,8,2409.0018
2025-11-18,0:00,9,4652.3084
2025-11-18,0:00,10,5965.8375
2025-11-18,0:00,11,7039.1042
2025-11-18,0:00,12,7220.8113
2025-11-18,0:00,13,6527.0491
2025-11-18,0:00,14,5423.6863
2025-11-18,0:00,15,3293.2391
2025-11-18,0:00,16,2083.1186
2025-11-18,0:00,17,188.0558
2025-11-18,0:00,18,0.0
2025-11-18,0:00,19,0.0
2025-11-18,0:00,20,0.0
2025-11-18,0:00,21,0.0
2025-11-18,0:00,22,0.0
2025-11-18,0:00,23,0.0
2025-11-18,0:00,24,0.0
2025-11-18,6:00,1,218.835
2025-11-18,6:00,2,2219.9505
2025-11-18,6:00,3,4213.3298
2025-11-18,6:00,4,5781.1897
2025-11-18,6:00,5,6691.3182
2025-11-18,6:00,6,7210.046
2025-11-18,6:00,7,6610.5127
2025-11-18,6:00,8,6051.7582
2025-11-18,6:00,9,4300.0732
2025-11-18,6:00,10,2503.039
2025-11-18,6:00,11,237.8653
2025-11-18,6:00,12,0.0
2025-11-18,6:00,13,0.0
2025-11-18,6:00,14,0.0
2025-11-18,6:00,15,0.0
2025-11-18,6:00,16,0.0
2025-11-18,6:00,17,0.0
2025-11-18,6:00,18,0.0
2025-11-18,6:00,19,0.0
2025-11-18,6:00,20,0.0
2025-11-18,6:00,21,0.0
2025-11-18,6:00,22,0.0
2025-11-18,6:00,23,0.0
2025-11-18,6:00,24,0.0
2025-11-18,12:00,1,6025.1836
2025-11-18,12:00,2,5546.2699
2025-11-18,12:00,3,3831.9448
2025-11-18,12:00,4,2163.6948
2025-11-18,12:00,5,207.7307
2025-11-18,12:00,6,0.0
2025-11-18,12:00,7,0.0
2025-11-18,12:00,8,0.0
2025-11-18,12:00,9,0.0
2025-11-18,12:00,10,0.0
2025-11-18,12:00,11,0.0
2025-11-18,12:00,12,0.0
2025-11-18,12:00,13,0.0
2025-11-18,12:00,14,0.0
2025-11-18,12:00,15,0.0
2025-11-18,12:00,16,0.0
2025-11-18,12:00,17,0.0
2025-11-18,12:00,18,0.0
2025-11-18,12:00,19,222.8465
2025-11-18,12:00,20,2353.4743
2025-11-18,12:00,21,3058.7659
2025-11-18,12:00,22,4024.1632
2025-11-18,12:00,23,4691.1268
2025-11-18,12:00,24,4030.4439
2025-11-18,18:00,1,0.0
2025-11-18,18:00,2,0.0
2025-11-18,18:00,3,0.0
2025-11-18,18:00,4,0.0
2025-11-18,18:00,5,0.0
2025-11-18,18:00,6,0.0
2025-11-18,18:00,7,0.0
2025-11-18,18:00,8,0.0
2025-11-18,18:00,9,0.0
2025-11-18,18:00,10,0.0
2025-11-18,18:00,11,0.0
2025-11-18,18:00,12,0.0
2025-11-18,18:00,13,213.9443
2025-11-18,18:00,14,2046.0157
2025-11-18,18:00,15,3637.4774
2025-11-18,18:00,16,5513.8066
2025-11-18,18:00,17,6435.8708
2025-11-18,18:00,18,5903.9218
2025-11-18,18:00,19,5244.6844
2025-11-18,18:00,20,4988.3766
2025-11-18,18:00,21,3842.6124
2025-11-18,18:00,22,1675.2081
2025-11-18,18:00,23,180.3137
2025-11-18,18:00,24,0.0
2025-11-19,0:00,1,0.0
2025-11-19,0:00,2,0.0
2025-11-19,0:00,3,0.0
2025-11-19,0:00,4,0.0
2025-11-19,0:00,5,0.0
2025-11-19,0:00,6,0.0
2025-11-19,0:00,7,208.6658
2025-11-19,0:00,8,1965.6647
2025-11-19,0:00,9,4033.7864
2025-11-19,0:00,10,5965.8375
2025-11-19,0:00,11,6671.1914
2025-11-19,0:00,12,7248.737
2025-11-19,0:00,13,7289.1279
2025-11-19,0:00,14,5693.9964
2025-11-19,0:00,15,3977.6487
2025-11-19,0:00,16,2514.3928
2025-11-19,0:00,17,254.6171
2025-11-19,0:00,18,0.0
2025-11-19,0:00,19,0.0
2025-11-19,0:00,20,0.0
2025-11-19,0:00,21,0.0
2025-11-19,0:00,22,0.0
2025-11-19,0:00,23,0.0
2025-11-19,0:00,24,0.0
2025-11-19,6:00,1,196.4252
2025-11-19,6:00,2,1901.8094
2025-11-19,6:00,3,3364.6247
2025-11-19,6:00,4,4859.2415
2025-11-19,6:00,5,5656.2563
2025-11-19,6:00,6,6256.8153
2025-11-19,6:00,7,5879.1791
2025-11-19,6:00,8,5231.5918
2025-11-19,6:00,9,4071.7494
2025-11-19,6:00,10,2171.7714
2025-11-19,6:00,11,201.6927
2025-11-19,6:00,12,0.0
2025-11-19,6:00,13,0.0
2025-11-19,6:00,14,0.0
2025-11-19,6:00,15,0.0
2025-11-19,6:00,16,0.0
2025-11-19,6:00,17,0.0
2025-11-19,6:00,18,0.0
2025-11-19,6:00,19,0.0
2025-11-19,6:00,20,0.0
2025-11-19,6:00,21,0.0
2025-11-19,6:00,22,0.0
2025-11-19,6:00,23,0.0
2025-11-19,6:00,24,0.0
2025-11-19,12:00,1,6706.6569
2025-11-19,12:00,2,5475.0563
2025-11-19,12:00,3,4069.18
2025-11-19,12:00,4,2078.8307
2025-11-19,12:00,5,201.5872
2025-11-19,12:00,6,0.0
2025-11-19,12:00,7,0.0
2025-11-19,12:00,8,0.0
2025-11-19,12:00,9,0.0
2025-11-19,12:00,10,0.0
2025-11-19,12:00,11,0.0
2025-11-19,12:00,12,0.0
2025-11-19,12:00,13,0.0
2025-11-19,12:00,14,0.0
2025-11-19,12:00,15,0.0
2025-11-19,12:00,16,0.0
2025-11-19,12:00,17,0.0
2025-11-19,12:00,18,0.0
2025-11-19,12:00,19,191.7765
2025-11-19,12:00,20,1775.0467
2025-11-19,12:00,21,3261.3399
2025-11-19,12:00,22,3878.1035
2025-11-19,12:00,23,4169.0754
2025-11-19,12:00,24,3240.0896
2025-11-19,18:00,1,0.0
2025-11-19,18:00,2,0.0
2025-11-19,18:00,3,0.0
2025-11-19,18:00,4,0.0
2025-11-19,18:00,5,0.0
2025-11-19,18:00,6,0.0
2025-11-19,18:00,7,0.0
2025-11-19,18:00,8,0.0
2025-11-19,18:00,9,0.0
2025-11-19,18:00,10,0.0
2025-11-19,18:00,11,0.0
2025-11-19,18:00,12,0.0
2025-11-19,18:00,13,226.871
2025-11-19,18:00,14,2555.7375
2025-11-19,18:00,15,4399.275
2025-11-19,18:00,16,5965.8375
2025-11-19,18:00,17,7183.8
2025-11-19,18:00,18,5768.542
2025-11-19,18:00,19,4650.7293
2025-11-19,18:00,20,3708.4894
2025-11-19,18:00,21,2347.0695
2025-11-19,18:00,22,1420.0413
2025-11-19,18:00,23,147.8511
2025-11-19,18:00,24,0.0
2025-11-20,0:00,1,0.0
2025-11-20,0:00,2,0.0
2025-11-20,0:00,3,0.0
2025-11-20,0:00,4,0.0
2025-11-20,0:00,5,0.0
2025-11-20,0:00,6,0.0
2025-11-20,0:00,7,193.512
2025-11-20,0:00,8,1977.4583
2025-11-20,0:00,9,4172.7192
2025-11-20,0:00,10,5965.8375
2025-11-20,0:00,11,7183.8
2025-11-20,0:00,12,6738.4319
2025-11-20,0:00,13,7158.4184
2025-11-20,0:00,14,5578.1456
2025-11-20,0:00,15,4315.1878
2025-11-20,0:00,16,2505.9711
2025-11-20,0:00,17,185.832
2025-11-20,0:00,18,0.0
2025-11-20,0:00,19,0.0
2025-11-20,0:00,20,0.0
2025-11-20,0:00,21,0.0
2025-11-20,0:00,22,0.0
2025-11-20,0:00,23,0.0
2025-11-20,0:00,24,0.0
2025-11-20,6:00,1,199.1983
2025-11-20,6:00,2,2188.3341
2025-11-20,6:00,3,4123.7698
2025-11-20,6:00,4,5659.3305
2025-11-20,6:00,5,6820.1375
2025-11-20,6:00,6,6715.3019
2025-11-20,6:00,7,6351.025
2025-11-20,6:00,8,5510.1679
2025-11-20,6:00,9,4003.8699
2025-11-20,6:00,10,2161.6407
2025-11-20,6:00,11,200.8007
2025-11-20,6:00,12,0.0
2025-11-20,6:00,13,0.0
2025-11-20,6:00,14,0.0
2025-11-20,6:00,15,0.0
2025-11-20,6:00,16,0.0
2025-11-20,6:00,17,0.0
2025-11-20,6:00,18,0.0
2025-11-20,6:00,19,0.0
2025-11-20,6:00,20,0.0
2025-11-20,6:00,21,0.0
2025-11-20,6:00,22,0.0
2025-11-20,6:00,23,0.0
2025-11-20,6:00,24,0.0
2025-11-20,12:00,1,6140.1634
2025-11-20,12:00,2,5280.4459
2025-11-20,12:00,3,3761.474
2025-11-20,12:00,4,2092.8953
2025-11-20,12:00,5,180.0178
2025-11-20,12:00,6,0.0
2025-11-20,12:00,7,0.0
2025-11-20,12:00,8,0.0
2025-11-20,12:00,9,0.0
2025-11-20,12:00,10,0.0
2025-11-20,12:00,11,0.0
2025-11-20,12:00,12,0.0
2025-11-20,12:00,13,0.0
2025-11-20,12:00,14,0.0
2025-11-20,12:00,15,0.0
2025-11-20,12:00,16,0.0
2025-11-20,12:00,17,0.0
2025-11-20,12:00,18,0.0
2025-11-20,12:00,19,203.2753
2025-11-20,12:00,20,2555.7375
2025-11-20,12:00,21,4399.275
2025-11-20,12:00,22,5965.8375
2025-11-20,12:00,23,7183.8
2025-11-20,12:00,24,7817.85
2025-11-20,18:00,1,0.0
2025-11-20,18:00,2,0.0
2025-11-20,18:00,3,0.0
2025-11-20,18:00,4,0.0
2025-11-20,18:00,5,0.0
2025-11-20,18:00,6,0.0
2025-11-20,18:00,7,0.0
2025-11-20,18:00,8,0.0
2025-11-20,18:00,9,0.0
2025-11-20,18:00,10,0.0
2025-11-20,18:00,11,0.0
2025-11-20,18:00,12,0.0
2025-11-20,18:00,13,166.0465
2025-11-20,18:00,14,2038.3374
2025-11-20,18:00,15,3109.6382
2025-11-20,18:00,16,3958.0244
2025-11-20,18:00,17,4741.2274
2025-11-20,18:00,18,4254.4598
2025-11-20,18:00,19,5338.9
2025-11-20,18:00,20,4914.7687
2025-11-20,18:00,21,4612.1054
2025-11-20,18:00,22,2428.058
2025-11-20,18:00,23,206.9206
2025-11-20,18:00,24,0.0
2025-11-21,0:00,1,0.0
2025-11-21,0:00,2,0.0
2025-11-21,0:00,3,0.0
2025-11-21,0:00,4,0.0
2025-11-21,0:00,5,0.0
2025-11-21,0:00,6,0.0
2025-11-21,0:00,7,163.462
2025-11-21,0:00,8,2008.4492
2025-11-21,0:00,9,3853.6536
2025-11-21,0:00,10,5965.8375
2025-11-21,0:00,11,6682.8683
2025-11-21,0:00,12,7063.7224
2025-11-21,0:00,13,7165.0003
2025-11-21,0:00,14,6314.2489
2025-11-21,0:00,15,4231.2848
2025-11-21,0:00,16,2209.9011
2025-11-21,0:00,17,158.8072
2025-11-21,0:00,18,0.0
2025-11-21,0:00,19,0.0
2025-11-21,0:00,20,0.0
2025-11-21,0:00,21,0.0
2025-11-21,0:00,22,0.0
2025-11-21,0:00,23,0.0
2025-11-21,0:00,24,0.0
2025-11-21,6:00,1,155.6387
2025-11-21,6:00,2,1950.7314
2025-11-21,6:00,3,3766.4682
2025-11-21,6:00,4,5608.5546
2025-11-21,6:00,5,6156.4897
2025-11-21,6:00,6,5728.3376
2025-11-21,6:00,7,6129.5286
2025-11-21,6:00,8,5168.9055
2025-11-21,6:00,9,3995.9481
2025-11-21,6:00,10,2112.6328
2025-11-21,6:00,11,172.8942
2025-11-21,6:00,12,0.0
2025-11-21,6:00,13,0.0
2025-11-21,6:00,14,0.0
2025-11-21,6:00,15,0.0
2025-11-21,6:00,16,0.0
2025-11-21,6:00,17,0.0
2025-11-21,6:00,18,0.0
2025-11-21,6:00,19,0.0
2025-11-21,6:00,20,0.0
2025-11-21,6:00,21,0.0
2025-11-21,6:00,22,0.0
2025-11-21,6:00,23,0.0
2025-11-21,6:00,24,0.0
2025-11-21,12:00,1,6798.1426
2025-11-21,12:00,2,5567.5187
2025-11-21,12:00,3,3867.5706
2025-11-21,12:00,4,1981.0442
2025-11-21,12:00,5,167.5854
2025-11-21,12:00,6,0.0
2025-11-21,12:00,7,0.0
2025-11-21,12:00,8,0.0
2025-11-21,12:00,9,0.0
2025-11-21,12:00,10,0.0
2025-11-21,12:00,11,0.0
2025-11-21,12:00,12,0.0
2025-11-21,12:00,13,0.0
2025-11-21,12:00,14,0.0
2025-11-21,12:00,15,0.0
2025-11-21,12:00,16,0.0
2025-11-21,12:00,17,0.0
2025-11-21,12:00,18,0.0
2025-11-21,12:00,19,191.906
2025-11-21,12:00,20,2555.7375
2025-11-21,12:00,21,4399.275
2025-11-21,12:00,22,5965.8375
2025-11-21,12:00,23,7183.8
2025-11-21,12:00,24,7817.85
2025-11-21,18:00,1,0.0
2025-11-21,18:00,2,0.0
2025-11-21,18:00,3,0.0
2025-11-21,18:00,4,0.0
2025-11-21,18:00,5,0.0
2025-11-21,18:00,6,0.0
2025-11-21,18:00,7,0.0
2025-11-21,18:00,8,0.0
2025-11-21,18:00,9,0.0
2025-11-21,18:00,10,0.0
2025-11-21,18:00,11,0.0
2025-11-21,18:00,12,0.0
2025-11-21,18:00,13,126.9556
2025-11-21,18:00,14,1979.6454
2025-11-21,18:00,15,3846.0223
2025-11-21,18:00,16,5728.8714
2025-11-21,18:00,17,7183.8
2025-11-21,18:00,18,7799.5193
2025-11-21,18:00,19,6841.9315
2025-11-21,18:00,20,5656.1457
2025-11-21,18:00,21,4350.7455
2025-11-21,18:00,22,2352.0365
2025-11-21,18:00,23,176.8854
2025-11-21,18:00,24,0.0
2025-11-22,0:00,1,0.0
2025-11-22,0:00,2,0.0
2025-11-22,0:00,3,0.0
2025-11-22,0:00,4,0.0
2025-11-22,0:00,5,0.0
2025-11-22,0:00,6,0.0
2025-11-22,0:00,7,123.0775
2025-11-22,0:00,8,1812.1512
2025-11-22,0:00,9,3226.8662
2025-11-22,0:00,10,4673.314
2025-11-22,0:00,11,5716.9679
2025-11-22,0:00,12,6275.6958
2025-11-22,0:00,13,5687.7923
2025-11-22,0:00,14,5075.3046
2025-11-22,0:00,15,4004.9552
2025-11-22,0:00,16,2095.0338
2025-11-22,0:00,17,151.6202
2025-11-22,0:00,18,0.0
2025-11-22,0:00,19,0.0
2025-11-22,0:00,20,0.0
2025-11-22,0:00,21,0.0
2025-11-22,0:00,22,0.0
2025-11-22,0:00,23,0.0
2025-11-22,0:00,24,0.0
2025-11-22,6:00,1,145.8773
2025-11-22,6:00,2,2002.6833
2025-11-22,6:00,3,3590.2954
2025-11-22,6:00,4,4943.1205
2025-11-22,6:00,5,6173.3371
2025-11-22,6:00,6,6331.61
2025-11-22,6:00,7,6479.3412
2025-11-22,6:00,8,5607.6421
2025-11-22,6:00,9,4333.9483
2025-11-22,6:00,10,2234.5347
2025-11-22,6:00,11,155.9636
2025-11-22,6:00,12,0.0
2025-11-22,6:00,13,0.0
2025-11-22,6:00,14,0.0
2025-11-22,6:00,15,0.0
2025-11-22,6:00,16,0.0
2025-11-22,6:00,17,0.0
2025-11-22,6:00,18,0.0
2025-11-22,6:00,19,0.0
2025-11-22,6:00,20,0.0
2025-11-22,6:00,21,0.0
2025-11-22,6:00,22,0.0
2025-11-22,6:00,23,0.0
2025-11-22,6:00,24,0.0
2025-11-22,12:00,1,6637.1379
2025-11-22,12:00,2,5570.0949
2025-11-22,12:00,3,4064.3294
2025-11-22,12:00,4,2121.7335
2025-11-22,12:00,5,142.7197
2025-11-22,12:00,6,0.0
2025-11-22,12:00,7,0.0
2025-11-22,12:00,8,0.0
2025-11-22,12:00,9,0.0
2025-11-22,12:00,10,0.0
2025-11-22,12:00,11,0.0
2025-11-22,12:00,12,0.0
2025-11-22,12:00,13,0.0
2025-11-22,12:00,14,0.0
2025-11-22,12:00,15,0.0
2025-11-22,12:00,16,0.0
2025-11-22,12:00,17,0.0
2025-11-22,12:00,18,0.0
2025-11-22,12:00,19,122.7671
2025-11-22,12:00,20,1865.296
2025-11-22,12:00,21,3585.1999
2025-11-22,12:00,22,5674.6449
2025-11-22,12:00,23,7183.8
2025-11-22,12:00,24,7651.0875
2025-11-22,18:00,1,0.0
2025-11-22,18:00,2,0.0
2025-11-22,18:00,3,0.0
2025-11-22,18:00,4,0.0
2025-11-22,18:00,5,0.0
2025-11-22,18:00,6,0.0
2025-11-22,18:00,7,0.0
2025-11-22,18:00,8,0.0
2025-11-22,18:00,9,0.0
2025-11-22,18:00,10,0.0
2025-11-22,18:00,11,0.0
2025-11-22,18:00,12,0.0
2025-11-22,18:00,13,137.5354
2025-11-22,18:00,14,1915.3497
2025-11-22,18:00,15,3888.4138
2025-11-22,18:00,16,4691.0341
2025-11-22,18:00,17,6145.1928
2025-11-22,18:00,18,6883.0082
2025-11-22,18:00,19,6964.0916
2025-11-22,18:00,20,4548.4324
2025-11-22,18:00,21,3410.9966
2025-11-22,18:00,22,1527.2466
2025-11-22,18:00,23,84.4383
2025-11-22,18:00,24,0.0
2025-11-23,0:00,1,0.0
2025-11-23,0:00,2,0.0
2025-11-23,0:00,3,0.0
2025-11-23,0:00,4,0.0
2025-11-23,0:00,5,0.0
2025-11-23,0:00,6,0.0
2025-11-23,0:00,7,141.2392
2025-11-23,0:00,8,2087.4454
2025-11-23,0:00,9,3957.8764
2025-11-23,0:00,10,5546.3404
2025-11-23,0:00,11,6438.8496
2025-11-23,0:00,12,7326.5205
2025-11-23,0:00,13,7195.8
2025-11-23,0:00,14,5907.2238
2025-11-23,0:00,15,4430.0684
2025-11-23,0:00,16,2347.3269
2025-11-23,0:00,17,142.1173
2025-11-23,0:00,18,0.0
2025-11-23,0:00,19,0.0
2025-11-23,0:00,20,0.0
2025-11-23,0:00,21,0.0
2025-11-23,0:00,22,0.0
2025-11-23,0:00,23,0.0
2025-11-23,0:00,24,0.0
2025-11-23,6:00,1,120.3302
2025-11-23,6:00,2,1707.8
2025-11-23,6:00,3,3350.9583
2025-11-23,6:00,4,4838.2433
2025-11-23,6:00,5,5983.0973
2025-11-23,6:00,6,6907.4409
2025-11-23,6:00,7,7195.8
2025-11-23,6:00,8,5451.9701
2025-11-23,6:00,9,3781.1437
2025-11-23,6:00,10,1880.401
2025-11-23,6:00,11,130.2737
2025-11-23,6:00,12,0.0
2025-11-23,6:00,13,0.0
2025-11-23,6:00,14,0.0
2025-11-23,6:00,15,0.0
2025-11-23,6:00,16,0.0
2025-11-23,6:00,17,0.0
2025-11-23,6:00,18,0.0
2025-11-23,6:00,19,0.0
2025-11-23,6:00,20,0.0
2025-11-23,6:00,21,0.0
2025-11-23,6:00,22,0.0
2025-11-23,6:00,23,0.0
2025-11-23,6:00,24,0.0
2025-11-23,12:00,1,7195.8
2025-11-23,12:00,2,5750.3157
2025-11-23,12:00,3,4258.2954
2025-11-23,12:00,4,2198.1815
2025-11-23,12:00,5,148.8422
2025-11-23,12:00,6,0.0
2025-11-23,12:00,7,0.0
2025-11-23,12:00,8,0.0
2025-11-23,12:00,9,0.0
2025-11-23,12:00,10,0.0
2025-11-23,12:00,11,0.0
2025-11-23,12:00,12,0.0
2025-11-23,12:00,13,0.0
2025-11-23,12:00,14,0.0
2025-11-23,12:00,15,0.0
2025-11-23,12:00,16,0.0
2025-11-23,12:00,17,0.0
2025-11-23,12:00,18,0.0
2025-11-23,12:00,19,142.0847
2025-11-23,12:00,20,2198.436
2025-11-23,12:00,21,3487.0197
2025-11-23,12:00,22,5584.0959
2025-11-23,12:00,23,6136.5313
2025-11-23,12:00,24,5604.1763
2025-11-23,18:00,1,0.0
2025-11-23,18:00,2,0.0
2025-11-23,18:00,3,0.0
2025-11-23,18:00,4,0.0
2025-11-23,18:00,5,0.0
2025-11-23,18:00,6,0.0
2025-11-23,18:00,7,0.0
2025-11-23,18:00,8,0.0
2025-11-23,18:00,9,0.0
2025-11-23,18:00,10,0.0
2025-11-23,18:00,11,0.0
2025-11-23,18:00,12,0.0
2025-11-23,18:00,13,118.5175
2025-11-23,18:00,14,1867.4659
2025-11-23,18:00,15,3078.7719
2025-11-23,18:00,16,5113.9601
2025-11-23,18:00,17,5695.9527
2025-11-23,18:00,18,5871.0198
2025-11-23,18:00,19,5147.6511
2025-11-23,18:00,20,5156.7924
2025-11-23,18:00,21,3744.4938
2025-11-23,18:00,22,1772.8905
2025-11-23,18:00,23,114.5762
2025-11-23,18:00,24,0.0
2025-11-24,0:00,1,0.0
2025-11-24,0:00,2,0.0
2025-11-24,0:00,3,0.0
2025-11-24,0:00,4,0.0
2025-11-24,0:00,5,0.0
2025-11-24,0:00,6,0.0
2025-11-24,0:00,7,127.1997
2025-11-24,0:00,8,2162.063
2025-11-24,0:00,9,3914.1813
2025-11-24,0:00,10,5965.8375
2025-11-24,0:00,11,7183.8
2025-11-24,0:00,12,7606.5
2025-11-24,0:00,13,7195.8
2025-11-24,0:00,14,6031.6723
2025-11-24,0:00,15,4181.2876
2025-11-24,0:00,16,2007.4783
2025-11-24,0:00,17,123.4573
2025-11-24,0:00,18,0.0
2025-11-24,0:00,19,0.0
2025-11-24,0:00,20,0.0
2025-11-24,0:00,21,0.0
2025-11-24,0:00,22,0.0
2025-11-24,0:00,23,0.0
2025-11-24,0:00,24,0.0
2025-11-24,6:00,1,125.0437
2025-11-24,6:00,2,2055.0299
2025-11-24,6:00,3,3747.6374
2025-11-24,6:00,4,5965.8375
2025-11-24,6:00,5,7183.8
2025-11-24,6:00,6,7329.6734
2025-11-24,6:00,7,7032.5857
2025-11-24,6:00,8,5548.001
2025-11-24,6:00,9,3590.3634
2025-11-24,6:00,10,1804.7194
2025-11-24,6:00,11,122.436
2025-11-24,6:00,12,0.0
2025-11-24,6:00,13,0.0
2025-11-24,6:00,14,0.0
2025-11-24,6:00,15,0.0
2025-11-24,6:00,16,0.0
2025-11-24,6:00,17,0.0
2025-11-24,6:00,18,0.0
2025-11-24,6:00,19,0.0
2025-11-24,6:00,20,0.0
2025-11-24,6:00,21,0.0
2025-11-24,6:00,22,0.0
2025-11-24,6:00,23,0.0
2025-11-24,6:00,24,0.0
2025-11-24,12:00,1,6791.1762
2025-11-24,12:00,2,5612.5852
2025-11-24,12:00,3,3766.0224
2025-11-24,12:00,4,1903.4121
2025-11-24,12:00,5,122.2934
2025-11-24,12:00,6,0.0
2025-11-24,12:00,7,0.0
2025-11-24,12:00,8,0.0
2025-11-24,12:00,9,0.0
2025-11-24,12:00,10,0.0
2025-11-24,12:00,11,0.0
2025-11-24,12:00,12,0.0
2025-11-24,12:00,13,0.0
2025-11-24,12:00,14,0.0
2025-11-24,12:00,15,0.0
2025-11-24,12:00,16,0.0
2025-11-24,12:00,17,0.0
2025-11-24,12:00,18,0.0
2025-11-24,12:00,19,116.815
2025-11-24,12:00,20,1767.9808
2025-11-24,12:00,21,3072.0227
2025-11-24,12:00,22,5752.3783
2025-11-24,12:00,23,7183.8
2025-11-24,12:00,24,6420.5507
2025-11-24,18:00,1,0.0
2025-11-24,18:00,2,0.0
2025-11-24,18:00,3,0.0
2025-11-24,18:00,4,0.0
2025-11-24,18:00,5,0.0
2025-11-24,18:00,6,0.0
2025-11-24,18:00,7,0.0
2025-11-24,18:00,8,0.0
2025-11-24,18:00,9,0.0
2025-11-24,18:00,10,0.0
2025-11-24,18:00,11,0.0
2025-11-24,18:00,12,0.0
2025-11-24,18:00,13,122.1701
2025-11-24,18:00,14,1969.2915
2025-11-24,18:00,15,3866.4992
2025-11-24,18:00,16,5431.9626
2025-11-24,18:00,17,5273.7168
2025-11-24,18:00,18,6722.1967
2025-11-24,18:00,19,6317.7626
2025-11-24,18:00,20,4160.7159
2025-11-24,18:00,21,3918.7224
2025-11-24,18:00,22,1731.505
2025-11-24,18:00,23,79.6543
2025-11-24,18:00,24,0.0
2025-11-25,0:00,1,0.0
2025-11-25,0:00,2,0.0
2025-11-25,0:00,3,0.0
2025-11-25,0:00,4,0.0
2025-11-25,0:00,5,0.0
2025-11-25,0:00,6,0.0
2025-11-25,0:00,7,107.4893
2025-11-25,0:00,8,1735.7495
2025-11-25,0:00,9,3078.8249
2025-11-25,0:00,10,4732.3262
2025-11-25,0:00,11,5716.8685
2025-11-25,0:00,12,5473.5526
2025-11-25,0:00,13,5478.899
2025-11-25,0:00,14,4605.9099
2025-11-25,0:00,15,3177.2348
2025-11-25,0:00,16,1321.6502
2025-11-25,0:00,17,92.1303
2025-11-25,0:00,18,0.0
2025-11-25,0:00,19,0.0
2025-11-25,0:00,20,0.0
2025-11-25,0:00,21,0.0
2025-11-25,0:00,22,0.0
2025-11-25,0:00,23,0.0
2025-11-25,0:00,24,0.0
2025-11-25,6:00,1,109.9594
2025-11-25,6:00,2,1797.6783
2025-11-25,6:00,3,3287.3291
2025-11-25,6:00,4,5267.0843
2025-11-25,6:00,5,6070.9659
2025-11-25,6:00,6,6417.8361
2025-11-25,6:00,7,6378.1176
2025-11-25,6:00,8,5214.7616
2025-11-25,6:00,9,3849.1309
2025-11-25,6:00,10,1944.9438
2025-11-25,6:00,11,122.6121
2025-11-25,6:00,12,0.0
2025-11-25,6:00,13,0.0
2025-11-25,6:00,14,0.0
2025-11-25,6:00,15,0.0
2025-11-25,6:00,16,0.0
2025-11-25,6:00,17,0.0
2025-11-25,6:00,18,0.0
2025-11-25,6:00,19,0.0
2025-11-25,6:00,20,0.0
2025-11-25,6:00,21,0.0
2025-11-25,6:00,22,0.0
2025-11-25,6:00,23,0.0
2025-11-25,6:00,24,0.0
2025-11-25,12:00,1,6629.8891
2025-11-25,12:00,2,5412.6066
2025-11-25,12:00,3,3966.9937
2025-11-25,12:00,4,1913.7004
2025-11-25,12:00,5,113.0594
2025-11-25,12:00,6,0.0
2025-11-25,12:00,7,0.0
2025-11-25,12:00,8,0.0
2025-11-25,12:00,9,0.0
2025-11-25,12:00,10,0.0
2025-11-25,12:00,11,0.0
2025-11-25,12:00,12,0.0
2025-11-25,12:00,13,0.0
2025-11-25,12:00,14,0.0
2025-11-25,12:00,15,0.0
2025-11-25,12:00,16,0.0
2025-11-25,12:00,17,0.0
2025-11-25,12:00,18,0.0
2025-11-25,12:00,19,108.0969
2025-11-25,12:00,20,2288.1605
2025-11-25,12:00,21,4083.2008
2025-11-25,12:00,22,5432.1162
2025-11-25,12:00,23,5542.4586
2025-11-25,12:00,24,6095.6496
2025-11-25,18:00,1,0.0
2025-11-25,18:00,2,0.0
2025-11-25,18:00,3,0.0
2025-11-25,18:00,4,0.0
2025-11-25,18:00,5,0.0
2025-11-25,18:00,6,0.0
2025-11-25,18:00,7,0.0
2025-11-25,18:00,8,0.0
2025-11-25,18:00,9,0.0
2025-11-25,18:00,10,0.0
2025-11-25,18:00,11,0.0
2025-11-25,18:00,12,0.0
2025-11-25,18:00,13,71.4023
2025-11-25,18:00,14,1734.9141
2025-11-25,18:00,15,2903.4333
2025-11-25,18:00,16,4519.8709
2025-11-25,18:00,17,5980.111
2025-11-25,18:00,18,6319.743
2025-11-25,18:00,19,5231.7429
2025-11-25,18:00,20,5256.7376
2025-11-25,18:00,21,3595.7546
2025-11-25,18:00,22,1560.2066
2025-11-25,18:00,23,90.7273
2025-11-25,18:00,24,0.0
2025-11-26,0:00,1,0.0
2025-11-26,0:00,2,0.0
2025-11-26,0:00,3,0.0
2025-11-26,0:00,4,0.0
2025-11-26,0:00,5,0.0
2025-11-26,0:00,6,0.0
2025-11-26,0:00,7,95.9527
2025-11-26,0:00,8,2053.8691
2025-11-26,0:00,9,3906.9309
2025-11-26,0:00,10,5674.7163
2025-11-26,0:00,11,6374.6586
2025-11-26,0:00,12,5828.8111
2025-11-26,0:00,13,6086.0586
2025-11-26,0:00,14,4662.9848
2025-11-26,0:00,15,3396.324
2025-11-26,0:00,16,2113.1027
2025-11-26,0:00,17,137.7183
2025-11-26,0:00,18,0.0
2025-11-26,0:00,19,0.0
2025-11-26,0:00,20,0.0
2025-11-26,0:00,21,0.0
2025-11-26,0:00,22,0.0
2025-11-26,0:00,23,0.0
2025-11-26,0:00,24,0.0
2025-11-26,6:00,1,94.0661
2025-11-26,6:00,2,1880.4161
2025-11-26,6:00,3,3502.4083
2025-11-26,6:00,4,4791.9576
2025-11-26,6:00,5,5801.1021
2025-11-26,6:00,6,6212.9958
2025-11-26,6:00,7,5920.0793
2025-11-26,6:00,8,5108.8435
2025-11-26,6:00,9,3728.963
2025-11-26,6:00,10,1822.8279
2025-11-26,6:00,11,91.319
2025-11-26,6:00,12,0.0
2025-11-26,6:00,13,0.0
2025-11-26,6:00,14,0.0
2025-11-26,6:00,15,0.0
2025-11-26,6:00,16,0.0
2025-11-26,6:00,17,0.0
2025-11-26,6:00,18,0.0
2025-11-26,6:00,19,0.0
2025-11-26,6:00,20,0.0
2025-11-26,6:00,21,0.0
2025-11-26,6:00,22,0.0
2025-11-26,6:00,23,0.0
2025-11-26,6:00,24,0.0
2025-11-26,12:00,1,6145.4232
2025-11-26,12:00,2,5217.4284
2025-11-26,12:00,3,3809.3958
2025-11-26,12:00,4,2018.184
2025-11-26,12:00,5,113.1447
2025-11-26,12:00,6,0.0
2025-11-26,12:00,7,0.0
2025-11-26,12:00,8,0.0
2025-11-26,12:00,9,0.0
2025-11-26,12:00,10,0.0
2025-11-26,12:00,11,0.0
2025-11-26,12:00,12,0.0
2025-11-26,12:00,13,0.0
2025-11-26,12:00,14,0.0
2025-11-26,12:00,15,0.0
2025-11-26,12:00,16,0.0
2025-11-26,12:00,17,0.0
2025-11-26,12:00,18,0.0
2025-11-26,12:00,19,88.191
2025-11-26,12:00,20,1599.5456
2025-11-26,12:00,21,3683.1534
2025-11-26,12:00,22,4118.9917
2025-11-26,12:00,23,4595.342
2025-11-26,12:00,24,4323.6021
2025-11-26,18:00,1,0.0
2025-11-26,18:00,2,0.0
2025-11-26,18:00,3,0.0
2025-11-26,18:00,4,0.0
2025-11-26,18:00,5,0.0
2025-11-26,18:00,6,0.0
2025-11-26,18:00,7,0.0
2025-11-26,18:00,8,0.0
2025-11-26,18:00,9,0.0
2025-11-26,18:00,10,0.0
2025-11-26,18:00,11,0.0
2025-11-26,18:00,12,0.0
2025-11-26,18:00,13,102.4083
2025-11-26,18:00,14,2027.7459
2025-11-26,18:00,15,4086.0723
2025-11-26,18:00,16,5302.288
2025-11-26,18:00,17,6437.6824
2025-11-26,18:00,18,7137.2804
2025-11-26,18:00,19,6686.87
2025-11-26,18:00,20,4753.2271
2025-11-26,18:00,21,3167.0684
2025-11-26,18:00,22,1517.106
2025-11-26,18:00,23,70.9775
2025-11-26,18:00,24,0.0
2025-11-27,0:00,1,0.0
2025-11-27,0:00,2,0.0
2025-11-27,0:00,3,0.0
2025-11-27,0:00,4,0.0
2025-11-27,0:00,5,0.0
2025-11-27,0:00,6,0.0
2025-11-27,0:00,7,98.1829
2025-11-27,0:00,8,2110.261
2025-11-27,0:00,9,4311.3375
2025-11-27,0:00,10,5610.4502
2025-11-27,0:00,11,5905.6745
2025-11-27,0:00,12,6929.7851
2025-11-27,0:00,13,6676.3261
2025-11-27,0:00,14,5064.2603
2025-11-27,0:00,15,3968.748
2025-11-27,0:00,16,1922.7619
2025-11-27,0:00,17,90.8019
2025-11-27,0:00,18,0.0
2025-11-27,0:00,19,0.0
2025-11-27,0:00,20,0.0
2025-11-27,0:00,21,0.0
2025-11-27,0:00,22,0.0
2025-11-27,0:00,23,0.0
2025-11-27,0:00,24,0.0
2025-11-27,6:00,1,90.9375
2025-11-27,6:00,2,1911.2461
2025-11-27,6:00,3,3946.8357
2025-11-27,6:00,4,5066.02
2025-11-27,6:00,5,5873.1803
2025-11-27,6:00,6,6372.164
2025-11-27,6:00,7,6197.7608
2025-11-27,6:00,8,4819.5447
2025-11-27,6:00,9,3797.9758
2025-11-27,6:00,10,1950.3515
2025-11-27,6:00,11,94.0695
2025-11-27,6:00,12,0.0
2025-11-27,6:00,13,0.0
2025-11-27,6:00,14,0.0
2025-11-27,6:00,15,0.0
2025-11-27,6:00,16,0.0
2025-11-27,6:00,17,0.0
2025-11-27,6:00,18,0.0
2025-11-27,6:00,19,0.0
2025-11-27,6:00,20,0.0
2025-11-27,6:00,21,0.0
2025-11-27,6:00,22,0.0
2025-11-27,6:00,23,0.0
2025-11-27,6:00,24,0.0
2025-11-27,12:00,1,6425.151
2025-11-27,12:00,2,5130.9314
2025-11-27,12:00,3,3761.9451
2025-11-27,12:00,4,1720.2964
2025-11-27,12:00,5,87.0202
2025-11-27,12:00,6,0.0
2025-11-27,12:00,7,0.0
2025-11-27,12:00,8,0.0
2025-11-27,12:00,9,0.0
2025-11-27,12:00,10,0.0
2025-11-27,12:00,11,0.0
2025-11-27,12:00,12,0.0
2025-11-27,12:00,13,0.0
2025-11-27,12:00,14,0.0
2025-11-27,12:00,15,0.0
2025-11-27,12:00,16,0.0
2025-11-27,12:00,17,0.0
2025-11-27,12:00,18,0.0
2025-11-27,12:00,19,64.7196
2025-11-27,12:00,20,1645.335
2025-11-27,12:00,21,2957.3956
2025-11-27,12:00,22,3723.9339
2025-11-27,12:00,23,5898.0946
2025-11-27,12:00,24,4465.0445
2025-11-27,18:00,1,0.0
2025-11-27,18:00,2,0.0
2025-11-27,18:00,3,0.0
2025-11-27,18:00,4,0.0
2025-11-27,18:00,5,0.0
2025-11-27,18:00,6,0.0
2025-11-27,18:00,7,0.0
2025-11-27,18:00,8,0.0
2025-11-27,18:00,9,0.0
2025-11-27,18:00,10,0.0
2025-11-27,18:00,11,0.0
2025-11-27,18:00,12,0.0
2025-11-27,18:00,13,73.8906
2025-11-27,18:00,14,1827.1002
2025-11-27,18:00,15,3730.7825
2025-11-27,18:00,16,5901.225
2025-11-27,18:00,17,7151.7375
2025-11-27,18:00,18,7593.1125
2025-11-27,18:00,19,7195.8
2025-11-27,18:00,20,5779.0125
2025-11-27,18:00,21,4231.7809
2025-11-27,18:00,22,1951.0559
2025-11-27,18:00,23,66.6305
2025-11-27,18:00,24,0.0
2025-11-28,0:00,1,0.0
2025-11-28,0:00,2,0.0
2025-11-28,0:00,3,0.0
2025-11-28,0:00,4,0.0
2025-11-28,0:00,5,0.0
2025-11-28,0:00,6,0.0
2025-11-28,0:00,7,73.5302
2025-11-28,0:00,8,1685.1688
2025-11-28,0:00,9,3564.4859
2025-11-28,0:00,10,5134.5501
2025-11-28,0:00,11,5963.5209
2025-11-28,0:00,12,6829.2599
2025-11-28,0:00,13,7189.6024
2025-11-28,0:00,14,5779.0125
2025-11-28,0:00,15,3886.8167
2025-11-28,0:00,16,2117.2878
2025-11-28,0:00,17,79.9769
2025-11-28,0:00,18,0.0
2025-11-28,0:00,19,0.0
2025-11-28,0:00,20,0.0
2025-11-28,0:00,21,0.0
2025-11-28,0:00,22,0.0
2025-11-28,0:00,23,0.0
2025-11-28,0:00,24,0.0
2025-11-28,6:00,1,75.2214
2025-11-28,6:00,2,1729.6572
2025-11-28,6:00,3,3521.1417
2025-11-28,6:00,4,5011.2458
2025-11-28,6:00,5,5999.7469
2025-11-28,6:00,6,5898.9698
2025-11-28,6:00,7,6301.8892
2025-11-28,6:00,8,5319.5893
2025-11-28,6:00,9,3704.3833
2025-11-28,6:00,10,1924.977
2025-11-28,6:00,11,84.0522
2025-11-28,6:00,12,0.0
2025-11-28,6:00,13,0.0
2025-11-28,6:00,14,0.0
2025-11-28,6:00,15,0.0
2025-11-28,6:00,16,0.0
2025-11-28,6:00,17,0.0
2025-11-28,6:00,18,0.0
2025-11-28,6:00,19,0.0
2025-11-28,6:00,20,0.0
2025-11-28,6:00,21,0.0
2025-11-28,6:00,22,0.0
2025-11-28,6:00,23,0.0
2025-11-28,6:00,24,0.0
2025-11-28,12:00,1,6845.8737
2025-11-28,12:00,2,5467.8927
2025-11-28,12:00,3,3845.5682
2025-11-28,12:00,4,2051.8824
2025-11-28,12:00,5,83.9255
2025-11-28,12:00,6,0.0
2025-11-28,12:00,7,0.0
2025-11-28,12:00,8,0.0
2025-11-28,12:00,9,0.0
2025-11-28,12:00,10,0.0
2025-11-28,12:00,11,0.0
2025-11-28,12:00,12,0.0
2025-11-28,12:00,13,0.0
2025-11-28,12:00,14,0.0
2025-11-28,12:00,15,0.0
2025-11-28,12:00,16,0.0
2025-11-28,12:00,17,0.0
2025-11-28,12:00,18,0.0
2025-11-28,12:00,19,88.1663
2025-11-28,12:00,20,2173.8166
2025-11-28,12:00,21,4040.8412
2025-11-28,12:00,22,5901.225
2025-11-28,12:00,23,7090.65
2025-11-28,12:00,24,6936.9595
2025-11-28,18:00,1,0.0
2025-11-28,18:00,2,0.0
2025-11-28,18:00,3,0.0
2025-11-28,18:00,4,0.0
2025-11-28,18:00,5,0.0
2025-11-28,18:00,6,0.0
2025-11-28,18:00,7,0.0
2025-11-28,18:00,8,0.0
2025-11-28,18:00,9,0.0
2025-11-28,18:00,10,0.0
2025-11-28,18:00,11,0.0
2025-11-28,18:00,12,0.0
2025-11-28,18:00,13,64.0785
2025-11-28,18:00,14,1578.0257
2025-11-28,18:00,15,3515.1291
2025-11-28,18:00,16,5564.6158
2025-11-28,18:00,17,6486.2243
2025-11-28,18:00,18,6790.5719
2025-11-28,18:00,19,6657.6551
2025-11-28,18:00,20,5506.7677
2025-11-28,18:00,21,3655.8711
2025-11-28,18:00,22,2007.6621
2025-11-28,18:00,23,70.8375
2025-11-28,18:00,24,0.0
2025-11-29,0:00,1,0.0
2025-11-29,0:00,2,0.0
2025-11-29,0:00,3,0.0
2025-11-29,0:00,4,0.0
2025-11-29,0:00,5,0.0
2025-11-29,0:00,6,0.0
2025-11-29,0:00,7,68.173
2025-11-29,0:00,8,1535.1822
2025-11-29,0:00,9,3149.1227
2025-11-29,0:00,10,4284.559
2025-11-29,0:00,11,4685.8705
2025-11-29,0:00,12,4217.5105
2025-11-29,0:00,13,4619.9104
2025-11-29,0:00,14,4325.8998
2025-11-29,0:00,15,3340.6622
2025-11-29,0:00,16,1730.1201
2025-11-29,0:00,17,69.911
2025-11-29,0:00,18,0.0
2025-11-29,0:00,19,0.0
2025-11-29,0:00,20,0.0
2025-11-29,0:00,21,0.0
2025-11-29,0:00,22,0.0
2025-11-29,0:00,23,0.0
2025-11-29,0:00,24,0.0
2025-11-29,6:00,1,70.3388
2025-11-29,6:00,2,1747.6863
2025-11-29,6:00,3,3532.9867
2025-11-29,6:00,4,5019.431
2025-11-29,6:00,5,5571.1991
2025-11-29,6:00,6,5356.7133
2025-11-29,6:00,7,5436.6795
2025-11-29,6:00,8,4967.4089
2025-11-29,6:00,9,3664.6646
2025-11-29,6:00,10,2084.7349
2025-11-29,6:00,11,91.4029
2025-11-29,6:00,12,0.0
2025-11-29,6:00,13,0.0
2025-11-29,6:00,14,0.0
2025-11-29,6:00,15,0.0
2025-11-29,6:00,16,0.0
2025-11-29,6:00,17,0.0
2025-11-29,6:00,18,0.0
2025-11-29,6:00,19,0.0
2025-11-29,6:00,20,0.0
2025-11-29,6:00,21,0.0
2025-11-29,6:00,22,0.0
2025-11-29,6:00,23,0.0
2025-11-29,6:00,24,0.0
2025-11-29,12:00,1,5257.9333
2025-11-29,12:00,2,4628.098
2025-11-29,12:00,3,3281.5267
2025-11-29,12:00,4,1772.3627
2025-11-29,12:00,5,72.5281
2025-11-29,12:00,6,0.0
2025-11-29,12:00,7,0.0
2025-11-29,12:00,8,0.0
2025-11-29,12:00,9,0.0
2025-11-29,12:00,10,0.0
2025-11-29,12:00,11,0.0
2025-11-29,12:00,12,0.0
2025-11-29,12:00,13,0.0
2025-11-29,12:00,14,0.0
2025-11-29,12:00,15,0.0
2025-11-29,12:00,16,0.0
2025-11-29,12:00,17,0.0
2025-11-29,12:00,18,0.0
2025-11-29,12:00,19,56.581
2025-11-29,12:00,20,1905.5903
2025-11-29,12:00,21,3430.9526
2025-11-29,12:00,22,4409.9082
2025-11-29,12:00,23,5914.1229
2025-11-29,12:00,24,5575.3529
2025-11-29,18:00,1,0.0
2025-11-29,18:00,2,0.0
2025-11-29,18:00,3,0.0
2025-11-29,18:00,4,0.0
2025-11-29,18:00,5,0.0
2025-11-29,18:00,6,0.0
2025-11-29,18:00,7,0.0
2025-11-29,18:00,8,0.0
2025-11-29,18:00,9,0.0
2025-11-29,18:00,10,0.0
2025-11-29,18:00,11,0.0
2025-11-29,18:00,12,0.0
2025-11-29,18:00,13,64.5866
2025-11-29,18:00,14,1846.3952
2025-11-29,18:00,15,4075.5313
2025-11-29,18:00,16,5889.8163
2025-11-29,18:00,17,7090.65
2025-11-29,18:00,18,7389.9914
2025-11-29,18:00,19,7047.2155
2025-11-29,18:00,20,5198.9801
2025-11-29,18:00,21,3667.0145
2025-11-29,18:00,22,1611.1483
2025-11-29,18:00,23,60.5464
2025-11-29,18:00,24,0.0
2025-11-30,0:00,1,0.0
2025-11-30,0:00,2,0.0
2025-11-30,0:00,3,0.0
2025-11-30,0:00,4,0.0
2025-11-30,0:00,5,0.0
2025-11-30,0:00,6,0.0
2025-11-30,0:00,7,71.4394
2025-11-30,0:00,8,2031.8224
2025-11-30,0:00,9,3861.8854
2025-11-30,0:00,10,5042.8427
2025-11-30,0:00,11,5416.1625
2025-11-30,0:00,12,5776.0909
2025-11-30,0:00,13,5742.7464
2025-11-30,0:00,14,5535.5679
2025-11-30,0:00,15,4066.5408
2025-11-30,0:00,16,2089.253
2025-11-30,0:00,17,57.7642
2025-11-30,0:00,18,0.0
2025-11-30,0:00,19,0.0
2025-11-30,0:00,20,0.0
2025-11-30,0:00,21,0.0
2025-11-30,0:00,22,0.0
2025-11-30,0:00,23,0.0
2025-11-30,0:00,24,0.0
2025-11-30,6:00,1,59.4017
2025-11-30,6:00,2,1781.1976
2025-11-30,6:00,3,3565.0635
2025-11-30,6:00,4,4814.9814
2025-11-30,6:00,5,5650.7904
2025-11-30,6:00,6,5912.7936
2025-11-30,6:00,7,5491.6099
2025-11-30,6:00,8,4504.7878
2025-11-30,6:00,9,3147.8595
2025-11-30,6:00,10,1733.9072
2025-11-30,6:00,11,50.9051
2025-11-30,6:00,12,0.0
2025-11-30,6:00,13,0.0
2025-11-30,6:00,14,0.0
2025-11-30,6:00,15,0.0
2025-11-30,6:00,16,0.0
2025-11-30,6:00,17,0.0
2025-11-30,6:00,18,0.0
2025-11-30,6:00,19,0.0
2025-11-30,6:00,20,0.0
2025-11-30,6:00,21,0.0
2025-11-30,6:00,22,0.0
2025-11-30,6:00,23,0.0
2025-11-30,6:00,24,0.0
2025-11-30,12:00,1,5708.562
2025-11-30,12:00,2,4903.3425
2025-11-30,12:00,3,3356.6118
2025-11-30,12:00,4,1704.3124
2025-11-30,12:00,5,55.8334
2025-11-30,12:00,6,0.0
2025-11-30,12:00,7,0.0
2025-11-30,12:00,8,0.0
2025-11-30,12:00,9,0.0
2025-11-30,12:00,10,0.0
2025-11-30,12:00,11,0.0
2025-11-30,12:00,12,0.0
2025-11-30,12:00,13,0.0
2025-11-30,12:00,14,0.0
2025-11-30,12:00,15,0.0
2025-11-30,12:00,16,0.0
2025-11-30,12:00,17,0.0
2025-11-30,12:00,18,0.0
2025-11-30,12:00,19,52.8447
2025-11-30,12:00,20,1965.3294
2025-11-30,12:00,21,3321.1091
2025-11-30,12:00,22,4812.9179
2025-11-30,12:00,23,5575.1325
2025-11-30,12:00,24,5521.6278
2025-11-30,18:00,1,0.0
2025-11-30,18:00,2,0.0
2025-11-30,18:00,3,0.0
2025-11-30,18:00,4,0.0
2025-11-30,18:00,5,0.0
2025-11-30,18:00,6,0.0
2025-11-30,18:00,7,0.0
2025-11-30,18:00,8,0.0
2025-11-30,18:00,9,0.0
2025-11-30,18:00,10,0.0
2025-11-30,18:00,11,0.0
2025-11-30,18:00,12,0.0
2025-11-30,18:00,13,51.4235
2025-11-30,18:00,14,1849.893
2025-11-30,18:00,15,3567.3799
2025-11-30,18:00,16,5312.6046
2025-11-30,18:00,17,7090.65
2025-11-30,18:00,18,6886.1362
2025-11-30,18:00,19,6336.4304
2025-11-30,18:00,20,5693.5125
2025-11-30,18:00,21,4260.45
2025-11-30,18:00,22,2150.3164
2025-11-30,18:00,23,62.2884
2025-11-30,18:00,24,0.0
2025-12-1,0:00,1,0.0
2025-12-1,0:00,2,0.0
2025-12-1,0:00,3,0.0
2025-12-1,0:00,4,0.0
2025-12-1,0:00,5,0.0
2025-12-1,0:00,6,0.0
2025-12-1,0:00,7,44.5776
2025-12-1,0:00,8,1538.2253
2025-12-1,0:00,9,3072.669
2025-12-1,0:00,10,4698.8506
2025-12-1,0:00,11,6408.5399
2025-12-1,0:00,12,6175.4063
2025-12-1,0:00,13,5433.4294
2025-12-1,0:00,14,4347.7658
2025-12-1,0:00,15,3011.8894
2025-12-1,0:00,16,1707.9305
2025-12-1,0:00,17,55.424
2025-12-1,0:00,18,0.0
2025-12-1,0:00,19,0.0
2025-12-1,0:00,20,0.0
2025-12-1,0:00,21,0.0
2025-12-1,0:00,22,0.0
2025-12-1,0:00,23,0.0
2025-12-1,0:00,24,0.0
2025-12-1,6:00,1,48.1888
2025-12-1,6:00,2,1783.818
2025-12-1,6:00,3,3584.0399
2025-12-1,6:00,4,5127.6837
2025-12-1,6:00,5,6602.9465
2025-12-1,6:00,6,6611.9851
2025-12-1,6:00,7,5409.2237
2025-12-1,6:00,8,4158.3911
2025-12-1,6:00,9,2947.2923
2025-12-1,6:00,10,1510.1311
2025-12-1,6:00,11,42.1237
2025-12-1,6:00,12,0.0
2025-12-1,6:00,13,0.0
2025-12-1,6:00,14,0.0
2025-12-1,6:00,15,0.0
2025-12-1,6:00,16,0.0
2025-12-1,6:00,17,0.0
2025-12-1,6:00,18,0.0
2025-12-1,6:00,19,0.0
2025-12-1,6:00,20,0.0
2025-12-1,6:00,21,0.0
2025-12-1,6:00,22,0.0
2025-12-1,6:00,23,0.0
2025-12-1,6:00,24,0.0
2025-12-1,12:00,1,5853.6169
2025-12-1,12:00,2,4717.1654
2025-12-1,12:00,3,3436.095
2025-12-1,12:00,4,1747.5447
2025-12-1,12:00,5,46.7483
2025-12-1,12:00,6,0.0
2025-12-1,12:00,7,0.0
2025-12-1,12:00,8,0.0
2025-12-1,12:00,9,0.0
2025-12-1,12:00,10,0.0
2025-12-1,12:00,11,0.0
2025-12-1,12:00,12,0.0
2025-12-1,12:00,13,0.0
2025-12-1,12:00,14,0.0
2025-12-1,12:00,15,0.0
2025-12-1,12:00,16,0.0
2025-12-1,12:00,17,0.0
2025-12-1,12:00,18,0.0
2025-12-1,12:00,19,41.3354
2025-12-1,12:00,20,1414.2988
2025-12-1,12:00,21,2767.7473
2025-12-1,12:00,22,3231.07
2025-12-1,12:00,23,3771.4716
2025-12-1,12:00,24,4770.8374
2025-12-1,18:00,1,0.0
2025-12-1,18:00,2,0.0
2025-12-1,18:00,3,0.0
2025-12-1,18:00,4,0.0
2025-12-1,18:00,5,0.0
2025-12-1,18:00,6,0.0
2025-12-1,18:00,7,0.0
2025-12-1,18:00,8,0.0
2025-12-1,18:00,9,0.0
2025-12-1,18:00,10,0.0
2025-12-1,18:00,11,0.0
2025-12-1,18:00,12,0.0
2025-12-1,18:00,13,34.9231
2025-12-1,18:00,14,1202.0888
2025-12-1,18:00,15,3282.6095
2025-12-1,18:00,16,4211.4995
2025-12-1,18:00,17,5510.0834
2025-12-1,18:00,18,7090.3053
2025-12-1,18:00,19,6771.5422
2025-12-1,18:00,20,4481.8477
2025-12-1,18:00,21,2774.4066
2025-12-1,18:00,22,959.9773
2025-12-1,18:00,23,20.7163
2025-12-1,18:00,24,0.0
2025-12-2,0:00,1,0.0
2025-12-2,0:00,2,0.0
2025-12-2,0:00,3,0.0
2025-12-2,0:00,4,0.0
2025-12-2,0:00,5,0.0
2025-12-2,0:00,6,0.0
2025-12-2,0:00,7,45.4678
2025-12-2,0:00,8,1700.3803
2025-12-2,0:00,9,3469.4312
2025-12-2,0:00,10,4228.0367
2025-12-2,0:00,11,4697.0657
2025-12-2,0:00,12,4977.2848
2025-12-2,0:00,13,4972.9981
2025-12-2,0:00,14,4414.6051
2025-12-2,0:00,15,3067.3893
2025-12-2,0:00,16,1662.767
2025-12-2,0:00,17,45.6805
2025-12-2,0:00,18,0.0
2025-12-2,0:00,19,0.0
2025-12-2,0:00,20,0.0
2025-12-2,0:00,21,0.0
2025-12-2,0:00,22,0.0
2025-12-2,0:00,23,0.0
2025-12-2,0:00,24,0.0
2025-12-2,6:00,1,41.4288
2025-12-2,6:00,2,1555.2472
2025-12-2,6:00,3,3549.4654
2025-12-2,6:00,4,4407.111
2025-12-2,6:00,5,5150.9037
2025-12-2,6:00,6,5773.6286
2025-12-2,6:00,7,5445.0659
2025-12-2,6:00,8,4266.2866
2025-12-2,6:00,9,3185.8667
2025-12-2,6:00,10,1529.9539
2025-12-2,6:00,11,41.935
2025-12-2,6:00,12,0.0
2025-12-2,6:00,13,0.0
2025-12-2,6:00,14,0.0
2025-12-2,6:00,15,0.0
2025-12-2,6:00,16,0.0
2025-12-2,6:00,17,0.0
2025-12-2,6:00,18,0.0
2025-12-2,6:00,19,0.0
2025-12-2,6:00,20,0.0
2025-12-2,6:00,21,0.0
2025-12-2,6:00,22,0.0
2025-12-2,6:00,23,0.0
2025-12-2,6:00,24,0.0
2025-12-2,12:00,1,5651.8494
2025-12-2,12:00,2,4868.509
2025-12-2,12:00,3,3258.2958
2025-12-2,12:00,4,1670.5283
2025-12-2,12:00,5,38.8208
2025-12-2,12:00,6,0.0
2025-12-2,12:00,7,0.0
2025-12-2,12:00,8,0.0
2025-12-2,12:00,9,0.0
2025-12-2,12:00,10,0.0
2025-12-2,12:00,11,0.0
2025-12-2,12:00,12,0.0
2025-12-2,12:00,13,0.0
2025-12-2,12:00,14,0.0
2025-12-2,12:00,15,0.0
2025-12-2,12:00,16,0.0
2025-12-2,12:00,17,0.0
2025-12-2,12:00,18,0.0
2025-12-2,12:00,19,25.9725
2025-12-2,12:00,20,1126.1237
2025-12-2,12:00,21,2247.0372
2025-12-2,12:00,22,2970.679
2025-12-2,12:00,23,3048.1158
2025-12-2,12:00,24,2212.2991
2025-12-2,18:00,1,0.0
2025-12-2,18:00,2,0.0
2025-12-2,18:00,3,0.0
2025-12-2,18:00,4,0.0
2025-12-2,18:00,5,0.0
2025-12-2,18:00,6,0.0
2025-12-2,18:00,7,0.0
2025-12-2,18:00,8,0.0
2025-12-2,18:00,9,0.0
2025-12-2,18:00,10,0.0
2025-12-2,18:00,11,0.0
2025-12-2,18:00,12,0.0
2025-12-2,18:00,13,38.0158
2025-12-2,18:00,14,1874.7314
2025-12-2,18:00,15,3836.91
2025-12-2,18:00,16,5148.9322
2025-12-2,18:00,17,6031.6991
2025-12-2,18:00,18,5713.33
2025-12-2,18:00,19,5633.1641
2025-12-2,18:00,20,4824.6363
2025-12-2,18:00,21,3080.5683
2025-12-2,18:00,22,1936.4756
2025-12-2,18:00,23,39.8753
2025-12-2,18:00,24,0.0
2025-12-3,0:00,1,0.0
2025-12-3,0:00,2,0.0
2025-12-3,0:00,3,0.0
2025-12-3,0:00,4,0.0
2025-12-3,0:00,5,0.0
2025-12-3,0:00,6,0.0
2025-12-3,0:00,7,34.3538
2025-12-3,0:00,8,1555.6109
2025-12-3,0:00,9,3631.4819
2025-12-3,0:00,10,5274.2887
2025-12-3,0:00,11,7090.65
2025-12-3,0:00,12,6805.5005
2025-12-3,0:00,13,6708.0902
2025-12-3,0:00,14,5645.925
2025-12-3,0:00,15,4166.5875
2025-12-3,0:00,16,1973.5309
2025-12-3,0:00,17,36.4305
2025-12-3,0:00,18,0.0
2025-12-3,0:00,19,0.0
2025-12-3,0:00,20,0.0
2025-12-3,0:00,21,0.0
2025-12-3,0:00,22,0.0
2025-12-3,0:00,23,0.0
2025-12-3,0:00,24,0.0
2025-12-3,6:00,1,35.2165
2025-12-3,6:00,2,1655.2476
2025-12-3,6:00,3,3481.0122
2025-12-3,6:00,4,5001.9136
2025-12-3,6:00,5,6045.2246
2025-12-3,6:00,6,5630.7811
2025-12-3,6:00,7,5225.0718
2025-12-3,6:00,8,4917.2674
2025-12-3,6:00,9,3307.2043
2025-12-3,6:00,10,1672.0494
2025-12-3,6:00,11,34.6863
2025-12-3,6:00,12,0.0
2025-12-3,6:00,13,0.0
2025-12-3,6:00,14,0.0
2025-12-3,6:00,15,0.0
2025-12-3,6:00,16,0.0
2025-12-3,6:00,17,0.0
2025-12-3,6:00,18,0.0
2025-12-3,6:00,19,0.0
2025-12-3,6:00,20,0.0
2025-12-3,6:00,21,0.0
2025-12-3,6:00,22,0.0
2025-12-3,6:00,23,0.0
2025-12-3,6:00,24,0.0
2025-12-3,12:00,1,5211.4217
2025-12-3,12:00,2,4662.963
2025-12-3,12:00,3,3194.0001
2025-12-3,12:00,4,1559.7874
2025-12-3,12:00,5,33.0041
2025-12-3,12:00,6,0.0
2025-12-3,12:00,7,0.0
2025-12-3,12:00,8,0.0
2025-12-3,12:00,9,0.0
2025-12-3,12:00,10,0.0
2025-12-3,12:00,11,0.0
2025-12-3,12:00,12,0.0
2025-12-3,12:00,13,0.0
2025-12-3,12:00,14,0.0
2025-12-3,12:00,15,0.0
2025-12-3,12:00,16,0.0
2025-12-3,12:00,17,0.0
2025-12-3,12:00,18,0.0
2025-12-3,12:00,19,28.3689
2025-12-3,12:00,20,1801.0167
2025-12-3,12:00,21,3961.2179
2025-12-3,12:00,22,5752.4655
2025-12-3,12:00,23,7090.65
2025-12-3,12:00,24,7044.3
2025-12-3,18:00,1,0.0
2025-12-3,18:00,2,0.0
2025-12-3,18:00,3,0.0
2025-12-3,18:00,4,0.0
2025-12-3,18:00,5,0.0
2025-12-3,18:00,6,0.0
2025-12-3,18:00,7,0.0
2025-12-3,18:00,8,0.0
2025-12-3,18:00,9,0.0
2025-12-3,18:00,10,0.0
2025-12-3,18:00,11,0.0
2025-12-3,18:00,12,0.0
2025-12-3,18:00,13,27.8563
2025-12-3,18:00,14,1657.0148
2025-12-3,18:00,15,3312.5846
2025-12-3,18:00,16,5235.6308
2025-12-3,18:00,17,5515.263
2025-12-3,18:00,18,6526.9971
2025-12-3,18:00,19,6593.0514
2025-12-3,18:00,20,5270.0104
2025-12-3,18:00,21,3248.5148
2025-12-3,18:00,22,1472.8703
2025-12-3,18:00,23,19.1592
2025-12-3,18:00,24,0.0
2025-12-4,0:00,1,0.0
2025-12-4,0:00,2,0.0
2025-12-4,0:00,3,0.0
2025-12-4,0:00,4,0.0
2025-12-4,0:00,5,0.0
2025-12-4,0:00,6,0.0
2025-12-4,0:00,7,24.5396
2025-12-4,0:00,8,1695.1795
2025-12-4,0:00,9,3454.5003
2025-12-4,0:00,10,5435.9953
2025-12-4,0:00,11,6387.9882
2025-12-4,0:00,12,6225.3818
2025-12-4,0:00,13,5369.1175
2025-12-4,0:00,14,3685.677
2025-12-4,0:00,15,2156.8246
2025-12-4,0:00,16,1124.7885
2025-12-4,0:00,17,18.246
2025-12-4,0:00,18,0.0
2025-12-4,0:00,19,0.0
2025-12-4,0:00,20,0.0
2025-12-4,0:00,21,0.0
2025-12-4,0:00,22,0.0
2025-12-4,0:00,23,0.0
2025-12-4,0:00,24,0.0
2025-12-4,6:00,1,26.0363
2025-12-4,6:00,2,1693.3136
2025-12-4,6:00,3,3289.9596
2025-12-4,6:00,4,4923.8679
2025-12-4,6:00,5,6095.638
2025-12-4,6:00,6,6180.3167
2025-12-4,6:00,7,6037.7283
2025-12-4,6:00,8,5081.1238
2025-12-4,6:00,9,3376.8645
2025-12-4,6:00,10,1672.8766
2025-12-4,6:00,11,27.9749
2025-12-4,6:00,12,0.0
2025-12-4,6:00,13,0.0
2025-12-4,6:00,14,0.0
2025-12-4,6:00,15,0.0
2025-12-4,6:00,16,0.0
2025-12-4,6:00,17,0.0
2025-12-4,6:00,18,0.0
2025-12-4,6:00,19,0.0
2025-12-4,6:00,20,0.0
2025-12-4,6:00,21,0.0
2025-12-4,6:00,22,0.0
2025-12-4,6:00,23,0.0
2025-12-4,6:00,24,0.0
2025-12-4,12:00,1,6131.3592
2025-12-4,12:00,2,4991.7997
2025-12-4,12:00,3,3410.9618
2025-12-4,12:00,4,1634.1566
2025-12-4,12:00,5,27.3614
2025-12-4,12:00,6,0.0
2025-12-4,12:00,7,0.0
2025-12-4,12:00,8,0.0
2025-12-4,12:00,9,0.0
2025-12-4,12:00,10,0.0
2025-12-4,12:00,11,0.0
2025-12-4,12:00,12,0.0
2025-12-4,12:00,13,0.0
2025-12-4,12:00,14,0.0
2025-12-4,12:00,15,0.0
2025-12-4,12:00,16,0.0
2025-12-4,12:00,17,0.0
2025-12-4,12:00,18,0.0
2025-12-4,12:00,19,21.465
2025-12-4,12:00,20,1767.6029
2025-12-4,12:00,21,3709.4029
2025-12-4,12:00,22,5763.5926
2025-12-4,12:00,23,7090.65
2025-12-4,12:00,24,7044.3
2025-12-4,18:00,1,0.0
2025-12-4,18:00,2,0.0
2025-12-4,18:00,3,0.0
2025-12-4,18:00,4,0.0
2025-12-4,18:00,5,0.0
2025-12-4,18:00,6,0.0
2025-12-4,18:00,7,0.0
2025-12-4,18:00,8,0.0
2025-12-4,18:00,9,0.0
2025-12-4,18:00,10,0.0
2025-12-4,18:00,11,0.0
2025-12-4,18:00,12,0.0
2025-12-4,18:00,13,18.3165
2025-12-4,18:00,14,1552.2724
2025-12-4,18:00,15,2962.3382
2025-12-4,18:00,16,3774.404
2025-12-4,18:00,17,4165.3159
2025-12-4,18:00,18,3434.394
2025-12-4,18:00,19,2604.2698
2025-12-4,18:00,20,2222.4425
2025-12-4,18:00,21,2050.1323
2025-12-4,18:00,22,1356.4719
2025-12-4,18:00,23,23.5795
2025-12-4,18:00,24,0.0
2025-12-5,0:00,1,0.0
2025-12-5,0:00,2,0.0
2025-12-5,0:00,3,0.0
2025-12-5,0:00,4,0.0
2025-12-5,0:00,5,0.0
2025-12-5,0:00,6,0.0
2025-12-5,0:00,7,18.4635
2025-12-5,0:00,8,1512.5298
2025-12-5,0:00,9,3273.8568
2025-12-5,0:00,10,4735.1185
2025-12-5,0:00,11,5268.7221
2025-12-5,0:00,12,6515.4692
2025-12-5,0:00,13,5821.5215
2025-12-5,0:00,14,4566.1162
2025-12-5,0:00,15,3494.4242
2025-12-5,0:00,16,1972.4386
2025-12-5,0:00,17,24.6622
2025-12-5,0:00,18,0.0
2025-12-5,0:00,19,0.0
2025-12-5,0:00,20,0.0
2025-12-5,0:00,21,0.0
2025-12-5,0:00,22,0.0
2025-12-5,0:00,23,0.0
2025-12-5,0:00,24,0.0
2025-12-5,6:00,1,19.4717
2025-12-5,6:00,2,1501.2779
2025-12-5,6:00,3,3315.4113
2025-12-5,6:00,4,4573.7273
2025-12-5,6:00,5,5493.6784
2025-12-5,6:00,6,6107.054
2025-12-5,6:00,7,5621.4811
2025-12-5,6:00,8,4072.6535
2025-12-5,6:00,9,3385.6095
2025-12-5,6:00,10,1803.086
2025-12-5,6:00,11,26.1681
2025-12-5,6:00,12,0.0
2025-12-5,6:00,13,0.0
2025-12-5,6:00,14,0.0
2025-12-5,6:00,15,0.0
2025-12-5,6:00,16,0.0
2025-12-5,6:00,17,0.0
2025-12-5,6:00,18,0.0
2025-12-5,6:00,19,0.0
2025-12-5,6:00,20,0.0
2025-12-5,6:00,21,0.0
2025-12-5,6:00,22,0.0
2025-12-5,6:00,23,0.0
2025-12-5,6:00,24,0.0
2025-12-5,12:00,1,6052.4221
2025-12-5,12:00,2,4346.694
2025-12-5,12:00,3,3221.1695
2025-12-5,12:00,4,1686.2243
2025-12-5,12:00,5,23.2064
2025-12-5,12:00,6,0.0
2025-12-5,12:00,7,0.0
2025-12-5,12:00,8,0.0
2025-12-5,12:00,9,0.0
2025-12-5,12:00,10,0.0
2025-12-5,12:00,11,0.0
2025-12-5,12:00,12,0.0
2025-12-5,12:00,13,0.0
2025-12-5,12:00,14,0.0
2025-12-5,12:00,15,0.0
2025-12-5,12:00,16,0.0
2025-12-5,12:00,17,0.0
2025-12-5,12:00,18,0.0
2025-12-5,12:00,19,19.1053
2025-12-5,12:00,20,1925.1149
2025-12-5,12:00,21,3795.9509
2025-12-5,12:00,22,5086.6726
2025-12-5,12:00,23,5937.3359
2025-12-5,12:00,24,6969.0353
2025-12-5,18:00,1,0.0
2025-12-5,18:00,2,0.0
2025-12-5,18:00,3,0.0
2025-12-5,18:00,4,0.0
2025-12-5,18:00,5,0.0
2025-12-5,18:00,6,0.0
2025-12-5,18:00,7,0.0
2025-12-5,18:00,8,0.0
2025-12-5,18:00,9,0.0
2025-12-5,18:00,10,0.0
2025-12-5,18:00,11,0.0
2025-12-5,18:00,12,0.0
2025-12-5,18:00,13,16.167
2025-12-5,18:00,14,1629.7957
2025-12-5,18:00,15,3171.6726
2025-12-5,18:00,16,4138.033
2025-12-5,18:00,17,4676.671
2025-12-5,18:00,18,5108.9995
2025-12-5,18:00,19,5120.3137
2025-12-5,18:00,20,5531.6598
2025-12-5,18:00,21,3697.0507
2025-12-5,18:00,22,1703.5183
2025-12-5,18:00,23,17.4369
2025-12-5,18:00,24,0.0
2025-12-6,0:00,1,0.0
2025-12-6,0:00,2,0.0
2025-12-6,0:00,3,0.0
2025-12-6,0:00,4,0.0
2025-12-6,0:00,5,0.0
2025-12-6,0:00,6,0.0
2025-12-6,0:00,7,14.6116
2025-12-6,0:00,8,1495.2236
2025-12-6,0:00,9,3072.5303
2025-12-6,0:00,10,4113.1716
2025-12-6,0:00,11,5362.4497
2025-12-6,0:00,12,5524.1876
2025-12-6,0:00,13,5525.8332
2025-12-6,0:00,14,4824.0022
2025-12-6,0:00,15,3178.2489
2025-12-6,0:00,16,1487.4197
2025-12-6,0:00,17,16.0213
2025-12-6,0:00,18,0.0
2025-12-6,0:00,19,0.0
2025-12-6,0:00,20,0.0
2025-12-6,0:00,21,0.0
2025-12-6,0:00,22,0.0
2025-12-6,0:00,23,0.0
2025-12-6,0:00,24,0.0
2025-12-6,6:00,1,16.7424
2025-12-6,6:00,2,1581.7087
2025-12-6,6:00,3,3131.1596
2025-12-6,6:00,4,4184.8286
2025-12-6,6:00,5,4981.988
2025-12-6,6:00,6,5398.5376
2025-12-6,6:00,7,6005.8016
2025-12-6,6:00,8,5299.5013
2025-12-6,6:00,9,3435.7914
2025-12-6,6:00,10,1679.3357
2025-12-6,6:00,11,16.3551
2025-12-6,6:00,12,0.0
2025-12-6,6:00,13,0.0
2025-12-6,6:00,14,0.0
2025-12-6,6:00,15,0.0
2025-12-6,6:00,16,0.0
2025-12-6,6:00,17,0.0
2025-12-6,6:00,18,0.0
2025-12-6,6:00,19,0.0
2025-12-6,6:00,20,0.0
2025-12-6,6:00,21,0.0
2025-12-6,6:00,22,0.0
2025-12-6,6:00,23,0.0
2025-12-6,6:00,24,0.0
2025-12-6,12:00,1,5762.5713
2025-12-6,12:00,2,4909.6413
2025-12-6,12:00,3,3354.5706
2025-12-6,12:00,4,1610.8878
2025-12-6,12:00,5,16.5935
2025-12-6,12:00,6,0.0
2025-12-6,12:00,7,0.0
2025-12-6,12:00,8,0.0
2025-12-6,12:00,9,0.0
2025-12-6,12:00,10,0.0
2025-12-6,12:00,11,0.0
2025-12-6,12:00,12,0.0
2025-12-6,12:00,13,0.0
2025-12-6,12:00,14,0.0
2025-12-6,12:00,15,0.0
2025-12-6,12:00,16,0.0
2025-12-6,12:00,17,0.0
2025-12-6,12:00,18,0.0
2025-12-6,12:00,19,10.0212
2025-12-6,12:00,20,1073.5181
2025-12-6,12:00,21,3147.3137
2025-12-6,12:00,22,4187.0141
2025-12-6,12:00,23,5476.1444
2025-12-6,12:00,24,6407.2146
2025-12-6,18:00,1,0.0
2025-12-6,18:00,2,0.0
2025-12-6,18:00,3,0.0
2025-12-6,18:00,4,0.0
2025-12-6,18:00,5,0.0
2025-12-6,18:00,6,0.0
2025-12-6,18:00,7,0.0
2025-12-6,18:00,8,0.0
2025-12-6,18:00,9,0.0
2025-12-6,18:00,10,0.0
2025-12-6,18:00,11,0.0
2025-12-6,18:00,12,0.0
2025-12-6,18:00,13,9.5307
2025-12-6,18:00,14,1298.7511
2025-12-6,18:00,15,2867.457
2025-12-6,18:00,16,3737.9908
2025-12-6,18:00,17,4972.897
2025-12-6,18:00,18,6194.6503
2025-12-6,18:00,19,5338.2567
2025-12-6,18:00,20,4810.2488
2025-12-6,18:00,21,3600.1422
2025-12-6,18:00,22,1461.3936
2025-12-6,18:00,23,10.9079
2025-12-6,18:00,24,0.0
2025-12-7,0:00,1,0.0
2025-12-7,0:00,2,0.0
2025-12-7,0:00,3,0.0
2025-12-7,0:00,4,0.0
2025-12-7,0:00,5,0.0
2025-12-7,0:00,6,0.0
2025-12-7,0:00,7,13.5841
2025-12-7,0:00,8,1744.5357
2025-12-7,0:00,9,3587.5949
2025-12-7,0:00,10,4378.8187
2025-12-7,0:00,11,4696.8187
2025-12-7,0:00,12,5608.0967
2025-12-7,0:00,13,4865.5788
2025-12-7,0:00,14,4160.8904
2025-12-7,0:00,15,2694.7487
2025-12-7,0:00,16,1427.4927
2025-12-7,0:00,17,10.7073
2025-12-7,0:00,18,0.0
2025-12-7,0:00,19,0.0
2025-12-7,0:00,20,0.0
2025-12-7,0:00,21,0.0
2025-12-7,0:00,22,0.0
2025-12-7,0:00,23,0.0
2025-12-7,0:00,24,0.0
2025-12-7,6:00,1,13.0624
2025-12-7,6:00,2,1699.386
2025-12-7,6:00,3,3738.6715
2025-12-7,6:00,4,4900.0808
2025-12-7,6:00,5,6117.3995
2025-12-7,6:00,6,6992.6221
2025-12-7,6:00,7,5755.7272
2025-12-7,6:00,8,4898.3221
2025-12-7,6:00,9,3377.2541
2025-12-7,6:00,10,1543.3892
2025-12-7,6:00,11,11.4025
2025-12-7,6:00,12,0.0
2025-12-7,6:00,13,0.0
2025-12-7,6:00,14,0.0
2025-12-7,6:00,15,0.0
2025-12-7,6:00,16,0.0
2025-12-7,6:00,17,0.0
2025-12-7,6:00,18,0.0
2025-12-7,6:00,19,0.0
2025-12-7,6:00,20,0.0
2025-12-7,6:00,21,0.0
2025-12-7,6:00,22,0.0
2025-12-7,6:00,23,0.0
2025-12-7,6:00,24,0.0
2025-12-7,12:00,1,5526.3733
2025-12-7,12:00,2,4625.952
2025-12-7,12:00,3,3118.3336
2025-12-7,12:00,4,1417.4405
2025-12-7,12:00,5,11.5696
2025-12-7,12:00,6,0.0
2025-12-7,12:00,7,0.0
2025-12-7,12:00,8,0.0
2025-12-7,12:00,9,0.0
2025-12-7,12:00,10,0.0
2025-12-7,12:00,11,0.0
2025-12-7,12:00,12,0.0
2025-12-7,12:00,13,0.0
2025-12-7,12:00,14,0.0
2025-12-7,12:00,15,0.0
2025-12-7,12:00,16,0.0
2025-12-7,12:00,17,0.0
2025-12-7,12:00,18,0.0
2025-12-7,12:00,19,6.126
2025-12-7,12:00,20,1249.669
2025-12-7,12:00,21,2763.4133
2025-12-7,12:00,22,4164.3353
2025-12-7,12:00,23,5613.732
2025-12-7,12:00,24,6216.3855
2025-12-7,18:00,1,0.0
2025-12-7,18:00,2,0.0
2025-12-7,18:00,3,0.0
2025-12-7,18:00,4,0.0
2025-12-7,18:00,5,0.0
2025-12-7,18:00,6,0.0
2025-12-7,18:00,7,0.0
2025-12-7,18:00,8,0.0
2025-12-7,18:00,9,0.0
2025-12-7,18:00,10,0.0
2025-12-7,18:00,11,0.0
2025-12-7,18:00,12,0.0
2025-12-7,18:00,13,7.6926
2025-12-7,18:00,14,1635.9517
2025-12-7,18:00,15,3540.4981
2025-12-7,18:00,16,5304.4963
2025-12-7,18:00,17,5964.0716
2025-12-7,18:00,18,7044.3
2025-12-7,18:00,19,6411.6931
2025-12-7,18:00,20,5596.5578
2025-12-7,18:00,21,3529.0425
2025-12-7,18:00,22,1682.0804
2025-12-7,18:00,23,7.4169
2025-12-7,18:00,24,0.0
2025-12-8,0:00,1,0.0
2025-12-8,0:00,2,0.0
2025-12-8,0:00,3,0.0
2025-12-8,0:00,4,0.0
2025-12-8,0:00,5,0.0
2025-12-8,0:00,6,0.0
2025-12-8,0:00,7,8.4388
2025-12-8,0:00,8,1715.8405
2025-12-8,0:00,9,3125.0424
2025-12-8,0:00,10,4108.9996
2025-12-8,0:00,11,4477.7077
2025-12-8,0:00,12,5350.0364
2025-12-8,0:00,13,5022.8299
2025-12-8,0:00,14,4664.7284
2025-12-8,0:00,15,3213.7859
2025-12-8,0:00,16,1860.5197
2025-12-8,0:00,17,8.2096
2025-12-8,0:00,18,0.0
2025-12-8,0:00,19,0.0
2025-12-8,0:00,20,0.0
2025-12-8,0:00,21,0.0
2025-12-8,0:00,22,0.0
2025-12-8,0:00,23,0.0
2025-12-8,0:00,24,0.0
2025-12-8,6:00,1,8.5686
2025-12-8,6:00,2,1712.2038
2025-12-8,6:00,3,3667.7568
2025-12-8,6:00,4,4507.2221
2025-12-8,6:00,5,4980.9102
2025-12-8,6:00,6,4958.1506
2025-12-8,6:00,7,4200.7326
2025-12-8,6:00,8,3849.3347
2025-12-8,6:00,9,3007.5312
2025-12-8,6:00,10,1662.6218
2025-12-8,6:00,11,9.7047
2025-12-8,6:00,12,0.0
2025-12-8,6:00,13,0.0
2025-12-8,6:00,14,0.0
2025-12-8,6:00,15,0.0
2025-12-8,6:00,16,0.0
2025-12-8,6:00,17,0.0
2025-12-8,6:00,18,0.0
2025-12-8,6:00,19,0.0
2025-12-8,6:00,20,0.0
2025-12-8,6:00,21,0.0
2025-12-8,6:00,22,0.0
2025-12-8,6:00,23,0.0
2025-12-8,6:00,24,0.0
2025-12-8,12:00,1,5209.9619
2025-12-8,12:00,2,4459.4235
2025-12-8,12:00,3,3174.3536
2025-12-8,12:00,4,1636.5969
2025-12-8,12:00,5,8.338
2025-12-8,12:00,6,0.0
2025-12-8,12:00,7,0.0
2025-12-8,12:00,8,0.0
2025-12-8,12:00,9,0.0
2025-12-8,12:00,10,0.0
2025-12-8,12:00,11,0.0
2025-12-8,12:00,12,0.0
2025-12-8,12:00,13,0.0
2025-12-8,12:00,14,0.0
2025-12-8,12:00,15,0.0
2025-12-8,12:00,16,0.0
2025-12-8,12:00,17,0.0
2025-12-8,12:00,18,0.0
2025-12-8,12:00,19,4.6427
2025-12-8,12:00,20,1379.3103
2025-12-8,12:00,21,2798.678
2025-12-8,12:00,22,3168.1773
2025-12-8,12:00,23,4260.1947
2025-12-8,12:00,24,2453.2644
2025-12-8,18:00,1,0.0
2025-12-8,18:00,2,0.0
2025-12-8,18:00,3,0.0
2025-12-8,18:00,4,0.0
2025-12-8,18:00,5,0.0
2025-12-8,18:00,6,0.0
2025-12-8,18:00,7,0.0
2025-12-8,18:00,8,0.0
2025-12-8,18:00,9,0.0
2025-12-8,18:00,10,0.0
2025-12-8,18:00,11,0.0
2025-12-8,18:00,12,0.0
2025-12-8,18:00,13,3.2254
2025-12-8,18:00,14,1227.088
2025-12-8,18:00,15,2995.5716
2025-12-8,18:00,16,4575.1146
2025-12-8,18:00,17,5247.7869
2025-12-8,18:00,18,5848.6114
2025-12-8,18:00,19,4717.7055
2025-12-8,18:00,20,2404.5901
2025-12-8,18:00,21,1585.6114
2025-12-8,18:00,22,1237.1471
2025-12-8,18:00,23,3.5432
2025-12-8,18:00,24,0.0
2025-12-9,0:00,1,0.0
2025-12-9,0:00,2,0.0
2025-12-9,0:00,3,0.0
2025-12-9,0:00,4,0.0
2025-12-9,0:00,5,0.0
2025-12-9,0:00,6,0.0
2025-12-9,0:00,7,4.4405
2025-12-9,0:00,8,1416.8327
2025-12-9,0:00,9,3148.3846
2025-12-9,0:00,10,4394.1374
2025-12-9,0:00,11,4879.7025
2025-12-9,0:00,12,5424.2788
2025-12-9,0:00,13,5518.4622
2025-12-9,0:00,14,4621.8756
2025-12-9,0:00,15,3210.1583
2025-12-9,0:00,16,1853.6423
2025-12-9,0:00,17,5.5207
2025-12-9,0:00,18,0.0
2025-12-9,0:00,19,0.0
2025-12-9,0:00,20,0.0
2025-12-9,0:00,21,0.0
2025-12-9,0:00,22,0.0
2025-12-9,0:00,23,0.0
2025-12-9,0:00,24,0.0
2025-12-9,6:00,1,4.4536
2025-12-9,6:00,2,1506.6362
2025-12-9,6:00,3,3316.0084
2025-12-9,6:00,4,4938.6567
2025-12-9,6:00,5,6002.7591
2025-12-9,6:00,6,6109.5808
2025-12-9,6:00,7,6105.0992
2025-12-9,6:00,8,4834.304
2025-12-9,6:00,9,2898.7675
2025-12-9,6:00,10,1464.8015
2025-12-9,6:00,11,4.3334
2025-12-9,6:00,12,0.0
2025-12-9,6:00,13,0.0
2025-12-9,6:00,14,0.0
2025-12-9,6:00,15,0.0
2025-12-9,6:00,16,0.0
2025-12-9,6:00,17,0.0
2025-12-9,6:00,18,0.0
2025-12-9,6:00,19,0.0
2025-12-9,6:00,20,0.0
2025-12-9,6:00,21,0.0
2025-12-9,6:00,22,0.0
2025-12-9,6:00,23,0.0
2025-12-9,6:00,24,0.0
2025-12-9,12:00,1,5943.1809
2025-12-9,12:00,2,4593.1087
2025-12-9,12:00,3,3054.0952
2025-12-9,12:00,4,1596.2495
2025-12-9,12:00,5,4.9589
2025-12-9,12:00,6,0.0
2025-12-9,12:00,7,0.0
2025-12-9,12:00,8,0.0
2025-12-9,12:00,9,0.0
2025-12-9,12:00,10,0.0
2025-12-9,12:00,11,0.0
2025-12-9,12:00,12,0.0
2025-12-9,12:00,13,0.0
2025-12-9,12:00,14,0.0
2025-12-9,12:00,15,0.0
2025-12-9,12:00,16,0.0
2025-12-9,12:00,17,0.0
2025-12-9,12:00,18,0.0
2025-12-9,12:00,19,1.558
2025-12-9,12:00,20,1499.5636
2025-12-9,12:00,21,3362.4537
2025-12-9,12:00,22,4796.4803
2025-12-9,12:00,23,5491.0974
2025-12-9,12:00,24,5720.6222
2025-12-9,18:00,1,0.0
2025-12-9,18:00,2,0.0
2025-12-9,18:00,3,0.0
2025-12-9,18:00,4,0.0
2025-12-9,18:00,5,0.0
2025-12-9,18:00,6,0.0
2025-12-9,18:00,7,0.0
2025-12-9,18:00,8,0.0
2025-12-9,18:00,9,0.0
2025-12-9,18:00,10,0.0
2025-12-9,18:00,11,0.0
2025-12-9,18:00,12,0.0
2025-12-9,18:00,13,2.1847
2025-12-9,18:00,14,1969.05
2025-12-9,18:00,15,3851.1845
2025-12-9,18:00,16,4594.5907
2025-12-9,18:00,17,5964.0431
2025-12-9,18:00,18,6529.512
2025-12-9,18:00,19,6256.8497
2025-12-9,18:00,20,5427.5021
2025-12-9,18:00,21,3995.0625
2025-12-9,18:00,22,1704.4811
2025-12-9,18:00,23,2.5731
2025-12-9,18:00,24,0.0
2025-12-10,0:00,1,0.0
2025-12-10,0:00,2,0.0
2025-12-10,0:00,3,0.0
2025-12-10,0:00,4,0.0
2025-12-10,0:00,5,0.0
2025-12-10,0:00,6,0.0
2025-12-10,0:00,7,1.9626
2025-12-10,0:00,8,1820.7299
2025-12-10,0:00,9,3997.7625
2025-12-10,0:00,10,5381.85
2025-12-10,0:00,11,6441.3
2025-12-10,0:00,12,6667.275
2025-12-10,0:00,13,5478.3137
2025-12-10,0:00,14,4463.7255
2025-12-10,0:00,15,2886.114
2025-12-10,0:00,16,1098.7086
2025-12-10,0:00,17,1.538
2025-12-10,0:00,18,0.0
2025-12-10,0:00,19,0.0
2025-12-10,0:00,20,0.0
2025-12-10,0:00,21,0.0
2025-12-10,0:00,22,0.0
2025-12-10,0:00,23,0.0
2025-12-10,0:00,24,0.0
2025-12-10,6:00,1,2.0285
2025-12-10,6:00,2,1824.1081
2025-12-10,6:00,3,3842.8709
2025-12-10,6:00,4,4785.4843
2025-12-10,6:00,5,5662.8313
2025-12-10,6:00,6,5798.8967
2025-12-10,6:00,7,4796.4726
2025-12-10,6:00,8,3812.1329
2025-12-10,6:00,9,2992.0883
2025-12-10,6:00,10,1323.2369
2025-12-10,6:00,11,2.046
2025-12-10,6:00,12,0.0
2025-12-10,6:00,13,0.0
2025-12-10,6:00,14,0.0
2025-12-10,6:00,15,0.0
2025-12-10,6:00,16,0.0
2025-12-10,6:00,17,0.0
2025-12-10,6:00,18,0.0
2025-12-10,6:00,19,0.0
2025-12-10,6:00,20,0.0
2025-12-10,6:00,21,0.0
2025-12-10,6:00,22,0.0
2025-12-10,6:00,23,0.0
2025-12-10,6:00,24,0.0
2025-12-10,12:00,1,5145.1261
2025-12-10,12:00,2,4580.4249
2025-12-10,12:00,3,3047.4782
2025-12-10,12:00,4,1227.0875
2025-12-10,12:00,5,1.7882
2025-12-10,12:00,6,0.0
2025-12-10,12:00,7,0.0
2025-12-10,12:00,8,0.0
2025-12-10,12:00,9,0.0
2025-12-10,12:00,10,0.0
2025-12-10,12:00,11,0.0
2025-12-10,12:00,12,0.0
2025-12-10,12:00,13,0.0
2025-12-10,12:00,14,0.0
2025-12-10,12:00,15,0.0
2025-12-10,12:00,16,0.0
2025-12-10,12:00,17,0.0
2025-12-10,12:00,18,0.0
2025-12-10,12:00,19,0.0
2025-12-10,12:00,20,1720.7443
2025-12-10,12:00,21,3275.1771
2025-12-10,12:00,22,4256.9563
2025-12-10,12:00,23,5380.566
2025-12-10,12:00,24,5569.5682
2025-12-10,18:00,1,0.0
2025-12-10,18:00,2,0.0
2025-12-10,18:00,3,0.0
2025-12-10,18:00,4,0.0
2025-12-10,18:00,5,0.0
2025-12-10,18:00,6,0.0
2025-12-10,18:00,7,0.0
2025-12-10,18:00,8,0.0
2025-12-10,18:00,9,0.0
2025-12-10,18:00,10,0.0
2025-12-10,18:00,11,0.0
2025-12-10,18:00,12,0.0
2025-12-10,18:00,13,0.0
2025-12-10,18:00,14,1480.6971
2025-12-10,18:00,15,2930.6939
2025-12-10,18:00,16,3697.8802
2025-12-10,18:00,17,5016.0252
2025-12-10,18:00,18,4722.5713
2025-12-10,18:00,19,5520.8785
2025-12-10,18:00,20,5207.1011
2025-12-10,18:00,21,3806.8125
2025-12-10,18:00,22,1771.3091
2025-12-10,18:00,23,0.0
2025-12-10,18:00,24,0.0
2025-12-11,0:00,1,0.0
2025-12-11,0:00,2,0.0
2025-12-11,0:00,3,0.0
2025-12-11,0:00,4,0.0
2025-12-11,0:00,5,0.0
2025-12-11,0:00,6,0.0
2025-12-11,0:00,7,0.0
2025-12-11,0:00,8,1643.6818
2025-12-11,0:00,9,3264.3585
2025-12-11,0:00,10,4681.953
2025-12-11,0:00,11,5697.3923
2025-12-11,0:00,12,5048.6217
2025-12-11,0:00,13,5260.6814
2025-12-11,0:00,14,4661.3447
2025-12-11,0:00,15,3117.8581
2025-12-11,0:00,16,1581.0651
2025-12-11,0:00,17,0.0
2025-12-11,0:00,18,0.0
2025-12-11,0:00,19,0.0
2025-12-11,0:00,20,0.0
2025-12-11,0:00,21,0.0
2025-12-11,0:00,22,0.0
2025-12-11,0:00,23,0.0
2025-12-11,0:00,24,0.0
2025-12-11,6:00,1,0.0
2025-12-11,6:00,2,1635.6297
2025-12-11,6:00,3,3301.2735
2025-12-11,6:00,4,4712.4112
2025-12-11,6:00,5,5724.4267
2025-12-11,6:00,6,5330.0616
2025-12-11,6:00,7,6097.6164
2025-12-11,6:00,8,5269.7544
2025-12-11,6:00,9,3665.1003
2025-12-11,6:00,10,1957.9405
2025-12-11,6:00,11,0.0
2025-12-11,6:00,12,0.0
2025-12-11,6:00,13,0.0
2025-12-11,6:00,14,0.0
2025-12-11,6:00,15,0.0
2025-12-11,6:00,16,0.0
2025-12-11,6:00,17,0.0
2025-12-11,6:00,18,0.0
2025-12-11,6:00,19,0.0
2025-12-11,6:00,20,0.0
2025-12-11,6:00,21,0.0
2025-12-11,6:00,22,0.0
2025-12-11,6:00,23,0.0
2025-12-11,6:00,24,0.0
2025-12-11,12:00,1,6137.0486
2025-12-11,12:00,2,5070.7405
2025-12-11,12:00,3,3525.3898
2025-12-11,12:00,4,1806.38
2025-12-11,12:00,5,0.0
2025-12-11,12:00,6,0.0
2025-12-11,12:00,7,0.0
2025-12-11,12:00,8,0.0
2025-12-11,12:00,9,0.0
2025-12-11,12:00,10,0.0
2025-12-11,12:00,11,0.0
2025-12-11,12:00,12,0.0
2025-12-11,12:00,13,0.0
2025-12-11,12:00,14,0.0
2025-12-11,12:00,15,0.0
2025-12-11,12:00,16,0.0
2025-12-11,12:00,17,0.0
2025-12-11,12:00,18,0.0
2025-12-11,12:00,19,0.0
2025-12-11,12:00,20,1237.4933
2025-12-11,12:00,21,3225.026
2025-12-11,12:00,22,5026.3725
2025-12-11,12:00,23,6441.3
2025-12-11,12:00,24,6667.275
2025-12-11,18:00,1,0.0
2025-12-11,18:00,2,0.0
2025-12-11,18:00,3,0.0
2025-12-11,18:00,4,0.0
2025-12-11,18:00,5,0.0
2025-12-11,18:00,6,0.0
2025-12-11,18:00,7,0.0
2025-12-11,18:00,8,0.0
2025-12-11,18:00,9,0.0
2025-12-11,18:00,10,0.0
2025-12-11,18:00,11,0.0
2025-12-11,18:00,12,0.0
2025-12-11,18:00,13,0.0
2025-12-11,18:00,14,1458.6836
2025-12-11,18:00,15,3439.129
2025-12-11,18:00,16,4559.7357
2025-12-11,18:00,17,5746.4818
2025-12-11,18:00,18,5334.3607
2025-12-11,18:00,19,3943.2786
2025-12-11,18:00,20,3269.8944
2025-12-11,18:00,21,1817.6957
2025-12-11,18:00,22,909.9721
2025-12-11,18:00,23,0.0
2025-12-11,18:00,24,0.0
2025-12-12,0:00,1,0.0
2025-12-12,0:00,2,0.0
2025-12-12,0:00,3,0.0
2025-12-12,0:00,4,0.0
2025-12-12,0:00,5,0.0
2025-12-12,0:00,6,0.0
2025-12-12,0:00,7,0.0
2025-12-12,0:00,8,1541.4132
2025-12-12,0:00,9,3499.593
2025-12-12,0:00,10,4167.8367
2025-12-12,0:00,11,5365.9496
2025-12-12,0:00,12,5343.0501
2025-12-12,0:00,13,4777.2145
2025-12-12,0:00,14,5193.4869
2025-12-12,0:00,15,3806.8125
2025-12-12,0:00,16,1918.047
2025-12-12,0:00,17,0.0
2025-12-12,0:00,18,0.0
2025-12-12,0:00,19,0.0
2025-12-12,0:00,20,0.0
2025-12-12,0:00,21,0.0
2025-12-12,0:00,22,0.0
2025-12-12,0:00,23,0.0
2025-12-12,0:00,24,0.0
2025-12-12,6:00,1,0.0
2025-12-12,6:00,2,1439.2967
2025-12-12,6:00,3,3246.1747
2025-12-12,6:00,4,4216.8244
2025-12-12,6:00,5,4907.3851
2025-12-12,6:00,6,4598.0256
2025-12-12,6:00,7,4522.8649
2025-12-12,6:00,8,4842.0317
2025-12-12,6:00,9,3521.0067
2025-12-12,6:00,10,1811.5423
2025-12-12,6:00,11,0.0
2025-12-12,6:00,12,0.0
2025-12-12,6:00,13,0.0
2025-12-12,6:00,14,0.0
2025-12-12,6:00,15,0.0
2025-12-12,6:00,16,0.0
2025-12-12,6:00,17,0.0
2025-12-12,6:00,18,0.0
2025-12-12,6:00,19,0.0
2025-12-12,6:00,20,0.0
2025-12-12,6:00,21,0.0
2025-12-12,6:00,22,0.0
2025-12-12,6:00,23,0.0
2025-12-12,6:00,24,0.0
2025-12-12,12:00,1,4777.7175
2025-12-12,12:00,2,4649.9997
2025-12-12,12:00,3,3257.9052
2025-12-12,12:00,4,1574.5047
2025-12-12,12:00,5,0.0
2025-12-12,12:00,6,0.0
2025-12-12,12:00,7,0.0
2025-12-12,12:00,8,0.0
2025-12-12,12:00,9,0.0
2025-12-12,12:00,10,0.0
2025-12-12,12:00,11,0.0
2025-12-12,12:00,12,0.0
2025-12-12,12:00,13,0.0
2025-12-12,12:00,14,0.0
2025-12-12,12:00,15,0.0
2025-12-12,12:00,16,0.0
2025-12-12,12:00,17,0.0
2025-12-12,12:00,18,0.0
2025-12-12,12:00,19,0.0
2025-12-12,12:00,20,1240.7183
2025-12-12,12:00,21,2615.7123
2025-12-12,12:00,22,3758.7239
2025-12-12,12:00,23,4285.1192
2025-12-12,12:00,24,5804.2918
2025-12-12,18:00,1,0.0
2025-12-12,18:00,2,0.0
2025-12-12,18:00,3,0.0
2025-12-12,18:00,4,0.0
2025-12-12,18:00,5,0.0
2025-12-12,18:00,6,0.0
2025-12-12,18:00,7,0.0
2025-12-12,18:00,8,0.0
2025-12-12,18:00,9,0.0
2025-12-12,18:00,10,0.0
2025-12-12,18:00,11,0.0
2025-12-12,18:00,12,0.0
2025-12-12,18:00,13,0.0
2025-12-12,18:00,14,1445.1487
2025-12-12,18:00,15,3450.2256
2025-12-12,18:00,16,4480.2308
2025-12-12,18:00,17,5740.1948
2025-12-12,18:00,18,6579.75
2025-12-12,18:00,19,6300.3057
2025-12-12,18:00,20,5458.725
2025-12-12,18:00,21,3806.8125
2025-12-12,18:00,22,2001.7875
2025-12-12,18:00,23,0.0
2025-12-12,18:00,24,0.0
2025-12-13,0:00,1,0.0
2025-12-13,0:00,2,0.0
2025-12-13,0:00,3,0.0
2025-12-13,0:00,4,0.0
2025-12-13,0:00,5,0.0
2025-12-13,0:00,6,0.0
2025-12-13,0:00,7,0.0
2025-12-13,0:00,8,1389.4105
2025-12-13,0:00,9,2903.1166
2025-12-13,0:00,10,4003.8707
2025-12-13,0:00,11,4938.6603
2025-12-13,0:00,12,5782.2351
2025-12-13,0:00,13,5197.8823
2025-12-13,0:00,14,4728.7992
2025-12-13,0:00,15,3806.8125
2025-12-13,0:00,16,1943.0505
2025-12-13,0:00,17,0.0
2025-12-13,0:00,18,0.0
2025-12-13,0:00,19,0.0
2025-12-13,0:00,20,0.0
2025-12-13,0:00,21,0.0
2025-12-13,0:00,22,0.0
2025-12-13,0:00,23,0.0
2025-12-13,0:00,24,0.0
2025-12-13,6:00,1,0.0
2025-12-13,6:00,2,1494.6481
2025-12-13,6:00,3,3376.4138
2025-12-13,6:00,4,4571.636
2025-12-13,6:00,5,5569.8175
2025-12-13,6:00,6,5907.7596
2025-12-13,6:00,7,4853.1959
2025-12-13,6:00,8,3555.4423
2025-12-13,6:00,9,2827.4335
2025-12-13,6:00,10,1464.3832
2025-12-13,6:00,11,0.0
2025-12-13,6:00,12,0.0
2025-12-13,6:00,13,0.0
2025-12-13,6:00,14,0.0
2025-12-13,6:00,15,0.0
2025-12-13,6:00,16,0.0
2025-12-13,6:00,17,0.0
2025-12-13,6:00,18,0.0
2025-12-13,6:00,19,0.0
2025-12-13,6:00,20,0.0
2025-12-13,6:00,21,0.0
2025-12-13,6:00,22,0.0
2025-12-13,6:00,23,0.0
2025-12-13,6:00,24,0.0
2025-12-13,12:00,1,4922.9144
2025-12-13,12:00,2,4134.9214
2025-12-13,12:00,3,3325.781
2025-12-13,12:00,4,1618.634
2025-12-13,12:00,5,0.0
2025-12-13,12:00,6,0.0
2025-12-13,12:00,7,0.0
2025-12-13,12:00,8,0.0
2025-12-13,12:00,9,0.0
2025-12-13,12:00,10,0.0
2025-12-13,12:00,11,0.0
2025-12-13,12:00,12,0.0
2025-12-13,12:00,13,0.0
2025-12-13,12:00,14,0.0
2025-12-13,12:00,15,0.0
2025-12-13,12:00,16,0.0
2025-12-13,12:00,17,0.0
2025-12-13,12:00,18,0.0
2025-12-13,12:00,19,0.0
2025-12-13,12:00,20,1723.1435
2025-12-13,12:00,21,3757.95
2025-12-13,12:00,22,5088.1875
2025-12-13,12:00,23,6441.3
2025-12-13,12:00,24,6579.75
2025-12-13,18:00,1,0.0
2025-12-13,18:00,2,0.0
2025-12-13,18:00,3,0.0
2025-12-13,18:00,4,0.0
2025-12-13,18:00,5,0.0
2025-12-13,18:00,6,0.0
2025-12-13,18:00,7,0.0
2025-12-13,18:00,8,0.0
2025-12-13,18:00,9,0.0
2025-12-13,18:00,10,0.0
2025-12-13,18:00,11,0.0
2025-12-13,18:00,12,0.0
2025-12-13,18:00,13,0.0
2025-12-13,18:00,14,1487.6954
2025-12-13,18:00,15,3397.3582
2025-12-13,18:00,16,4981.6772
2025-12-13,18:00,17,5543.5469
2025-12-13,18:00,18,6031.1197
2025-12-13,18:00,19,5524.4122
2025-12-13,18:00,20,3919.2903
2025-12-13,18:00,21,2218.0454
2025-12-13,18:00,22,818.0868
2025-12-13,18:00,23,0.0
2025-12-13,18:00,24,0.0
2025-12-14,0:00,1,0.0
2025-12-14,0:00,2,0.0
2025-12-14,0:00,3,0.0
2025-12-14,0:00,4,0.0
2025-12-14,0:00,5,0.0
2025-12-14,0:00,6,0.0
2025-12-14,0:00,7,0.0
2025-12-14,0:00,8,1689.634
2025-12-14,0:00,9,3757.95
2025-12-14,0:00,10,5088.1875
2025-12-14,0:00,11,6265.1427
2025-12-14,0:00,12,6372.5343
2025-12-14,0:00,13,6210.075
2025-12-14,0:00,14,5076.604
2025-12-14,0:00,15,3446.4877
2025-12-14,0:00,16,1493.1732
2025-12-14,0:00,17,0.0
2025-12-14,0:00,18,0.0
2025-12-14,0:00,19,0.0
2025-12-14,0:00,20,0.0
2025-12-14,0:00,21,0.0
2025-12-14,0:00,22,0.0
2025-12-14,0:00,23,0.0
2025-12-14,0:00,24,0.0
2025-12-14,6:00,1,0.0
2025-12-14,6:00,2,1646.0556
2025-12-14,6:00,3,3599.4273
2025-12-14,6:00,4,4860.8446
2025-12-14,6:00,5,5152.3237
2025-12-14,6:00,6,5710.4053
2025-12-14,6:00,7,5312.871
2025-12-14,6:00,8,4449.3718
2025-12-14,6:00,9,3270.6379
2025-12-14,6:00,10,1554.109
2025-12-14,6:00,11,0.0
2025-12-14,6:00,12,0.0
2025-12-14,6:00,13,0.0
2025-12-14,6:00,14,0.0
2025-12-14,6:00,15,0.0
2025-12-14,6:00,16,0.0
2025-12-14,6:00,17,0.0
2025-12-14,6:00,18,0.0
2025-12-14,6:00,19,0.0
2025-12-14,6:00,20,0.0
2025-12-14,6:00,21,0.0
2025-12-14,6:00,22,0.0
2025-12-14,6:00,23,0.0
2025-12-14,6:00,24,0.0
2025-12-14,12:00,1,5296.3951
2025-12-14,12:00,2,4515.5673
2025-12-14,12:00,3,3104.8559
2025-12-14,12:00,4,1345.7052
2025-12-14,12:00,5,0.0
2025-12-14,12:00,6,0.0
2025-12-14,12:00,7,0.0
2025-12-14,12:00,8,0.0
2025-12-14,12:00,9,0.0
2025-12-14,12:00,10,0.0
2025-12-14,12:00,11,0.0
2025-12-14,12:00,12,0.0
2025-12-14,12:00,13,0.0
2025-12-14,12:00,14,0.0
2025-12-14,12:00,15,0.0
2025-12-14,12:00,16,0.0
2025-12-14,12:00,17,0.0
2025-12-14,12:00,18,0.0
2025-12-14,12:00,19,0.0
2025-12-14,12:00,20,1320.2446
2025-12-14,12:00,21,2968.9816
2025-12-14,12:00,22,3971.9634
2025-12-14,12:00,23,4752.5253
2025-12-14,12:00,24,3865.0782
2025-12-14,18:00,1,0.0
2025-12-14,18:00,2,0.0
2025-12-14,18:00,3,0.0
2025-12-14,18:00,4,0.0
2025-12-14,18:00,5,0.0
2025-12-14,18:00,6,0.0
2025-12-14,18:00,7,0.0
2025-12-14,18:00,8,0.0
2025-12-14,18:00,9,0.0
2025-12-14,18:00,10,0.0
2025-12-14,18:00,11,0.0
2025-12-14,18:00,12,0.0
2025-12-14,18:00,13,0.0
2025-12-14,18:00,14,1457.272
2025-12-14,18:00,15,3313.6726
2025-12-14,18:00,16,4600.2409
2025-12-14,18:00,17,5178.6194
2025-12-14,18:00,18,5503.5248
2025-12-14,18:00,19,6210.075
2025-12-14,18:00,20,5104.35
2025-12-14,18:00,21,3453.2316
2025-12-14,18:00,22,1752.0375
2025-12-14,18:00,23,0.0
2025-12-14,18:00,24,0.0
2025-12-15,0:00,1,0.0
2025-12-15,0:00,2,0.0
2025-12-15,0:00,3,0.0
2025-12-15,0:00,4,0.0
2025-12-15,0:00,5,0.0
2025-12-15,0:00,6,0.0
2025-12-15,0:00,7,0.0
2025-12-15,0:00,8,1586.3966
2025-12-15,0:00,9,3700.9025
2025-12-15,0:00,10,5041.4824
2025-12-15,0:00,11,6441.3
2025-12-15,0:00,12,6220.6824
2025-12-15,0:00,13,6210.075
2025-12-15,0:00,14,5104.35
2025-12-15,0:00,15,3545.3628
2025-12-15,0:00,16,1615.1054
2025-12-15,0:00,17,0.0
2025-12-15,0:00,18,0.0
2025-12-15,0:00,19,0.0
2025-12-15,0:00,20,0.0
2025-12-15,0:00,21,0.0
2025-12-15,0:00,22,0.0
2025-12-15,0:00,23,0.0
2025-12-15,0:00,24,0.0
2025-12-15,6:00,1,0.0
2025-12-15,6:00,2,1531.9462
2025-12-15,6:00,3,3299.9949
2025-12-15,6:00,4,4310.7625
2025-12-15,6:00,5,5251.7101
2025-12-15,6:00,6,4888.6222
2025-12-15,6:00,7,5329.2979
2025-12-15,6:00,8,4647.8129
2025-12-15,6:00,9,3140.9262
2025-12-15,6:00,10,1612.6436
2025-12-15,6:00,11,0.0
2025-12-15,6:00,12,0.0
2025-12-15,6:00,13,0.0
2025-12-15,6:00,14,0.0
2025-12-15,6:00,15,0.0
2025-12-15,6:00,16,0.0
2025-12-15,6:00,17,0.0
2025-12-15,6:00,18,0.0
2025-12-15,6:00,19,0.0
2025-12-15,6:00,20,0.0
2025-12-15,6:00,21,0.0
2025-12-15,6:00,22,0.0
2025-12-15,6:00,23,0.0
2025-12-15,6:00,24,0.0
2025-12-15,12:00,1,5566.0339
2025-12-15,12:00,2,4846.235
2025-12-15,12:00,3,3080.6962
2025-12-15,12:00,4,1536.1417
2025-12-15,12:00,5,0.0
2025-12-15,12:00,6,0.0
2025-12-15,12:00,7,0.0
2025-12-15,12:00,8,0.0
2025-12-15,12:00,9,0.0
2025-12-15,12:00,10,0.0
2025-12-15,12:00,11,0.0
2025-12-15,12:00,12,0.0
2025-12-15,12:00,13,0.0
2025-12-15,12:00,14,0.0
2025-12-15,12:00,15,0.0
2025-12-15,12:00,16,0.0
2025-12-15,12:00,17,0.0
2025-12-15,12:00,18,0.0
2025-12-15,12:00,19,0.0
2025-12-15,12:00,20,1351.4649
2025-12-15,12:00,21,3293.7935
2025-12-15,12:00,22,4374.4436
2025-12-15,12:00,23,5267.6073
2025-12-15,12:00,24,4830.2189
2025-12-15,18:00,1,0.0
2025-12-15,18:00,2,0.0
2025-12-15,18:00,3,0.0
2025-12-15,18:00,4,0.0
2025-12-15,18:00,5,0.0
2025-12-15,18:00,6,0.0
2025-12-15,18:00,7,0.0
2025-12-15,18:00,8,0.0
2025-12-15,18:00,9,0.0
2025-12-15,18:00,10,0.0
2025-12-15,18:00,11,0.0
2025-12-15,18:00,12,0.0
2025-12-15,18:00,13,0.0
2025-12-15,18:00,14,1708.6577
2025-12-15,18:00,15,3733.9389
2025-12-15,18:00,16,4811.7039
2025-12-15,18:00,17,5601.9632
2025-12-15,18:00,18,5304.2128
2025-12-15,18:00,19,4294.1179
2025-12-15,18:00,20,3848.7832
2025-12-15,18:00,21,3748.875
2025-12-15,18:00,22,1752.0375
2025-12-15,18:00,23,0.0
2025-12-15,18:00,24,0.0
2025-12-16,0:00,1,0.0
2025-12-16,0:00,2,0.0
2025-12-16,0:00,3,0.0
2025-12-16,0:00,4,0.0
2025-12-16,0:00,5,0.0
2025-12-16,0:00,6,0.0
2025-12-16,0:00,7,0.0
2025-12-16,0:00,8,1427.4422
2025-12-16,0:00,9,3027.8677
2025-12-16,0:00,10,4330.6662
2025-12-16,0:00,11,5447.1511
2025-12-16,0:00,12,5994.8275
2025-12-16,0:00,13,5499.8541
2025-12-16,0:00,14,4424.247
2025-12-16,0:00,15,2953.5683
2025-12-16,0:00,16,1453.8407
2025-12-16,0:00,17,0.0
2025-12-16,0:00,18,0.0
2025-12-16,0:00,19,0.0
2025-12-16,0:00,20,0.0
2025-12-16,0:00,21,0.0
2025-12-16,0:00,22,0.0
2025-12-16,0:00,23,0.0
2025-12-16,0:00,24,0.0
2025-12-16,6:00,1,0.0
2025-12-16,6:00,2,1507.4304
2025-12-16,6:00,3,3067.9138
2025-12-16,6:00,4,4260.9373
2025-12-16,6:00,5,5270.2196
2025-12-16,6:00,6,5701.5669
2025-12-16,6:00,7,5536.0007
2025-12-16,6:00,8,4938.0866
2025-12-16,6:00,9,3455.2152
2025-12-16,6:00,10,1602.6385
2025-12-16,6:00,11,0.0
2025-12-16,6:00,12,0.0
2025-12-16,6:00,13,0.0
2025-12-16,6:00,14,0.0
2025-12-16,6:00,15,0.0
2025-12-16,6:00,16,0.0
2025-12-16,6:00,17,0.0
2025-12-16,6:00,18,0.0
2025-12-16,6:00,19,0.0
2025-12-16,6:00,20,0.0
2025-12-16,6:00,21,0.0
2025-12-16,6:00,22,0.0
2025-12-16,6:00,23,0.0
2025-12-16,6:00,24,0.0
2025-12-16,12:00,1,5328.2682
2025-12-16,12:00,2,4821.5487
2025-12-16,12:00,3,3593.2729
2025-12-16,12:00,4,1624.7882
2025-12-16,12:00,5,0.0
2025-12-16,12:00,6,0.0
2025-12-16,12:00,7,0.0
2025-12-16,12:00,8,0.0
2025-12-16,12:00,9,0.0
2025-12-16,12:00,10,0.0
2025-12-16,12:00,11,0.0
2025-12-16,12:00,12,0.0
2025-12-16,12:00,13,0.0
2025-12-16,12:00,14,0.0
2025-12-16,12:00,15,0.0
2025-12-16,12:00,16,0.0
2025-12-16,12:00,17,0.0
2025-12-16,12:00,18,0.0
2025-12-16,12:00,19,0.0
2025-12-16,12:00,20,978.1935
2025-12-16,12:00,21,2453.8198
2025-12-16,12:00,22,3794.9637
2025-12-16,12:00,23,4758.2601
2025-12-16,12:00,24,3919.347
2025-12-16,18:00,1,0.0
2025-12-16,18:00,2,0.0
2025-12-16,18:00,3,0.0
2025-12-16,18:00,4,0.0
2025-12-16,18:00,5,0.0
2025-12-16,18:00,6,0.0
2025-12-16,18:00,7,0.0
2025-12-16,18:00,8,0.0
2025-12-16,18:00,9,0.0
2025-12-16,18:00,10,0.0
2025-12-16,18:00,11,0.0
2025-12-16,18:00,12,0.0
2025-12-16,18:00,13,0.0
2025-12-16,18:00,14,1238.1753
2025-12-16,18:00,15,2845.7351
2025-12-16,18:00,16,4198.1459
2025-12-16,18:00,17,5496.4646
2025-12-16,18:00,18,5544.2593
2025-12-16,18:00,19,4276.7883
2025-12-16,18:00,20,4234.7844
2025-12-16,18:00,21,3272.3832
2025-12-16,18:00,22,1289.4736
2025-12-16,18:00,23,0.0
2025-12-16,18:00,24,0.0
2025-12-17,0:00,1,0.0
2025-12-17,0:00,2,0.0
2025-12-17,0:00,3,0.0
2025-12-17,0:00,4,0.0
2025-12-17,0:00,5,0.0
2025-12-17,0:00,6,0.0
2025-12-17,0:00,7,0.0
2025-12-17,0:00,8,1462.5697
2025-12-17,0:00,9,3091.7135
2025-12-17,0:00,10,4283.5076
2025-12-17,0:00,11,4371.2004
2025-12-17,0:00,12,5445.6372
2025-12-17,0:00,13,5141.611
2025-12-17,0:00,14,5000.3752
2025-12-17,0:00,15,3401.6132
2025-12-17,0:00,16,1557.3679
2025-12-17,0:00,17,0.0
2025-12-17,0:00,18,0.0
2025-12-17,0:00,19,0.0
2025-12-17,0:00,20,0.0
2025-12-17,0:00,21,0.0
2025-12-17,0:00,22,0.0
2025-12-17,0:00,23,0.0
2025-12-17,0:00,24,0.0
2025-12-17,6:00,1,0.0
2025-12-17,6:00,2,1576.1045
2025-12-17,6:00,3,3479.9515
2025-12-17,6:00,4,4748.8077
2025-12-17,6:00,5,5654.786
2025-12-17,6:00,6,5838.1452
2025-12-17,6:00,7,5285.901
2025-12-17,6:00,8,5104.35
2025-12-17,6:00,9,3748.875
2025-12-17,6:00,10,1620.4389
2025-12-17,6:00,11,0.0
2025-12-17,6:00,12,0.0
2025-12-17,6:00,13,0.0
2025-12-17,6:00,14,0.0
2025-12-17,6:00,15,0.0
2025-12-17,6:00,16,0.0
2025-12-17,6:00,17,0.0
2025-12-17,6:00,18,0.0
2025-12-17,6:00,19,0.0
2025-12-17,6:00,20,0.0
2025-12-17,6:00,21,0.0
2025-12-17,6:00,22,0.0
2025-12-17,6:00,23,0.0
2025-12-17,6:00,24,0.0
2025-12-17,12:00,1,5416.8491
2025-12-17,12:00,2,5104.35
2025-12-17,12:00,3,3405.0269
2025-12-17,12:00,4,1495.6999
2025-12-17,12:00,5,0.0
2025-12-17,12:00,6,0.0
2025-12-17,12:00,7,0.0
2025-12-17,12:00,8,0.0
2025-12-17,12:00,9,0.0
2025-12-17,12:00,10,0.0
2025-12-17,12:00,11,0.0
2025-12-17,12:00,12,0.0
2025-12-17,12:00,13,0.0
2025-12-17,12:00,14,0.0
2025-12-17,12:00,15,0.0
2025-12-17,12:00,16,0.0
2025-12-17,12:00,17,0.0
2025-12-17,12:00,18,0.0
2025-12-17,12:00,19,0.0
2025-12-17,12:00,20,1767.3905
2025-12-17,12:00,21,3619.0143
2025-12-17,12:00,22,5088.1875
2025-12-17,12:00,23,6416.325
2025-12-17,12:00,24,6579.75
2025-12-17,18:00,1,0.0
2025-12-17,18:00,2,0.0
2025-12-17,18:00,3,0.0
2025-12-17,18:00,4,0.0
2025-12-17,18:00,5,0.0
2025-12-17,18:00,6,0.0
2025-12-17,18:00,7,0.0
2025-12-17,18:00,8,0.0
2025-12-17,18:00,9,0.0
2025-12-17,18:00,10,0.0
2025-12-17,18:00,11,0.0
2025-12-17,18:00,12,0.0
2025-12-17,18:00,13,0.0
2025-12-17,18:00,14,1785.3
2025-12-17,18:00,15,3631.4969
2025-12-17,18:00,16,4754.4023
2025-12-17,18:00,17,6191.1842
2025-12-17,18:00,18,6579.75
2025-12-17,18:00,19,6012.2577
2025-12-17,18:00,20,4567.6495
2025-12-17,18:00,21,2446.963
2025-12-17,18:00,22,912.0549
2025-12-17,18:00,23,0.0
2025-12-17,18:00,24,0.0
2025-12-18,0:00,1,0.0
2025-12-18,0:00,2,0.0
2025-12-18,0:00,3,0.0
2025-12-18,0:00,4,0.0
2025-12-18,0:00,5,0.0
2025-12-18,0:00,6,0.0
2025-12-18,0:00,7,0.0
2025-12-18,0:00,8,1585.8442
2025-12-18,0:00,9,3170.3855
2025-12-18,0:00,10,4192.1299
2025-12-18,0:00,11,5843.6906
2025-12-18,0:00,12,6579.75
2025-12-18,0:00,13,6210.075
2025-12-18,0:00,14,5104.35
2025-12-18,0:00,15,3748.875
2025-12-18,0:00,16,1704.1125
2025-12-18,0:00,17,0.0
2025-12-18,0:00,18,0.0
2025-12-18,0:00,19,0.0
2025-12-18,0:00,20,0.0
2025-12-18,0:00,21,0.0
2025-12-18,0:00,22,0.0
2025-12-18,0:00,23,0.0
2025-12-18,0:00,24,0.0
2025-12-18,6:00,1,0.0
2025-12-18,6:00,2,1551.6883
2025-12-18,6:00,3,3082.0215
2025-12-18,6:00,4,4184.296
2025-12-18,6:00,5,5690.3363
2025-12-18,6:00,6,6207.554
2025-12-18,6:00,7,6062.0362
2025-12-18,6:00,8,4415.9835
2025-12-18,6:00,9,3148.9209
2025-12-18,6:00,10,1361.3916
2025-12-18,6:00,11,0.0
2025-12-18,6:00,12,0.0
2025-12-18,6:00,13,0.0
2025-12-18,6:00,14,0.0
2025-12-18,6:00,15,0.0
2025-12-18,6:00,16,0.0
2025-12-18,6:00,17,0.0
2025-12-18,6:00,18,0.0
2025-12-18,6:00,19,0.0
2025-12-18,6:00,20,0.0
2025-12-18,6:00,21,0.0
2025-12-18,6:00,22,0.0
2025-12-18,6:00,23,0.0
2025-12-18,6:00,24,0.0
2025-12-18,12:00,1,6032.2491
2025-12-18,12:00,2,4758.0686
2025-12-18,12:00,3,3402.2461
2025-12-18,12:00,4,1547.5654
2025-12-18,12:00,5,0.0
2025-12-18,12:00,6,0.0
2025-12-18,12:00,7,0.0
2025-12-18,12:00,8,0.0
2025-12-18,12:00,9,0.0
2025-12-18,12:00,10,0.0
2025-12-18,12:00,11,0.0
2025-12-18,12:00,12,0.0
2025-12-18,12:00,13,0.0
2025-12-18,12:00,14,0.0
2025-12-18,12:00,15,0.0
2025-12-18,12:00,16,0.0
2025-12-18,12:00,17,0.0
2025-12-18,12:00,18,0.0
2025-12-18,12:00,19,0.0
2025-12-18,12:00,20,1709.1847
2025-12-18,12:00,21,3097.5546
2025-12-18,12:00,22,4409.6028
2025-12-18,12:00,23,4818.8998
2025-12-18,12:00,24,2238.1516
2025-12-18,18:00,1,0.0
2025-12-18,18:00,2,0.0
2025-12-18,18:00,3,0.0
2025-12-18,18:00,4,0.0
2025-12-18,18:00,5,0.0
2025-12-18,18:00,6,0.0
2025-12-18,18:00,7,0.0
2025-12-18,18:00,8,0.0
2025-12-18,18:00,9,0.0
2025-12-18,18:00,10,0.0
2025-12-18,18:00,11,0.0
2025-12-18,18:00,12,0.0
2025-12-18,18:00,13,0.0
2025-12-18,18:00,14,1247.0449
2025-12-18,18:00,15,2730.6635
2025-12-18,18:00,16,4491.5668
2025-12-18,18:00,17,5563.6061
2025-12-18,18:00,18,5926.0501
2025-12-18,18:00,19,5990.1758
2025-12-18,18:00,20,5020.2823
2025-12-18,18:00,21,3748.875
2025-12-18,18:00,22,1704.1125
2025-12-18,18:00,23,0.0
2025-12-18,18:00,24,0.0
2025-12-19,0:00,1,0.0
2025-12-19,0:00,2,0.0
2025-12-19,0:00,3,0.0
2025-12-19,0:00,4,0.0
2025-12-19,0:00,5,0.0
2025-12-19,0:00,6,0.0
2025-12-19,0:00,7,0.0
2025-12-19,0:00,8,1379.3041
2025-12-19,0:00,9,3185.2314
2025-12-19,0:00,10,5036.0625
2025-12-19,0:00,11,6124.728
2025-12-19,0:00,12,6579.75
2025-12-19,0:00,13,6210.075
2025-12-19,0:00,14,4944.7934
2025-12-19,0:00,15,3027.9699
2025-12-19,0:00,16,1548.1721
2025-12-19,0:00,17,0.0
2025-12-19,0:00,18,0.0
2025-12-19,0:00,19,0.0
2025-12-19,0:00,20,0.0
2025-12-19,0:00,21,0.0
2025-12-19,0:00,22,0.0
2025-12-19,0:00,23,0.0
2025-12-19,0:00,24,0.0
2025-12-19,6:00,1,0.0
2025-12-19,6:00,2,1457.2997
2025-12-19,6:00,3,3067.9058
2025-12-19,6:00,4,4969.0983
2025-12-19,6:00,5,5659.1209
2025-12-19,6:00,6,5385.1903
2025-12-19,6:00,7,5330.4902
2025-12-19,6:00,8,4220.0143
2025-12-19,6:00,9,2858.4712
2025-12-19,6:00,10,1515.9984
2025-12-19,6:00,11,0.0
2025-12-19,6:00,12,0.0
2025-12-19,6:00,13,0.0
2025-12-19,6:00,14,0.0
2025-12-19,6:00,15,0.0
2025-12-19,6:00,16,0.0
2025-12-19,6:00,17,0.0
2025-12-19,6:00,18,0.0
2025-12-19,6:00,19,0.0
2025-12-19,6:00,20,0.0
2025-12-19,6:00,21,0.0
2025-12-19,6:00,22,0.0
2025-12-19,6:00,23,0.0
2025-12-19,6:00,24,0.0
2025-12-19,12:00,1,5667.521
2025-12-19,12:00,2,4363.3901
2025-12-19,12:00,3,3162.0885
2025-12-19,12:00,4,1704.1125
2025-12-19,12:00,5,0.0
2025-12-19,12:00,6,0.0
2025-12-19,12:00,7,0.0
2025-12-19,12:00,8,0.0
2025-12-19,12:00,9,0.0
2025-12-19,12:00,10,0.0
2025-12-19,12:00,11,0.0
2025-12-19,12:00,12,0.0
2025-12-19,12:00,13,0.0
2025-12-19,12:00,14,0.0
2025-12-19,12:00,15,0.0
2025-12-19,12:00,16,0.0
2025-12-19,12:00,17,0.0
2025-12-19,12:00,18,0.0
2025-12-19,12:00,19,0.0
2025-12-19,12:00,20,1638.5813
2025-12-19,12:00,21,3208.1626
2025-12-19,12:00,22,4301.7412
2025-12-19,12:00,23,4203.7666
2025-12-19,12:00,24,2358.5793
2025-12-19,18:00,1,0.0
2025-12-19,18:00,2,0.0
2025-12-19,18:00,3,0.0
2025-12-19,18:00,4,0.0
2025-12-19,18:00,5,0.0
2025-12-19,18:00,6,0.0
2025-12-19,18:00,7,0.0
2025-12-19,18:00,8,0.0
2025-12-19,18:00,9,0.0
2025-12-19,18:00,10,0.0
2025-12-19,18:00,11,0.0
2025-12-19,18:00,12,0.0
2025-12-19,18:00,13,0.0
2025-12-19,18:00,14,1657.5951
2025-12-19,18:00,15,3334.0759
2025-12-19,18:00,16,4984.8461
2025-12-19,18:00,17,5478.4246
2025-12-19,18:00,18,5014.5321
2025-12-19,18:00,19,4756.9237
2025-12-19,18:00,20,4050.3719
2025-12-19,18:00,21,2571.7679
2025-12-19,18:00,22,1233.0132
2025-12-19,18:00,23,0.0
2025-12-19,18:00,24,0.0
2025-12-20,0:00,1,0.0
2025-12-20,0:00,2,0.0
2025-12-20,0:00,3,0.0
2025-12-20,0:00,4,0.0
2025-12-20,0:00,5,0.0
2025-12-20,0:00,6,0.0
2025-12-20,0:00,7,0.0
2025-12-20,0:00,8,1355.4716
2025-12-20,0:00,9,3004.2466
2025-12-20,0:00,10,4457.8148
2025-12-20,0:00,11,6024.6825
2025-12-20,0:00,12,6102.1073
2025-12-20,0:00,13,5849.586
2025-12-20,0:00,14,4060.1513
2025-12-20,0:00,15,3111.9418
2025-12-20,0:00,16,1389.4631
2025-12-20,0:00,17,0.0
2025-12-20,0:00,18,0.0
2025-12-20,0:00,19,0.0
2025-12-20,0:00,20,0.0
2025-12-20,0:00,21,0.0
2025-12-20,0:00,22,0.0
2025-12-20,0:00,23,0.0
2025-12-20,0:00,24,0.0
2025-12-20,6:00,1,0.0
2025-12-20,6:00,2,1414.4111
2025-12-20,6:00,3,3062.4434
2025-12-20,6:00,4,4719.1191
2025-12-20,6:00,5,5799.5603
2025-12-20,6:00,6,6057.8007
2025-12-20,6:00,7,5646.5253
2025-12-20,6:00,8,4453.0211
2025-12-20,6:00,9,3483.8994
2025-12-20,6:00,10,1704.1125
2025-12-20,6:00,11,0.0
2025-12-20,6:00,12,0.0
2025-12-20,6:00,13,0.0
2025-12-20,6:00,14,0.0
2025-12-20,6:00,15,0.0
2025-12-20,6:00,16,0.0
2025-12-20,6:00,17,0.0
2025-12-20,6:00,18,0.0
2025-12-20,6:00,19,0.0
2025-12-20,6:00,20,0.0
2025-12-20,6:00,21,0.0
2025-12-20,6:00,22,0.0
2025-12-20,6:00,23,0.0
2025-12-20,6:00,24,0.0
2025-12-20,12:00,1,5618.1515
2025-12-20,12:00,2,4613.6902
2025-12-20,12:00,3,3264.8262
2025-12-20,12:00,4,1673.3684
2025-12-20,12:00,5,0.0
2025-12-20,12:00,6,0.0
2025-12-20,12:00,7,0.0
2025-12-20,12:00,8,0.0
2025-12-20,12:00,9,0.0
2025-12-20,12:00,10,0.0
2025-12-20,12:00,11,0.0
2025-12-20,12:00,12,0.0
2025-12-20,12:00,13,0.0
2025-12-20,12:00,14,0.0
2025-12-20,12:00,15,0.0
2025-12-20,12:00,16,0.0
2025-12-20,12:00,17,0.0
2025-12-20,12:00,18,0.0
2025-12-20,12:00,19,0.0
2025-12-20,12:00,20,1167.4802
2025-12-20,12:00,21,3089.5131
2025-12-20,12:00,22,4440.2215
2025-12-20,12:00,23,5065.0668
2025-12-20,12:00,24,6579.75
2025-12-20,18:00,1,0.0
2025-12-20,18:00,2,0.0
2025-12-20,18:00,3,0.0
2025-12-20,18:00,4,0.0
2025-12-20,18:00,5,0.0
2025-12-20,18:00,6,0.0
2025-12-20,18:00,7,0.0
2025-12-20,18:00,8,0.0
2025-12-20,18:00,9,0.0
2025-12-20,18:00,10,0.0
2025-12-20,18:00,11,0.0
2025-12-20,18:00,12,0.0
2025-12-20,18:00,13,0.0
2025-12-20,18:00,14,1570.4292
2025-12-20,18:00,15,2821.9168
2025-12-20,18:00,16,3992.9028
2025-12-20,18:00,17,4411.3424
2025-12-20,18:00,18,5709.6735
2025-12-20,18:00,19,6160.6125
2025-12-20,18:00,20,5091.225
2025-12-20,18:00,21,3531.3944
2025-12-20,18:00,22,1556.8924
2025-12-20,18:00,23,0.0
2025-12-20,18:00,24,0.0
2025-12-21,0:00,1,0.0
2025-12-21,0:00,2,0.0
2025-12-21,0:00,3,0.0
2025-12-21,0:00,4,0.0
2025-12-21,0:00,5,0.0
2025-12-21,0:00,6,0.0
2025-12-21,0:00,7,0.0
2025-12-21,0:00,8,1573.9924
2025-12-21,0:00,9,3221.5551
2025-12-21,0:00,10,4556.1347
2025-12-21,0:00,11,5068.3073
2025-12-21,0:00,12,5603.673
2025-12-21,0:00,13,5729.3413
2025-12-21,0:00,14,4913.7194
2025-12-21,0:00,15,3343.7907
2025-12-21,0:00,16,1451.0536
2025-12-21,0:00,17,0.0
2025-12-21,0:00,18,0.0
2025-12-21,0:00,19,0.0
2025-12-21,0:00,20,0.0
2025-12-21,0:00,21,0.0
2025-12-21,0:00,22,0.0
2025-12-21,0:00,23,0.0
2025-12-21,0:00,24,0.0
2025-12-21,6:00,1,0.0
2025-12-21,6:00,2,1568.0963
2025-12-21,6:00,3,3389.1758
2025-12-21,6:00,4,4981.0731
2025-12-21,6:00,5,5174.3963
2025-12-21,6:00,6,6417.0221
2025-12-21,6:00,7,5698.2032
2025-12-21,6:00,8,5035.9218
2025-12-21,6:00,9,2982.9037
2025-12-21,6:00,10,1376.7832
2025-12-21,6:00,11,0.0
2025-12-21,6:00,12,0.0
2025-12-21,6:00,13,0.0
2025-12-21,6:00,14,0.0
2025-12-21,6:00,15,0.0
2025-12-21,6:00,16,0.0
2025-12-21,6:00,17,0.0
2025-12-21,6:00,18,0.0
2025-12-21,6:00,19,0.0
2025-12-21,6:00,20,0.0
2025-12-21,6:00,21,0.0
2025-12-21,6:00,22,0.0
2025-12-21,6:00,23,0.0
2025-12-21,6:00,24,0.0
2025-12-21,12:00,1,5325.392
2025-12-21,12:00,2,4723.819
2025-12-21,12:00,3,2848.0195
2025-12-21,12:00,4,1350.0089
2025-12-21,12:00,5,0.0
2025-12-21,12:00,6,0.0
2025-12-21,12:00,7,0.0
2025-12-21,12:00,8,0.0
2025-12-21,12:00,9,0.0
2025-12-21,12:00,10,0.0
2025-12-21,12:00,11,0.0
2025-12-21,12:00,12,0.0
2025-12-21,12:00,13,0.0
2025-12-21,12:00,14,0.0
2025-12-21,12:00,15,0.0
2025-12-21,12:00,16,0.0
2025-12-21,12:00,17,0.0
2025-12-21,12:00,18,0.0
2025-12-21,12:00,19,0.0
2025-12-21,12:00,20,1188.9145
2025-12-21,12:00,21,2784.958
2025-12-21,12:00,22,4580.9193
2025-12-21,12:00,23,5262.5832
2025-12-21,12:00,24,5803.4881
2025-12-21,18:00,1,0.0
2025-12-21,18:00,2,0.0
2025-12-21,18:00,3,0.0
2025-12-21,18:00,4,0.0
2025-12-21,18:00,5,0.0
2025-12-21,18:00,6,0.0
2025-12-21,18:00,7,0.0
2025-12-21,18:00,8,0.0
2025-12-21,18:00,9,0.0
2025-12-21,18:00,10,0.0
2025-12-21,18:00,11,0.0
2025-12-21,18:00,12,0.0
2025-12-21,18:00,13,0.0
2025-12-21,18:00,14,1169.3179
2025-12-21,18:00,15,2660.3165
2025-12-21,18:00,16,4019.1485
2025-12-21,18:00,17,4730.8461
2025-12-21,18:00,18,6021.5378
2025-12-21,18:00,19,4933.3249
2025-12-21,18:00,20,4109.4466
2025-12-21,18:00,21,2506.4456
2025-12-21,18:00,22,1657.1781
2025-12-21,18:00,23,0.0
2025-12-21,18:00,24,0.0
2025-12-22,0:00,1,0.0
2025-12-22,0:00,2,0.0
2025-12-22,0:00,3,0.0
2025-12-22,0:00,4,0.0
2025-12-22,0:00,5,0.0
2025-12-22,0:00,6,0.0
2025-12-22,0:00,7,0.0
2025-12-22,0:00,8,1371.8815
2025-12-22,0:00,9,3168.1455
2025-12-22,0:00,10,4575.1928
2025-12-22,0:00,11,6053.3784
2025-12-22,0:00,12,6579.75
2025-12-22,0:00,13,5998.6273
2025-12-22,0:00,14,4799.4348
2025-12-22,0:00,15,3376.3039
2025-12-22,0:00,16,1474.8986
2025-12-22,0:00,17,0.0
2025-12-22,0:00,18,0.0
2025-12-22,0:00,19,0.0
2025-12-22,0:00,20,0.0
2025-12-22,0:00,21,0.0
2025-12-22,0:00,22,0.0
2025-12-22,0:00,23,0.0
2025-12-22,0:00,24,0.0
2025-12-22,6:00,1,0.0
2025-12-22,6:00,2,1397.8687
2025-12-22,6:00,3,3062.7401
2025-12-22,6:00,4,4692.4724
2025-12-22,6:00,5,5585.1122
2025-12-22,6:00,6,6047.487
2025-12-22,6:00,7,5743.7792
2025-12-22,6:00,8,5091.225
2025-12-22,6:00,9,3405.4534
2025-12-22,6:00,10,1635.3778
2025-12-22,6:00,11,0.0
2025-12-22,6:00,12,0.0
2025-12-22,6:00,13,0.0
2025-12-22,6:00,14,0.0
2025-12-22,6:00,15,0.0
2025-12-22,6:00,16,0.0
2025-12-22,6:00,17,0.0
2025-12-22,6:00,18,0.0
2025-12-22,6:00,19,0.0
2025-12-22,6:00,20,0.0
2025-12-22,6:00,21,0.0
2025-12-22,6:00,22,0.0
2025-12-22,6:00,23,0.0
2025-12-22,6:00,24,0.0
2025-12-22,12:00,1,5457.2907
2025-12-22,12:00,2,4778.4394
2025-12-22,12:00,3,3185.4582
2025-12-22,12:00,4,1511.6789
2025-12-22,12:00,5,0.0
2025-12-22,12:00,6,0.0
2025-12-22,12:00,7,0.0
2025-12-22,12:00,8,0.0
2025-12-22,12:00,9,0.0
2025-12-22,12:00,10,0.0
2025-12-22,12:00,11,0.0
2025-12-22,12:00,12,0.0
2025-12-22,12:00,13,0.0
2025-12-22,12:00,14,0.0
2025-12-22,12:00,15,0.0
2025-12-22,12:00,16,0.0
2025-12-22,12:00,17,0.0
2025-12-22,12:00,18,0.0
2025-12-22,12:00,19,0.0
2025-12-22,12:00,20,1425.7884
2025-12-22,12:00,21,3000.8541
2025-12-22,12:00,22,4556.7013
2025-12-22,12:00,23,4774.2828
2025-12-22,12:00,24,6579.75
2025-12-22,18:00,1,0.0
2025-12-22,18:00,2,0.0
2025-12-22,18:00,3,0.0
2025-12-22,18:00,4,0.0
2025-12-22,18:00,5,0.0
2025-12-22,18:00,6,0.0
2025-12-22,18:00,7,0.0
2025-12-22,18:00,8,0.0
2025-12-22,18:00,9,0.0
2025-12-22,18:00,10,0.0
2025-12-22,18:00,11,0.0
2025-12-22,18:00,12,0.0
2025-12-22,18:00,13,0.0
2025-12-22,18:00,14,1402.6315
2025-12-22,18:00,15,2735.8269
2025-12-22,18:00,16,3460.2612
2025-12-22,18:00,17,4055.8067
2025-12-22,18:00,18,5563.479
2025-12-22,18:00,19,5083.2724
2025-12-22,18:00,20,4384.9509
2025-12-22,18:00,21,2749.7882
2025-12-22,18:00,22,1704.1125
2025-12-22,18:00,23,0.0
2025-12-22,18:00,24,0.0
2025-12-23,0:00,1,0.0
2025-12-23,0:00,2,0.0
2025-12-23,0:00,3,0.0
2025-12-23,0:00,4,0.0
2025-12-23,0:00,5,0.0
2025-12-23,0:00,6,0.0
2025-12-23,0:00,7,0.0
2025-12-23,0:00,8,1476.3682
2025-12-23,0:00,9,2984.4407
2025-12-23,0:00,10,4265.284
2025-12-23,0:00,11,5117.0193
2025-12-23,0:00,12,5481.4892
2025-12-23,0:00,13,5876.1795
2025-12-23,0:00,14,5018.3987
2025-12-23,0:00,15,3180.8105
2025-12-23,0:00,16,1704.1125
2025-12-23,0:00,17,0.0
2025-12-23,0:00,18,0.0
2025-12-23,0:00,19,0.0
2025-12-23,0:00,20,0.0
2025-12-23,0:00,21,0.0
2025-12-23,0:00,22,0.0
2025-12-23,0:00,23,0.0
2025-12-23,0:00,24,0.0
2025-12-23,6:00,1,0.0
2025-12-23,6:00,2,1688.9874
2025-12-23,6:00,3,3335.9328
2025-12-23,6:00,4,4845.6971
2025-12-23,6:00,5,5580.3567
2025-12-23,6:00,6,6342.5002
2025-12-23,6:00,7,6127.7244
2025-12-23,6:00,8,5063.7698
2025-12-23,6:00,9,2971.5553
2025-12-23,6:00,10,1477.8494
2025-12-23,6:00,11,0.0
2025-12-23,6:00,12,0.0
2025-12-23,6:00,13,0.0
2025-12-23,6:00,14,0.0
2025-12-23,6:00,15,0.0
2025-12-23,6:00,16,0.0
2025-12-23,6:00,17,0.0
2025-12-23,6:00,18,0.0
2025-12-23,6:00,19,0.0
2025-12-23,6:00,20,0.0
2025-12-23,6:00,21,0.0
2025-12-23,6:00,22,0.0
2025-12-23,6:00,23,0.0
2025-12-23,6:00,24,0.0
2025-12-23,12:00,1,5804.9073
2025-12-23,12:00,2,4912.3718
2025-12-23,12:00,3,3144.1366
2025-12-23,12:00,4,1654.5775
2025-12-23,12:00,5,0.0
2025-12-23,12:00,6,0.0
2025-12-23,12:00,7,0.0
2025-12-23,12:00,8,0.0
2025-12-23,12:00,9,0.0
2025-12-23,12:00,10,0.0
2025-12-23,12:00,11,0.0
2025-12-23,12:00,12,0.0
2025-12-23,12:00,13,0.0
2025-12-23,12:00,14,0.0
2025-12-23,12:00,15,0.0
2025-12-23,12:00,16,0.0
2025-12-23,12:00,17,0.0
2025-12-23,12:00,18,0.0
2025-12-23,12:00,19,0.0
2025-12-23,12:00,20,1785.3
2025-12-23,12:00,21,3391.2006
2025-12-23,12:00,22,4518.4963
2025-12-23,12:00,23,6343.425
2025-12-23,12:00,24,5395.2527
2025-12-23,18:00,1,0.0
2025-12-23,18:00,2,0.0
2025-12-23,18:00,3,0.0
2025-12-23,18:00,4,0.0
2025-12-23,18:00,5,0.0
2025-12-23,18:00,6,0.0
2025-12-23,18:00,7,0.0
2025-12-23,18:00,8,0.0
2025-12-23,18:00,9,0.0
2025-12-23,18:00,10,0.0
2025-12-23,18:00,11,0.0
2025-12-23,18:00,12,0.0
2025-12-23,18:00,13,0.0
2025-12-23,18:00,14,1669.8643
2025-12-23,18:00,15,2896.5987
2025-12-23,18:00,16,4714.869
2025-12-23,18:00,17,6343.425
2025-12-23,18:00,18,6579.75
2025-12-23,18:00,19,6160.6125
2025-12-23,18:00,20,5091.225
2025-12-23,18:00,21,3748.875
2025-12-23,18:00,22,1667.6486
2025-12-23,18:00,23,0.0
2025-12-23,18:00,24,0.0
2025-12-24,0:00,1,0.0
2025-12-24,0:00,2,0.0
2025-12-24,0:00,3,0.0
2025-12-24,0:00,4,0.0
2025-12-24,0:00,5,0.0
2025-12-24,0:00,6,0.0
2025-12-24,0:00,7,0.0
2025-12-24,0:00,8,1591.6271
2025-12-24,0:00,9,3123.4349
2025-12-24,0:00,10,4172.7588
2025-12-24,0:00,11,5993.2319
2025-12-24,0:00,12,6579.75
2025-12-24,0:00,13,5664.433
2025-12-24,0:00,14,4295.6928
2025-12-24,0:00,15,3417.4161
2025-12-24,0:00,16,1317.0335
2025-12-24,0:00,17,0.0
2025-12-24,0:00,18,0.0
2025-12-24,0:00,19,0.0
2025-12-24,0:00,20,0.0
2025-12-24,0:00,21,0.0
2025-12-24,0:00,22,0.0
2025-12-24,0:00,23,0.0
2025-12-24,0:00,24,0.0
2025-12-24,6:00,1,0.0
2025-12-24,6:00,2,1597.167
2025-12-24,6:00,3,3021.0868
2025-12-24,6:00,4,4264.869
2025-12-24,6:00,5,5792.0863
2025-12-24,6:00,6,6379.4201
2025-12-24,6:00,7,5450.8359
2025-12-24,6:00,8,4542.0747
2025-12-24,6:00,9,3276.769
2025-12-24,6:00,10,1428.831
2025-12-24,6:00,11,0.0
2025-12-24,6:00,12,0.0
2025-12-24,6:00,13,0.0
2025-12-24,6:00,14,0.0
2025-12-24,6:00,15,0.0
2025-12-24,6:00,16,0.0
2025-12-24,6:00,17,0.0
2025-12-24,6:00,18,0.0
2025-12-24,6:00,19,0.0
2025-12-24,6:00,20,0.0
2025-12-24,6:00,21,0.0
2025-12-24,6:00,22,0.0
2025-12-24,6:00,23,0.0
2025-12-24,6:00,24,0.0
2025-12-24,12:00,1,5474.2328
2025-12-24,12:00,2,4492.098
2025-12-24,12:00,3,3428.9117
2025-12-24,12:00,4,1661.2078
2025-12-24,12:00,5,0.0
2025-12-24,12:00,6,0.0
2025-12-24,12:00,7,0.0
2025-12-24,12:00,8,0.0
2025-12-24,12:00,9,0.0
2025-12-24,12:00,10,0.0
2025-12-24,12:00,11,0.0
2025-12-24,12:00,12,0.0
2025-12-24,12:00,13,0.0
2025-12-24,12:00,14,0.0
2025-12-24,12:00,15,0.0
2025-12-24,12:00,16,0.0
2025-12-24,12:00,17,0.0
2025-12-24,12:00,18,0.0
2025-12-24,12:00,19,0.0
2025-12-24,12:00,20,1499.0757
2025-12-24,12:00,21,3729.0375
2025-12-24,12:00,22,5036.0625
2025-12-24,12:00,23,5995.7153
2025-12-24,12:00,24,6579.75
2025-12-24,18:00,1,0.0
2025-12-24,18:00,2,0.0
2025-12-24,18:00,3,0.0
2025-12-24,18:00,4,0.0
2025-12-24,18:00,5,0.0
2025-12-24,18:00,6,0.0
2025-12-24,18:00,7,0.0
2025-12-24,18:00,8,0.0
2025-12-24,18:00,9,0.0
2025-12-24,18:00,10,0.0
2025-12-24,18:00,11,0.0
2025-12-24,18:00,12,0.0
2025-12-24,18:00,13,0.0
2025-12-24,18:00,14,1538.148
2025-12-24,18:00,15,3723.2495
2025-12-24,18:00,16,4484.9486
2025-12-24,18:00,17,5547.5151
2025-12-24,18:00,18,4326.2867
2025-12-24,18:00,19,4781.2497
2025-12-24,18:00,20,3516.2152
2025-12-24,18:00,21,2756.7863
2025-12-24,18:00,22,1267.058
2025-12-24,18:00,23,0.0
2025-12-24,18:00,24,0.0
2025-12-25,0:00,1,0.0
2025-12-25,0:00,2,0.0
2025-12-25,0:00,3,0.0
2025-12-25,0:00,4,0.0
2025-12-25,0:00,5,0.0
2025-12-25,0:00,6,0.0
2025-12-25,0:00,7,0.0
2025-12-25,0:00,8,1597.0854
2025-12-25,0:00,9,3586.1551
2025-12-25,0:00,10,4947.856
2025-12-25,0:00,11,6110.9506
2025-12-25,0:00,12,6462.7903
2025-12-25,0:00,13,6160.6125
2025-12-25,0:00,14,5091.225
2025-12-25,0:00,15,3748.875
2025-12-25,0:00,16,1681.9222
2025-12-25,0:00,17,0.0
2025-12-25,0:00,18,0.0
2025-12-25,0:00,19,0.0
2025-12-25,0:00,20,0.0
2025-12-25,0:00,21,0.0
2025-12-25,0:00,22,0.0
2025-12-25,0:00,23,0.0
2025-12-25,0:00,24,0.0
2025-12-25,6:00,1,0.0
2025-12-25,6:00,2,1577.2651
2025-12-25,6:00,3,3597.4181
2025-12-25,6:00,4,4949.0493
2025-12-25,6:00,5,5968.7661
2025-12-25,6:00,6,5749.3178
2025-12-25,6:00,7,6139.0556
2025-12-25,6:00,8,5091.225
2025-12-25,6:00,9,3703.4215
2025-12-25,6:00,10,1704.1125
2025-12-25,6:00,11,0.0
2025-12-25,6:00,12,0.0
2025-12-25,6:00,13,0.0
2025-12-25,6:00,14,0.0
2025-12-25,6:00,15,0.0
2025-12-25,6:00,16,0.0
2025-12-25,6:00,17,0.0
2025-12-25,6:00,18,0.0
2025-12-25,6:00,19,0.0
2025-12-25,6:00,20,0.0
2025-12-25,6:00,21,0.0
2025-12-25,6:00,22,0.0
2025-12-25,6:00,23,0.0
2025-12-25,6:00,24,0.0
2025-12-25,12:00,1,5508.3945
2025-12-25,12:00,2,4572.9048
2025-12-25,12:00,3,3228.753
2025-12-25,12:00,4,1499.0115
2025-12-25,12:00,5,0.0
2025-12-25,12:00,6,0.0
2025-12-25,12:00,7,0.0
2025-12-25,12:00,8,0.0
2025-12-25,12:00,9,0.0
2025-12-25,12:00,10,0.0
2025-12-25,12:00,11,0.0
2025-12-25,12:00,12,0.0
2025-12-25,12:00,13,0.0
2025-12-25,12:00,14,0.0
2025-12-25,12:00,15,0.0
2025-12-25,12:00,16,0.0
2025-12-25,12:00,17,0.0
2025-12-25,12:00,18,0.0
2025-12-25,12:00,19,0.0
2025-12-25,12:00,20,1028.7785
2025-12-25,12:00,21,2696.5604
2025-12-25,12:00,22,5036.0625
2025-12-25,12:00,23,6343.425
2025-12-25,12:00,24,6242.9296
2025-12-25,18:00,1,0.0
2025-12-25,18:00,2,0.0
2025-12-25,18:00,3,0.0
2025-12-25,18:00,4,0.0
2025-12-25,18:00,5,0.0
2025-12-25,18:00,6,0.0
2025-12-25,18:00,7,0.0
2025-12-25,18:00,8,0.0
2025-12-25,18:00,9,0.0
2025-12-25,18:00,10,0.0
2025-12-25,18:00,11,0.0
2025-12-25,18:00,12,0.0
2025-12-25,18:00,13,0.0
2025-12-25,18:00,14,1623.6206
2025-12-25,18:00,15,3192.9053
2025-12-25,18:00,16,4513.4761
2025-12-25,18:00,17,6053.9131
2025-12-25,18:00,18,5337.284
2025-12-25,18:00,19,4099.2926
2025-12-25,18:00,20,3836.0178
2025-12-25,18:00,21,2286.8496
2025-12-25,18:00,22,1131.6815
2025-12-25,18:00,23,0.0
2025-12-25,18:00,24,0.0
2025-12-26,0:00,1,0.0
2025-12-26,0:00,2,0.0
2025-12-26,0:00,3,0.0
2025-12-26,0:00,4,0.0
2025-12-26,0:00,5,0.0
2025-12-26,0:00,6,0.0
2025-12-26,0:00,7,0.0
2025-12-26,0:00,8,1598.257
2025-12-26,0:00,9,3402.4154
2025-12-26,0:00,10,4911.997
2025-12-26,0:00,11,6343.425
2025-12-26,0:00,12,6374.3614
2025-12-26,0:00,13,5521.2006
2025-12-26,0:00,14,4574.0754
2025-12-26,0:00,15,3249.4287
2025-12-26,0:00,16,1475.8695
2025-12-26,0:00,17,0.0
2025-12-26,0:00,18,0.0
2025-12-26,0:00,19,0.0
2025-12-26,0:00,20,0.0
2025-12-26,0:00,21,0.0
2025-12-26,0:00,22,0.0
2025-12-26,0:00,23,0.0
2025-12-26,0:00,24,0.0
2025-12-26,6:00,1,0.0
2025-12-26,6:00,2,1486.4496
2025-12-26,6:00,3,3009.0992
2025-12-26,6:00,4,4569.8801
2025-12-26,6:00,5,6343.425
2025-12-26,6:00,6,6132.088
2025-12-26,6:00,7,5110.3254
2025-12-26,6:00,8,4983.1334
2025-12-26,6:00,9,3321.1507
2025-12-26,6:00,10,1580.807
2025-12-26,6:00,11,0.0
2025-12-26,6:00,12,0.0
2025-12-26,6:00,13,0.0
2025-12-26,6:00,14,0.0
2025-12-26,6:00,15,0.0
2025-12-26,6:00,16,0.0
2025-12-26,6:00,17,0.0
2025-12-26,6:00,18,0.0
2025-12-26,6:00,19,0.0
2025-12-26,6:00,20,0.0
2025-12-26,6:00,21,0.0
2025-12-26,6:00,22,0.0
2025-12-26,6:00,23,0.0
2025-12-26,6:00,24,0.0
2025-12-26,12:00,1,5159.7567
2025-12-26,12:00,2,4530.4246
2025-12-26,12:00,3,3128.4546
2025-12-26,12:00,4,1527.4704
2025-12-26,12:00,5,0.0
2025-12-26,12:00,6,0.0
2025-12-26,12:00,7,0.0
2025-12-26,12:00,8,0.0
2025-12-26,12:00,9,0.0
2025-12-26,12:00,10,0.0
2025-12-26,12:00,11,0.0
2025-12-26,12:00,12,0.0
2025-12-26,12:00,13,0.0
2025-12-26,12:00,14,0.0
2025-12-26,12:00,15,0.0
2025-12-26,12:00,16,0.0
2025-12-26,12:00,17,0.0
2025-12-26,12:00,18,0.0
2025-12-26,12:00,19,0.0
2025-12-26,12:00,20,1680.075
2025-12-26,12:00,21,3349.4001
2025-12-26,12:00,22,4735.4431
2025-12-26,12:00,23,6101.3511
2025-12-26,12:00,24,6579.75
2025-12-26,18:00,1,0.0
2025-12-26,18:00,2,0.0
2025-12-26,18:00,3,0.0
2025-12-26,18:00,4,0.0
2025-12-26,18:00,5,0.0
2025-12-26,18:00,6,0.0
2025-12-26,18:00,7,0.0
2025-12-26,18:00,8,0.0
2025-12-26,18:00,9,0.0
2025-12-26,18:00,10,0.0
2025-12-26,18:00,11,0.0
2025-12-26,18:00,12,0.0
2025-12-26,18:00,13,0.0
2025-12-26,18:00,14,1426.3869
2025-12-26,18:00,15,3119.3469
2025-12-26,18:00,16,5036.0625
2025-12-26,18:00,17,5112.6807
2025-12-26,18:00,18,5523.4108
2025-12-26,18:00,19,4890.6683
2025-12-26,18:00,20,3917.632
2025-12-26,18:00,21,2534.877
2025-12-26,18:00,22,1645.1795
2025-12-26,18:00,23,0.0
2025-12-26,18:00,24,0.0
2025-12-27,0:00,1,0.0
2025-12-27,0:00,2,0.0
2025-12-27,0:00,3,0.0
2025-12-27,0:00,4,0.0
2025-12-27,0:00,5,0.0
2025-12-27,0:00,6,0.0
2025-12-27,0:00,7,0.0
2025-12-27,0:00,8,1680.075
2025-12-27,0:00,9,3617.5089
2025-12-27,0:00,10,4562.1919
2025-12-27,0:00,11,5737.0699
2025-12-27,0:00,12,6269.0607
2025-12-27,0:00,13,4985.8742
2025-12-27,0:00,14,3958.1885
2025-12-27,0:00,15,3497.5958
2025-12-27,0:00,16,1505.997
2025-12-27,0:00,17,0.0
2025-12-27,0:00,18,0.0
2025-12-27,0:00,19,0.0
2025-12-27,0:00,20,0.0
2025-12-27,0:00,21,0.0
2025-12-27,0:00,22,0.0
2025-12-27,0:00,23,0.0
2025-12-27,0:00,24,0.0
2025-12-27,6:00,1,0.0
2025-12-27,6:00,2,1627.6205
2025-12-27,6:00,3,3242.6526
2025-12-27,6:00,4,4349.5476
2025-12-27,6:00,5,5490.3096
2025-12-27,6:00,6,6226.8292
2025-12-27,6:00,7,5444.5027
2025-12-27,6:00,8,4373.739
2025-12-27,6:00,9,3244.6578
2025-12-27,6:00,10,1502.1844
2025-12-27,6:00,11,0.0
2025-12-27,6:00,12,0.0
2025-12-27,6:00,13,0.0
2025-12-27,6:00,14,0.0
2025-12-27,6:00,15,0.0
2025-12-27,6:00,16,0.0
2025-12-27,6:00,17,0.0
2025-12-27,6:00,18,0.0
2025-12-27,6:00,19,0.0
2025-12-27,6:00,20,0.0
2025-12-27,6:00,21,0.0
2025-12-27,6:00,22,0.0
2025-12-27,6:00,23,0.0
2025-12-27,6:00,24,0.0
2025-12-27,12:00,1,5320.0421
2025-12-27,12:00,2,4149.5958
2025-12-27,12:00,3,3183.552
2025-12-27,12:00,4,1525.8926
2025-12-27,12:00,5,0.0
2025-12-27,12:00,6,0.0
2025-12-27,12:00,7,0.0
2025-12-27,12:00,8,0.0
2025-12-27,12:00,9,0.0
2025-12-27,12:00,10,0.0
2025-12-27,12:00,11,0.0
2025-12-27,12:00,12,0.0
2025-12-27,12:00,13,0.0
2025-12-27,12:00,14,0.0
2025-12-27,12:00,15,0.0
2025-12-27,12:00,16,0.0
2025-12-27,12:00,17,0.0
2025-12-27,12:00,18,0.0
2025-12-27,12:00,19,0.0
2025-12-27,12:00,20,1469.8438
2025-12-27,12:00,21,3101.7504
2025-12-27,12:00,22,4869.3633
2025-12-27,12:00,23,6236.7608
2025-12-27,12:00,24,5787.0039
2025-12-27,18:00,1,0.0
2025-12-27,18:00,2,0.0
2025-12-27,18:00,3,0.0
2025-12-27,18:00,4,0.0
2025-12-27,18:00,5,0.0
2025-12-27,18:00,6,0.0
2025-12-27,18:00,7,0.0
2025-12-27,18:00,8,0.0
2025-12-27,18:00,9,0.0
2025-12-27,18:00,10,0.0
2025-12-27,18:00,11,0.0
2025-12-27,18:00,12,0.0
2025-12-27,18:00,13,0.0
2025-12-27,18:00,14,1467.7691
2025-12-27,18:00,15,3642.0605
2025-12-27,18:00,16,5036.0625
2025-12-27,18:00,17,6343.425
2025-12-27,18:00,18,6579.75
2025-12-27,18:00,19,5981.55
2025-12-27,18:00,20,5091.225
2025-12-27,18:00,21,3748.875
2025-12-27,18:00,22,1671.3
2025-12-27,18:00,23,0.0
2025-12-27,18:00,24,0.0
2025-12-28,0:00,1,0.0
2025-12-28,0:00,2,0.0
2025-12-28,0:00,3,0.0
2025-12-28,0:00,4,0.0
2025-12-28,0:00,5,0.0
2025-12-28,0:00,6,0.0
2025-12-28,0:00,7,0.0
2025-12-28,0:00,8,1339.4719
2025-12-28,0:00,9,3413.8623
2025-12-28,0:00,10,4816.3971
2025-12-28,0:00,11,5835.2633
2025-12-28,0:00,12,6386.0699
2025-12-28,0:00,13,5491.1222
2025-12-28,0:00,14,4452.8035
2025-12-28,0:00,15,3478.7105
2025-12-28,0:00,16,1652.9181
2025-12-28,0:00,17,0.0
2025-12-28,0:00,18,0.0
2025-12-28,0:00,19,0.0
2025-12-28,0:00,20,0.0
2025-12-28,0:00,21,0.0
2025-12-28,0:00,22,0.0
2025-12-28,0:00,23,0.0
2025-12-28,0:00,24,0.0
2025-12-28,6:00,1,0.0
2025-12-28,6:00,2,1424.9536
2025-12-28,6:00,3,3251.4143
2025-12-28,6:00,4,4797.8714
2025-12-28,6:00,5,5602.5068
2025-12-28,6:00,6,5845.1896
2025-12-28,6:00,7,5893.6012
2025-12-28,6:00,8,5023.7548
2025-12-28,6:00,9,3728.3887
2025-12-28,6:00,10,1671.3
2025-12-28,6:00,11,0.0
2025-12-28,6:00,12,0.0
2025-12-28,6:00,13,0.0
2025-12-28,6:00,14,0.0
2025-12-28,6:00,15,0.0
2025-12-28,6:00,16,0.0
2025-12-28,6:00,17,0.0
2025-12-28,6:00,18,0.0
2025-12-28,6:00,19,0.0
2025-12-28,6:00,20,0.0
2025-12-28,6:00,21,0.0
2025-12-28,6:00,22,0.0
2025-12-28,6:00,23,0.0
2025-12-28,6:00,24,0.0
2025-12-28,12:00,1,5604.4117
2025-12-28,12:00,2,4977.4785
2025-12-28,12:00,3,3748.875
2025-12-28,12:00,4,1627.2054
2025-12-28,12:00,5,0.0
2025-12-28,12:00,6,0.0
2025-12-28,12:00,7,0.0
2025-12-28,12:00,8,0.0
2025-12-28,12:00,9,0.0
2025-12-28,12:00,10,0.0
2025-12-28,12:00,11,0.0
2025-12-28,12:00,12,0.0
2025-12-28,12:00,13,0.0
2025-12-28,12:00,14,0.0
2025-12-28,12:00,15,0.0
2025-12-28,12:00,16,0.0
2025-12-28,12:00,17,0.0
2025-12-28,12:00,18,0.0
2025-12-28,12:00,19,0.0
2025-12-28,12:00,20,1680.075
2025-12-28,12:00,21,3729.0375
2025-12-28,12:00,22,5036.0625
2025-12-28,12:00,23,6343.425
2025-12-28,12:00,24,6579.75
2025-12-28,18:00,1,0.0
2025-12-28,18:00,2,0.0
2025-12-28,18:00,3,0.0
2025-12-28,18:00,4,0.0
2025-12-28,18:00,5,0.0
2025-12-28,18:00,6,0.0
2025-12-28,18:00,7,0.0
2025-12-28,18:00,8,0.0
2025-12-28,18:00,9,0.0
2025-12-28,18:00,10,0.0
2025-12-28,18:00,11,0.0
2025-12-28,18:00,12,0.0
2025-12-28,18:00,13,0.0
2025-12-28,18:00,14,1680.075
2025-12-28,18:00,15,3729.0375
2025-12-28,18:00,16,4709.2901
2025-12-28,18:00,17,5346.2366
2025-12-28,18:00,18,5860.7146
2025-12-28,18:00,19,5797.7848
2025-12-28,18:00,20,5091.225
2025-12-28,18:00,21,3748.875
2025-12-28,18:00,22,1671.3
2025-12-28,18:00,23,0.0
2025-12-28,18:00,24,0.0
2025-12-29,0:00,1,0.0
2025-12-29,0:00,2,0.0
2025-12-29,0:00,3,0.0
2025-12-29,0:00,4,0.0
2025-12-29,0:00,5,0.0
2025-12-29,0:00,6,0.0
2025-12-29,0:00,7,0.0
2025-12-29,0:00,8,1680.075
2025-12-29,0:00,9,3729.0375
2025-12-29,0:00,10,5036.0625
2025-12-29,0:00,11,6343.425
2025-12-29,0:00,12,5757.0502
2025-12-29,0:00,13,5498.6958
2025-12-29,0:00,14,5066.05
2025-12-29,0:00,15,3382.2879
2025-12-29,0:00,16,1416.0314
2025-12-29,0:00,17,0.0
2025-12-29,0:00,18,0.0
2025-12-29,0:00,19,0.0
2025-12-29,0:00,20,0.0
2025-12-29,0:00,21,0.0
2025-12-29,0:00,22,0.0
2025-12-29,0:00,23,0.0
2025-12-29,0:00,24,0.0
2025-12-29,6:00,1,0.0
2025-12-29,6:00,2,1655.7087
2025-12-29,6:00,3,3676.8611
2025-12-29,6:00,4,4882.4519
2025-12-29,6:00,5,5344.918
2025-12-29,6:00,6,5171.4709
2025-12-29,6:00,7,4870.024
2025-12-29,6:00,8,4775.1745
2025-12-29,6:00,9,3257.9146
2025-12-29,6:00,10,1513.9741
2025-12-29,6:00,11,0.0
2025-12-29,6:00,12,0.0
2025-12-29,6:00,13,0.0
2025-12-29,6:00,14,0.0
2025-12-29,6:00,15,0.0
2025-12-29,6:00,16,0.0
2025-12-29,6:00,17,0.0
2025-12-29,6:00,18,0.0
2025-12-29,6:00,19,0.0
2025-12-29,6:00,20,0.0
2025-12-29,6:00,21,0.0
2025-12-29,6:00,22,0.0
2025-12-29,6:00,23,0.0
2025-12-29,6:00,24,0.0
2025-12-29,12:00,1,5011.0582
2025-12-29,12:00,2,4489.5967
2025-12-29,12:00,3,3074.7633
2025-12-29,12:00,4,1492.4443
2025-12-29,12:00,5,0.0
2025-12-29,12:00,6,0.0
2025-12-29,12:00,7,0.0
2025-12-29,12:00,8,0.0
2025-12-29,12:00,9,0.0
2025-12-29,12:00,10,0.0
2025-12-29,12:00,11,0.0
2025-12-29,12:00,12,0.0
2025-12-29,12:00,13,0.0
2025-12-29,12:00,14,0.0
2025-12-29,12:00,15,0.0
2025-12-29,12:00,16,0.0
2025-12-29,12:00,17,0.0
2025-12-29,12:00,18,0.0
2025-12-29,12:00,19,0.0
2025-12-29,12:00,20,1395.5955
2025-12-29,12:00,21,3179.2288
2025-12-29,12:00,22,5036.0625
2025-12-29,12:00,23,5113.6866
2025-12-29,12:00,24,6043.9965
2025-12-29,18:00,1,0.0
2025-12-29,18:00,2,0.0
2025-12-29,18:00,3,0.0
2025-12-29,18:00,4,0.0
2025-12-29,18:00,5,0.0
2025-12-29,18:00,6,0.0
2025-12-29,18:00,7,0.0
2025-12-29,18:00,8,0.0
2025-12-29,18:00,9,0.0
2025-12-29,18:00,10,0.0
2025-12-29,18:00,11,0.0
2025-12-29,18:00,12,0.0
2025-12-29,18:00,13,0.0
2025-12-29,18:00,14,1493.4509
2025-12-29,18:00,15,3084.7571
2025-12-29,18:00,16,5036.0625
2025-12-29,18:00,17,6176.8061
2025-12-29,18:00,18,6459.6775
2025-12-29,18:00,19,5981.55
2025-12-29,18:00,20,5091.225
2025-12-29,18:00,21,3213.3254
2025-12-29,18:00,22,1071.285
2025-12-29,18:00,23,0.0
2025-12-29,18:00,24,0.0
2025-12-30,0:00,1,0.0
2025-12-30,0:00,2,0.0
2025-12-30,0:00,3,0.0
2025-12-30,0:00,4,0.0
2025-12-30,0:00,5,0.0
2025-12-30,0:00,6,0.0
2025-12-30,0:00,7,0.0
2025-12-30,0:00,8,1540.161
2025-12-30,0:00,9,3366.041
2025-12-30,0:00,10,5036.0625
2025-12-30,0:00,11,6062.8381
2025-12-30,0:00,12,6037.542
2025-12-30,0:00,13,5584.2923
2025-12-30,0:00,14,4617.3106
2025-12-30,0:00,15,3358.3849
2025-12-30,0:00,16,1255.0043
2025-12-30,0:00,17,0.0
2025-12-30,0:00,18,0.0
2025-12-30,0:00,19,0.0
2025-12-30,0:00,20,0.0
2025-12-30,0:00,21,0.0
2025-12-30,0:00,22,0.0
2025-12-30,0:00,23,0.0
2025-12-30,0:00,24,0.0
2025-12-30,6:00,1,0.0
2025-12-30,6:00,2,1509.2056
2025-12-30,6:00,3,3071.0374
2025-12-30,6:00,4,4953.3667
2025-12-30,6:00,5,6035.1033
2025-12-30,6:00,6,6579.75
2025-12-30,6:00,7,5369.1715
2025-12-30,6:00,8,4403.2543
2025-12-30,6:00,9,2871.2879
2025-12-30,6:00,10,1314.6145
2025-12-30,6:00,11,0.0
2025-12-30,6:00,12,0.0
2025-12-30,6:00,13,0.0
2025-12-30,6:00,14,0.0
2025-12-30,6:00,15,0.0
2025-12-30,6:00,16,0.0
2025-12-30,6:00,17,0.0
2025-12-30,6:00,18,0.0
2025-12-30,6:00,19,0.0
2025-12-30,6:00,20,0.0
2025-12-30,6:00,21,0.0
2025-12-30,6:00,22,0.0
2025-12-30,6:00,23,0.0
2025-12-30,6:00,24,0.0
2025-12-30,12:00,1,5817.9672
2025-12-30,12:00,2,5091.225
2025-12-30,12:00,3,3587.2944
2025-12-30,12:00,4,1622.0687
2025-12-30,12:00,5,0.0
2025-12-30,12:00,6,0.0
2025-12-30,12:00,7,0.0
2025-12-30,12:00,8,0.0
2025-12-30,12:00,9,0.0
2025-12-30,12:00,10,0.0
2025-12-30,12:00,11,0.0
2025-12-30,12:00,12,0.0
2025-12-30,12:00,13,0.0
2025-12-30,12:00,14,0.0
2025-12-30,12:00,15,0.0
2025-12-30,12:00,16,0.0
2025-12-30,12:00,17,0.0
2025-12-30,12:00,18,0.0
2025-12-30,12:00,19,0.75
2025-12-30,12:00,20,1680.075
2025-12-30,12:00,21,3729.0375
2025-12-30,12:00,22,4701.0241
2025-12-30,12:00,23,5695.3119
2025-12-30,12:00,24,4752.0188
2025-12-30,18:00,1,0.0
2025-12-30,18:00,2,0.0
2025-12-30,18:00,3,0.0
2025-12-30,18:00,4,0.0
2025-12-30,18:00,5,0.0
2025-12-30,18:00,6,0.0
2025-12-30,18:00,7,0.0
2025-12-30,18:00,8,0.0
2025-12-30,18:00,9,0.0
2025-12-30,18:00,10,0.0
2025-12-30,18:00,11,0.0
2025-12-30,18:00,12,0.0
2025-12-30,18:00,13,0.75
2025-12-30,18:00,14,1441.7028
2025-12-30,18:00,15,2789.7622
2025-12-30,18:00,16,3383.1137
2025-12-30,18:00,17,4206.0932
2025-12-30,18:00,18,6207.6377
2025-12-30,18:00,19,5981.55
2025-12-30,18:00,20,5091.225
2025-12-30,18:00,21,3748.875
2025-12-30,18:00,22,1671.3
2025-12-30,18:00,23,0.7125
2025-12-30,18:00,24,0.0
2025-12-31,0:00,1,0.0
2025-12-31,0:00,2,0.0
2025-12-31,0:00,3,0.0
2025-12-31,0:00,4,0.0
2025-12-31,0:00,5,0.0
2025-12-31,0:00,6,0.0
2025-12-31,0:00,7,0.7285
2025-12-31,0:00,8,1617.7777
2025-12-31,0:00,9,3159.7665
2025-12-31,0:00,10,4228.7377
2025-12-31,0:00,11,4905.7524
2025-12-31,0:00,12,5200.4739
2025-12-31,0:00,13,5650.7144
2025-12-31,0:00,14,4995.7096
2025-12-31,0:00,15,3408.0726
2025-12-31,0:00,16,1671.3
2025-12-31,0:00,17,0.7125
2025-12-31,0:00,18,0.0
2025-12-31,0:00,19,0.0
2025-12-31,0:00,20,0.0
2025-12-31,0:00,21,0.0
2025-12-31,0:00,22,0.0
2025-12-31,0:00,23,0.0
2025-12-31,0:00,24,0.0
2025-12-31,6:00,1,0.75
2025-12-31,6:00,2,1647.3785
2025-12-31,6:00,3,3270.9671
2025-12-31,6:00,4,4404.5156
2025-12-31,6:00,5,5267.2424
2025-12-31,6:00,6,5786.0214
2025-12-31,6:00,7,5545.7211
2025-12-31,6:00,8,4558.8634
2025-12-31,6:00,9,3347.6259
2025-12-31,6:00,10,1671.3
2025-12-31,6:00,11,0.7125
2025-12-31,6:00,12,0.0
2025-12-31,6:00,13,0.0
2025-12-31,6:00,14,0.0
2025-12-31,6:00,15,0.0
2025-12-31,6:00,16,0.0
2025-12-31,6:00,17,0.0
2025-12-31,6:00,18,0.0
2025-12-31,6:00,19,0.0
2025-12-31,6:00,20,0.0
2025-12-31,6:00,21,0.0
2025-12-31,6:00,22,0.0
2025-12-31,6:00,23,0.0
2025-12-31,6:00,24,0.0
2025-12-31,12:00,1,5451.1096
2025-12-31,12:00,2,4476.087
2025-12-31,12:00,3,3156.9037
2025-12-31,12:00,4,1620.5626
2025-12-31,12:00,5,0.7002
2025-12-31,12:00,6,0.0
2025-12-31,12:00,7,0.0
2025-12-31,12:00,8,0.0
2025-12-31,12:00,9,0.0
2025-12-31,12:00,10,0.0
2025-12-31,12:00,11,0.0
2025-12-31,12:00,12,0.0
2025-12-31,12:00,13,0.0
2025-12-31,12:00,14,0.0
2025-12-31,12:00,15,0.0
2025-12-31,12:00,16,0.0
2025-12-31,12:00,17,0.0
2025-12-31,12:00,18,0.0
2025-12-31,12:00,19,0.6935
2025-12-31,12:00,20,1565.6777
2025-12-31,12:00,21,3314.4203
2025-12-31,12:00,22,4855.1079
2025-12-31,12:00,23,5448.9961
2025-12-31,12:00,24,6346.6737
2025-12-31,18:00,1,0.0
2025-12-31,18:00,2,0.0
2025-12-31,18:00,3,0.0
2025-12-31,18:00,4,0.0
2025-12-31,18:00,5,0.0
2025-12-31,18:00,6,0.0
2025-12-31,18:00,7,0.0
2025-12-31,18:00,8,0.0
2025-12-31,18:00,9,0.0
2025-12-31,18:00,10,0.0
2025-12-31,18:00,11,0.0
2025-12-31,18:00,12,0.0
2025-12-31,18:00,13,0.693
2025-12-31,18:00,14,1507.4644
2025-12-31,18:00,15,3729.0375
2025-12-31,18:00,16,5036.0625
2025-12-31,18:00,17,6222.8055
2025-12-31,18:00,18,6505.5081
2025-12-31,18:00,19,5981.55
2025-12-31,18:00,20,4577.1388
2025-12-31,18:00,21,2956.0866
2025-12-31,18:00,22,1671.3
2025-12-31,18:00,23,0.6958
2025-12-31,18:00,24,0.0
